file,7.1-1,7.1-2,7.1-3,7.1-5,7.2-19,7.2-20,7.2-27,7.2-29,7.15-1,7.18.1-2,7.18.4-1,7.18.4-2,7.18.5-1,7.20-2,7.21.4.1-1,7.21.4.1-2,7.21.4.2-2,7.21.5-1,7.21.7-1,7.21.7-2,7.21.8-1
FL688c.pdf,,,,,,,,O,,,,,,,,,,,,,
FL688v.pdf,,,,,,,,O,,,,,,,,,,,,,
adopt216s.pdf,,,,,,,,,,,,,,,,,,,O,,
adopt310v.pdf,,,,,,O,,O,,,,,,,,,,,,,
adopt330.pdf,O,O,,,O,,,,,,,,,,,,,,,,
adr103.pdf,O,O,,,O,,,,,,,,,,,,,,,,
adr104.pdf,O,O,,,O,,,,,,,,,,,,,,,,
adr106.pdf,O,O,,,O,,,,,,,,,,,,,,,,
app001infov.pdf,,,,,,O,,O,,,,,,,,,,,,,
at138.pdf,O,O,,,O,,,,,,,,,,,,,,,,
care060infov.pdf,,,,,,,,O,,,,,,,,,,,,,
care101.pdf,O,O,,,O,,,,,,,,,,,,,,,,
care101c.pdf,,,,O,,,,,,,,,,,,,,,,,
care102c.pdf,,,,O,,,,,,,,,,,,,,,,,
care103.pdf,O,O,,,O,,,,,,,,,,,,,,,,
care113c.pdf,,,,O,,,,,,,,,,,,,,,,,
care115.pdf,O,O,,,O,,,,,,,,,,,,,,O,,
care115c.pdf,,,,O,,,,,,,,,,,,,,,,,
care116.pdf,O,O,,,O,,,,,,,,,,,,,,,,
care116c.pdf,,,,O,,,,,,,,,,,,,,,,,
care119.pdf,,,,,,,,,,,,,,,,,,O,,,
care120.pdf,O,O,,,O,,,,,,,,,,,,,,,,
care120c.pdf,,,,O,,,,,,,,,,,,,,,,,
ch100v.pdf,,,,,,O,,O,,,,,,,,,,,,,
ch115c.pdf,,,,,,,,,,,,,,,O,,,,O,,
ch115infoc.pdf,,,,,,,,,,,,,,,O,,,,O,,
ch115infok.pdf,,,,,,O,,,,,,,,,O,,,,O,,
ch115k.pdf,,,,,,,,,,,,,,,O,,,,O,,
ch160c.pdf,,,,O,,O,,,,,,,,,,,,,,,
ch160infoc.pdf,,,,,,,,,,,,,,,O,,,,O,,
ch160infok.pdf,,,,,,,,,,,,,,,O,,,,O,,
ch165c.pdf,,,,O,,O,,,,,,,,,,,,,,,
ch170c.pdf,,,,O,,,,,,,,,,,,,,,,,
ch175c.pdf,,,,O,,O,,,,,,,,,,,,,,,
ch205info.pdf,O,O,,,,,,,,,,,,,,,,,O,,
ch250c.pdf,,,,,,,,,,,,,,,O,,,,O,,
ch250k.pdf,,,,,,,,,,,,,,,O,,,,O,,
ch700.pdf,O,O,,,O,,,,,,,,,,,,,,,,
ch700c.pdf,,,,,,,,,,,,,,,O,,,,O,,
ch700k.pdf,,,,,,,,,,,,,,,O,,,,O,,
ch710.pdf,O,O,,,O,,,,,,,,,,,,,,,,
ch710c.pdf,,,,,,,,,,,,,,,O,,,,O,,
ch710k.pdf,,,,,,O,,,,,,,,,O,,,,O,,
ch715.pdf,O,O,,,O,,,,,,,,,,,,,,,,
ch715c.pdf,,,,,,,,,,,,,,,O,,,,O,,
ch715k.pdf,,,,,,,,,,,,,,,O,,,,O,,
ch716.pdf,O,O,,,O,,,,,,,,,,,,,,,,
ch716c.pdf,,,,,,,,,,,,,,,O,,,,O,,
ch716k.pdf,,,,,,,,,,,,,,,O,,,,O,,
civ010.pdf,,,,,,,,,,,,,,,,,,O,,,
civ011.pdf,,,,,,,,,,,,,,,,,,O,,,
civ025.pdf,O,O,,,O,,,,,,,,,,,,,,,,
civ130.pdf,O,O,,,O,,,,,,,,,,,,,,,,
civ140.pdf,O,O,,,O,,,,,,,,,,,,,,,,
civ141.pdf,O,O,,,,,,,,,,,,,,,,,,,
civ150.pdf,O,O,,,O,,,,,,,,,,,,,,,,
civ151.pdf,O,O,,,O,,,,,,,,,,,,,,,,
civ152.pdf,O,O,,,O,,,,,,,,,,,,,,,,
civ153.pdf,O,O,,,O,,,,,,,,,,,,,,,,
civ160.pdf,O,O,,,O,,,,,,,,,,,,,,,,
civ161.pdf,O,O,,,O,,,,,,,,,,,,,,,,
civ165.pdf,O,O,,,O,,,,,,,,,,,,,,,,
civ170.pdf,O,O,,,O,,,,,,,,,,,,,,,,
cm110.pdf,O,O,,,O,,,,,,,,,,,,,,,,
cr101v.pdf,,,,,,,,O,,,,,,,,,,,,,
cr105.pdf,O,O,,,O,,,,,,,,,,,,,,,,
cr113.pdf,,,,,,,,,O,,,,,,,,,,,,
cr115c.pdf,,,,O,,O,,,,,,,,,,,O,,,,
cr117c.pdf,,,,O,,O,,,,,,,,,,,O,,,,
cr126.pdf,O,O,,,O,,,,,,,,,,,,,,,,
cr133.pdf,O,O,,,O,,,,,,,,,,,,,,,,
cr160v.pdf,,,,,,,,,,,,,,O,,,,,,,
cr161v.pdf,,,,,,,,,,,,,,O,,,,,,,
cr180.pdf,O,O,,,O,,,,,,,,,,,,,,,,
cr181.pdf,O,O,,,O,,,,,,,,,,,,,,,,
cr187.pdf,O,O,,,O,,,,,,,,,,,,,,,,
cr188.pdf,O,O,,,O,,,,,,,,,,,,,,,,
cr191.pdf,,,,,,,,,O,,,,,,,,,,,,
cr250.pdf,,,,,,,,,O,,,,,,,,,,,,
cr252.pdf,,,,,,,,,O,,,,,,,,,,,,
cr2901.pdf,,,,,,,,,,,,,,,O,,,,O,O,
cr320k.pdf,,,O,,,,,,,,,,,,,,,,,,
cr320v.pdf,,,,,,,,O,,,,,,,,,,,,,
cr321c.pdf,,,,,,O,,,,,,O,,,,,,,,,
cr321v.pdf,,,,,,O,,O,,,,O,,,,,,,,,
cr400.pdf,O,O,,,O,,,,,,,,,,,,,,,,
cr401.pdf,O,O,,,O,,,,,,,,,,,,,,,,
cr402.pdf,O,O,,,O,,,,,,,,,,,,,,,,
cr403.pdf,O,O,,,O,,,,,,,,,,,,,,,,
cr409.pdf,O,O,,,O,,,,,,,,,,,,,,,,
cr409c.pdf,,,,,,,,,,,,,,,O,,,,O,,
cr409info.pdf,O,O,,,O,,,,,,,,,,,,,,,,
cr409infoc.pdf,,,,,,,,,,,,,,,O,,,,O,,
cr409infok.pdf,,,,,,,,,,,,,,,O,,,,O,,
cr409k.pdf,,,,,,,,,,,,,,,O,,,,O,,
cr412.pdf,O,O,,,O,,,,,,,,,,,,,,,,
cr430.pdf,O,O,,,O,,,,,,,,,,,,,,,,
cr430info.pdf,O,O,,,O,,,,,,,,,,,,,,,,
cr432.pdf,O,O,,,O,,,,,,,,,,,,,,,,
de115.pdf,,,,,,,,,,,,,,,,,,O,,,
de154.pdf,,,,,O,,,,,,,,,,,,,O,,,
de300.pdf,,,,,O,,,,,,,,,,,,,O,,,
de305.pdf,,,,,O,,,,,,,,,,,,,O,,,
de310.pdf,,,,,O,,,,,,,,,,,,,O,,,
de315.pdf,,,,,O,,,,,,,,,,,,,O,,,
de350.pdf,,,,,,,,,,,,,,,,,,O,,,
disc001.pdf,O,O,,,O,,,,,,,,,,,,,,,,
disc010.pdf,O,O,,,O,,,,,,,,,,,,,,,,
dv100.pdf,,,,,O,,,,,,,,,,,,,,O,,
dv105ak.pdf,,,,O,,,,,,,,,,,,,,,,,
dv105av.pdf,,,,O,,,,,,,,,,,,,,,,,
dv109k.pdf,,,,O,,,,,,,,,,,,,,,,,
dv110k.pdf,,,,O,,,,,,,,,,,,,,,,,
dv115c.pdf,,,,,,,,,,,,,,,O,,,,O,,
dv115k.pdf,,,,,,,,,,,,,,,O,,,,O,,
dv116.pdf,,,,,O,,,,,,,,,,,,,,O,,
dv116c.pdf,,,,O,,O,,,,,,,,,,,,,,,
dv125c.pdf,,,,O,,O,,,,,,,,,,,,,,,
dv160c.pdf,,,,O,,O,,,,,,,,,,,,,,,
dv160infoc.pdf,,,,,,,,,,,,,,,O,,,,O,,
dv160infok.pdf,,,,,,,,,,,,,,,O,,,,O,,
dv165c.pdf,,,,O,,O,,,,,,,,,,,,,,,
dv165s.pdf,,,,O,,O,,,,,,,,,,,,,,,
dv170c.pdf,,,,O,,,,,,,,,,,,,,,,,
dv175c.pdf,,,,O,,O,,,,,,,,,,,,,,,
dv175s.pdf,,,,O,,O,,,,,,,,,,,,,,,
dv180.pdf,,,,,,,,,O,,,,,,,,,,,,
dv200c.pdf,,,,O,,O,,,,,,,,,,,,,,,
dv200infoc.pdf,,,,,,,,,,,,,,,O,,,,O,,
dv200infok.pdf,,,,,,,,,,,,,,,O,,,,O,,
dv205infoc.pdf,,,,,,,,,,,,,O,,O,,,,O,,
dv205infok.pdf,,,,,,,,,,,,,,,O,,,,O,,
dv205infos.pdf,,,,,,,,,,,,,O,,,,,,,,
dv210c.pdf,,,,,,,,,,,,,,,O,,,,O,,
dv210k.pdf,,,,,,,,,,,,,,,O,,,,O,,
dv250c.pdf,,,,,,,,,,,,,,,O,,,,O,,
dv250k.pdf,,,,,,,,,,,,,,,O,,,,O,,
dv300infov.pdf,,,,O,,,,,,,,,,,,,,,,,
dv316v.pdf,,,,O,,,,,,,,,,,,,,,,,
dv320c.pdf,,,,,,O,,,,,O,,,,,,,,,,
dv325k.pdf,,,,O,,,,,,,,,,,,,,,,,
dv400infoc.pdf,,,,,,,,,,,,,,O,,,,,,,
dv400infok.pdf,,,,,,,,,,,,,,O,,,,,,,
dv400infov.pdf,,,,,,,,,,,,,,O,,,,,,,
dv505info.pdf,,,,,,,,,,,,,,,,,,,O,,
dv520info.pdf,,,,,O,,,,,,,,,,,,,,O,,
dv700.pdf,O,O,,,O,,,,,,,,,,,,,,,,
dv700v.pdf,,,,,,O,,O,,,,,,,,,,,,,
dv710.pdf,O,O,,,O,,,,,,,,,,,,,,,,
dv710v.pdf,,,,,,O,,O,,,,,,,,,,,,,
dv715.pdf,O,O,,,O,,,,,,,,,,,,,,,,
dv715v.pdf,,,,,,O,,O,,,,,,,,,,,,,
dv716.pdf,O,O,,,O,,,,,,,,,,,,,,,,
dv716v.pdf,,,,,,O,,O,,,,,,,,,,,,,
dv720.pdf,O,O,,,O,,,,,,,,,,,,,,,,
dv720v.pdf,,,,,,O,,O,,,,,,,,,,,,,
dv730.pdf,O,O,,,O,,,,,,,,,,,,,,,,
dv730v.pdf,,,,,,,,O,,,,,,,,,,,,,
dv800c.pdf,,,,O,,O,,,,,,,,,,,,,,,
dv800info.pdf,,,,,O,,,,,,,,,,,,,,O,,
dv800infov.pdf,,,,,,,,O,,,,,,,,,,,,,
dv820c.pdf,,,,O,,,,,,,,,,,,,,,,,
dv830c.pdf,,,,O,,O,,,,,,,,,,,,,,,
dv840.pdf,O,O,,,O,,,,,,,,,,,,,,,,
dv840v.pdf,,,,,,O,,O,,,,,,,,,,,,,
dv850k.pdf,,,,,,,,,,O,,,,,,,,,,,
ea100infov.pdf,,,,,,,,O,,,,,,,,,,,,,
ea115c.pdf,,,,,,,,,,,,,,,O,,,,O,,
ea115infoc.pdf,,,,,,,,,,,,,,,O,,,,O,,
ea115infok.pdf,,,,,,,,,,,,,,,O,,,,O,,
ea115k.pdf,,,,,,,,,,,,,,,O,,,,O,,
ea200c.pdf,,,,O,,O,,,,,,,,,,,,,,,
ea200info.pdf,,,,,O,,,,,,,,,,,,,,,,O
ea260.pdf,O,O,,,O,,,,,,,,,,,,,,,,
ea309.pdf,O,O,,,O,,,,,,,,,,,,,,,,
ea309v.pdf,,,,,,,,O,,,,,,,,,,,,,
ea320c.pdf,,,,O,,,,,,,,,,,,,,,,,
ea330.pdf,O,O,,,O,,,,,,,,,,,,,,,,
ea330v.pdf,,,,,,,,O,,,,,,,,,,,,,
ea700.pdf,O,O,,,O,,,,,,,,,,,,,,,,
ea710.pdf,O,O,,,O,,,,,,,,,,,,,,,,
ea715.pdf,O,O,,,O,,,,,,,,,,,,,,,,
ea715c.pdf,,,,,,,,,,,,,,,O,,,,O,,
ea715k.pdf,,,,,,,,,,,,,,,O,,,,O,,
ea720.pdf,O,O,,,O,,,,,,,,,,,,,,,,
ea730.pdf,O,O,,,O,,,,,,,,,,,,,,,,
ej115.pdf,,,,,O,,,,,,,,,,,,,O,,,
ej125.pdf,O,O,,,O,,,,,,,,,,,,,,,,
ej140infoc.pdf,,,,,,,,O,,,,,,,,,,,,,
ej140infov.pdf,,,,,,,,O,,,,,,,,,,,,,
ej141.pdf,O,O,,,O,,,,,,,,,,,,,,,,
ej143.pdf,O,O,,,O,,,,,,,,,,,,,,,,
ej144.pdf,O,O,,,O,,,,,,,,,,,,,,,,
ej146.pdf,O,O,,,O,,,,,,,,,,,,,,,,
ej190.pdf,O,O,,,O,,,,,,,,,,,,,,,,
em100infok.pdf,,,,,,,,,,,,,,,,,,,O,,O
epo001.pdf,,,,,O,,,,,,,,,,,,,,O,,
epo002.pdf,,,,,O,,,,,,,,,,,,,O,,,
fl105c.pdf,,,,,,,,O,,,,,,,,,,,,,
fl105v.pdf,,,,,,,,O,,,,,,,,,,,,,
fl115s.pdf,,,,O,,O,,,,,,,,,,,,,,,
fl117s.pdf,,,,O,,,,,,,,,,,,,,,,,
fl140s.pdf,,,,,,,,,,,,,,,O,,,,O,,
fl150.pdf,O,O,,,O,,,,,,,,,,,,,,,,
fl150k.pdf,,,,,,,,,,,,O,,,,,,O,,,
fl150v.pdf,,,,,,,,O,,,,,,,,,,O,,,
fl157s.pdf,,,,O,,,,,,,,,,,,,,,,,
fl180c.pdf,,,,O,,O,,,,,,,,,,,,,,,
fl191v.pdf,,,,,,,,,,,,,,,,,,O,,,
fl192.pdf,,,,,O,,,,,,,,,,,,,,O,,
fl192c.pdf,,,,,,,,O,,,,,,,,,,,,,
fl192v.pdf,,,,,,,,O,,,,,,,,,,,,,
fl195.pdf,O,O,,,,,,,,,,,,,,,,,,,
fl195c.pdf,,,,O,,O,,,,,,,,,,,,,,,
fl195t.pdf,,,,O,,O,,,,,,,,,,,,,,,
fl196.pdf,O,O,,,O,,,,,,,,,,,,,,O,,
fl196c.pdf,,,,O,,,,,,,,,,,,,,,,,
fl196s.pdf,,,,O,,,,,,,,,,,,,,,,,
fl196t.pdf,,,,O,,,,,,,,,,,,,,,,,
fl235c.pdf,,,,O,,O,,,,,,,,,,,,,,,
fl250c.pdf,,,,O,,O,,,,,,,,,,,,,,,
fl300infok.pdf,,,,,,,,,,,,O,,,,,,,,,
fl300infov.pdf,,,,,,,,O,,,,,,,,,,,,,
fl302.pdf,O,O,,,O,,,,,,,,,,,,,,,,
fl302c.pdf,,,,,,,,O,,,,,,,,,,,,,
fl302v.pdf,,,,,,,,O,,,,,,,,,,,,,
fl305c.pdf,,,,O,,O,,,,,,,,,,,,,,,
fl311infov.pdf,,,,,,,,O,,,,,,,,,,,,,
fl320c.pdf,,,,,,,,O,,,,,,,,,,,,,
fl320infoc.pdf,,,,,,,,O,,,,,,,,,,,,,
fl320infov.pdf,,,,,,,,O,,,,,,,,,,,,,
fl320v.pdf,,,,,,,,O,,,,,,,,,,,,,
fl324.pdf,,,,,,,,,O,,,,,,,,,,,,
fl327as.pdf,,,,,,O,,,,,,O,,,,,,,,,
fl328.pdf,,,,,O,,,,,,,,,,,,,,O,,
fl328c.pdf,,,,,,O,,,,,,,,,O,,,,O,,
fl329.pdf,,,,,,,,,,,,,,,,,,,O,,
fl340c.pdf,,,,O,,,,,,,,,,,,,,,,,
fl341v.pdf,,,,,,,,O,,,,,,,,,,,,,
fl342.pdf,O,O,,,O,,,,,,,,,,,,,,,,
fl342c.pdf,,,,,,,,O,,,,,,,,,,,,,
fl342v.pdf,,,,,,,,O,,,,,,,,,,,,,
fl343s.pdf,,,,,,O,,,,,,O,,,,,,,,,
fl350c.pdf,,,,O,,O,,,,,,,,,,,,,,,
fl350t.pdf,,,,O,,O,,,,,,,,,,,,,,,
fl355v.pdf,,,,,,,,O,,,,,,,,,,,,,
fl410c.pdf,,,,O,,O,,,,,,,,,,,,,,,
fl411c.pdf,,,,,,,,O,,,,,,,,,,,,,
fl411v.pdf,,,,,,,,O,,,,,,,,,,,,,
fl478v.pdf,,,,,,,,,,,,,,,,,,O,,,
fl490.pdf,O,O,,,O,,,,,,,,,,,,,,,,
fl490v.pdf,,,,,,,,O,,,,,,,,,,,,,
fl541.pdf,O,O,,,O,,,,,,,,,,,,,,,,
fl600c.pdf,,,,,,,,O,,,,,,,,,,,,,
fl600v.pdf,,,,,,,,O,,,,,,,,,,,,,
fl610.pdf,O,O,,,O,,,,,,,,,,,,,,,,
fl610c.pdf,,,,,,,,O,,,,,,,,,,,,,
fl610v.pdf,,,,,,,,O,,,,,,,,,,,,,
fl611c.pdf,,,,O,,O,,,,,,,,,,,,,,,
fl611t.pdf,,,,O,,O,,,,,,,,,,,,,,,
fl616c.pdf,,,,,,,,O,,,,,,,,,,,,,
fl616v.pdf,,,,,,,,O,,,,,,,,,,,,,
fl625c.pdf,,,,O,,O,,,,,,,,,,,,,,,
fl625t.pdf,,,,O,,O,,,,,,,,,,,,,,,
fl630.pdf,O,O,,,O,,,,,,,,,,,,,,,,
fl630c.pdf,,,,,,,,O,,,,,,,,,,,,,
fl630v.pdf,,,,,,,,O,,,,,,,,,,,,,
fl632c.pdf,,,,,,,,O,,,,,,,,,,,,,
fl632info.pdf,,,,,,,,,,,,,,,,,,,O,,
fl632infoc.pdf,,,,,,,,O,,,,,,,,,,,,,
fl632infov.pdf,,,,,,,,O,,,,,,,,,,,,,
fl632s.pdf,,,,,,,,O,,,,,,,,,,,,,
fl632v.pdf,,,,,,,,O,,,,,,,,,,,,,
fl635c.pdf,,,,,,,,O,,,,,,,,,,,,,
fl635k.pdf,,,,,,,,O,,,,,,,,,,,,,
fl635v.pdf,,,,,,,,O,,,,,,,,,,,,,
fl640c.pdf,,,,,,,,O,,,,,,,,,,,,,
fl640infov.pdf,,,,,,,,O,,,,,,,,,,,,,
fl640v.pdf,,,,,,,,O,,,,,,,,,,,,,
fl643c.pdf,,,,,,,,O,,,,,,,,,,,,,
fl643v.pdf,,,,,,,,O,,,,,,,,,,,,,
fl663v.pdf,,,,,,,,,,,,,,,,,,O,,,
fl665.pdf,O,O,,,O,,,,,,,,,,,,,,,,
fl666c.pdf,,,,O,,,,,,,,,,,,,,,,,
fl666t.pdf,,,,O,,,,,,,,,,,,,,,,,
fl676.pdf,O,O,,,O,,,,,,,,,,,,,,,,
fl676info.pdf,O,O,,,O,,,,,,,,,,,,,,,,
fl676infov.pdf,,,,,,,,O,,,,,,,,,,,,,
fl676v.pdf,,,,,,,,O,,,,,,,,,,,,,
fl680v.pdf,,,,,,,,O,,,,,,,,,,,,,
fl681.pdf,,,,,,,,,,O,,,,,,,,,,,
fl683v.pdf,,,,,,,,O,,,,,,,,,,,,,
fl684c.pdf,,,,O,,O,,,,,,,,,,,,,,,
fl684t.pdf,,,,O,,O,,,,,,,,,,,,,,,
fl684v.pdf,,,,,,O,,O,,,,,,,,,,,,,
fl685v.pdf,,,,,,,,,,,,,,,,,,O,,,
fl687.pdf,O,O,,,O,,,,,,,,,,,,,,,,
fl692.pdf,O,O,,,O,,,,,,,,,,,,,,,,
fl693c.pdf,,,,,,,,O,,,,,,,,,,,,,
fl693v.pdf,,,,,,,,O,,,,,,,,,,,,,
fl694c.pdf,,O,,,,,,,,,,,,,,,,,,,
fl700infov.pdf,,,,,,,,O,,,,,,,,,,,,,
fl700v.pdf,,,,,,,,O,,,,,,,,,,,,,
fl710v.pdf,,,,,,,,O,,,,,,,,,,,,,
fl720v.pdf,,,,,,,,O,,,,,,,,,,,,,
fl800c.pdf,,,,,,,,,,,,,,,O,,,,O,,
fl800k.pdf,,,,,,,,,,,,,,,O,,,,O,,
fl810c.pdf,,,,O,,O,O,,,,,,,,O,,,,O,,
fl810k.pdf,,,,,,,,,,,,,,,O,,,,O,,
fl820c.pdf,,,,O,,O,,,,,,,,,,,,,,,
fl825c.pdf,,,,O,,O,,,,,,,,,,,,,,,
fl830s.pdf,,,,O,,,,,,,,,,,,,,,,,
fl840.pdf,O,O,,,O,,,,,,,,,,,,,,,,
fl840v.pdf,,,,,,O,,O,,,,,,,,,,,,,
fl935.pdf,,,,,,,,,,,,,,,,,,O,,,
fl936.pdf,,,,,,,,,,,,,,,,,,O,,,
fw001c.pdf,,,,,,,,O,,,,,,,,,,,,,
fw001gcc.pdf,,,,,,,,O,,,,,,,,,,,,,
fw001gcv.pdf,,,,,,,,O,,,,,,,,,,,,,
fw001infoc.pdf,,,,,O,,,O,,,,,,,O,,,,O,,O
fw001infok.pdf,,,,,O,,,,,,,,,,O,,,,O,,
fw001v.pdf,,,,,,,,O,,,,,,,,,,,,,
fw002.pdf,O,O,,,O,,,,,,,,,,,,,,,,
fw008.pdf,,,,,,,,,,,,,,,,,,O,,,
gc005.pdf,,,,,,,,,,,,,,,,,,O,,,
gc006.pdf,,,,,,,,,,,,,,,,,,O,,,
gc015.pdf,,,,,,,,,,,,,,,,,,O,,,
gc035.pdf,,,,,O,,,,,,,,,,,,,O,,,
gc079.pdf,,,,,O,,,,,,,,,,,,,O,,,
gc080.pdf,,,,,O,,,,,,,,,,,,,O,,,
gc100.pdf,,,,,,,,,,,,,,,,,,O,,,
gc120c.pdf,,,,,,,,O,,,,,,,,,,,,,
gc120v.pdf,,,,,,,,O,,,,,,,,,,,,,
gc205v.pdf,,,,,,,,,,,,,,,,,,,O,,
gc210c.pdf,,,,,,O,,,,,,,,,O,,,,O,,
gc210ca.pdf,,,,,O,,,,,,,,,,,,,O,,,
gc210pc.pdf,,,,,,,,,,,,,,O,O,,,,O,,
gc210pk.pdf,,,,,,,,,,,,,,O,,,,,,,
gc210ps.pdf,,,,,,,,,,,,,,O,,,,,,,
gc215.pdf,,,,,,,,,,,,,,,,,,O,,,
gc215c.pdf,,,,O,,O,,,,,,,,,,,,,,,
gc240c.pdf,,,,,,O,,,,,,,,,O,,,,O,,
gc240k.pdf,,,,,,,,,,,,,,O,,,,,,,
gc248c.pdf,,,,,,,,,,,,,,,O,,,,O,,
gc248k.pdf,,,,,,,,,,,,,,O,,,,,,,
gc310c.pdf,,,,,,,,,,,,,,,O,,,,O,,
gc310v.pdf,,,,,,,,O,,,,,,,,,,,,,
gc312.pdf,,,,,,,,,,,,,,,,,,O,,,
gc313.pdf,,,,,,,,,,,,,,,,,,O,,,
gc333.pdf,,,,,O,,,,,,,,,,,,,O,,,
gc334.pdf,,,,,O,,,,,,,,,,,,,O,,,
gc335c.pdf,,,,,,O,,O,,,,,,,,,,,,,
gc335v.pdf,,,,,,,,O,,,,,,,,,,,,,
gc340c.pdf,,,,,,,,,,,,,,O,O,,,,O,,
gc340v.pdf,,,,,,,,O,,,,,,,,,,,,,
gc341.pdf,,,,,O,,,,,,,,,,,,,O,,,
gc341ma.pdf,,,,,O,,,,,,,,,,,,,O,,,
gc341v.pdf,,,,,,,,O,,,,,,,,,,,,,
gc342.pdf,,,,,O,,,,,,,,,,,,,O,,,
gc366.pdf,,,,,O,,,,,,,,,,,,,O,,,
gc367.pdf,,,,,,,,,,,,,,,,,,O,,,
gc399.pdf,,,,,O,,,,,,,,,,,,,O,,,
gc410.pdf,,,,,,,,,,,,,,,,,,O,,,
gv009c.pdf,,,,O,,,,,,,,,,,,,,,,,
gv020c.pdf,,,,,,,,O,,,,,,,,,,,,,
gv020infoc.pdf,,,,,,,,O,,,,,,,,,,,,,
gv020infov.pdf,,,,,,,,O,,,,,,,,,,,,,
gv020v.pdf,,,,,,,,O,,,,,,,,,,,,,
gv030v.pdf,,,,,,,,O,,,,,,,,,,,,,
gv100c.pdf,,,,,,O,,O,,,,,,,,,,,,,
gv100infoc.pdf,,,,,,,,O,,,,,,,,,,,,,
gv100infov.pdf,,,,,,,,O,,,,,,,,,,,,,
gv100v.pdf,,,,,,,,O,,,,,,,,,,,,,
gv109c.pdf,,,,,,,,O,,,,,,,,,,,,,
gv109v.pdf,,,,,,,,O,,,,,,,,,,,,,
gv110v.pdf,,,,,,,,O,,,,,,,,,,,,,
gv115.pdf,O,O,,,O,,,,,,,,,,,,,,,,
gv115c.pdf,,,,,,,,,,,,,,,O,,,,O,,
gv115k.pdf,,,,,,,,,,,,,,,O,,,,O,,
gv116v.pdf,,,,,,,,O,,,,,,,,,,,,,
gv120c.pdf,,,,O,,,,,,,,,,,,,,,,,
gv120infoc.pdf,,,,,,,,O,,,,,,,,,,,,,
gv120infov.pdf,,,,,,,,O,,,,,,,,,,,,,
gv120k.pdf,,,,,,O,,O,,,,,,,,,,,,,
gv120v.pdf,,,,,,O,,O,,,,,,,,,,,,,
gv125c.pdf,,,,O,,O,,,,,,,,,,,,,,,
gv130v.pdf,,,,,,,,O,,,,,,,,,,,,,
gv600c.pdf,,,,,,O,,,,,,,,,O,,,,O,,
gv600k.pdf,,,,,,O,,,,,,,,,O,,,,O,,
gv610c.pdf,,,,,,O,,,,,,,,,O,,,,O,,
gv610k.pdf,,,,,,O,,,,,,,,,O,,,,O,,
gv620.pdf,O,O,,,O,,,,,,,,,,,,,,,,
gv620c.pdf,,,,,,,,,,,,,,,O,,,,O,,
gv620k.pdf,,,,,,,,,,,,,,,O,,,,O,,
gv630c.pdf,,,,,,O,,,,,,,,,O,,,,O,,
gv630k.pdf,,,,,,O,,,,,,,,,O,,,,O,,
gv700.pdf,O,O,,,O,,,,,,,,,,,,,,,,
gv700c.pdf,,,,,,,,,,,,,,,O,,,,O,,
gv700k.pdf,,,,,,,,,,,,,,,O,,,,O,,
gv710c.pdf,,,,O,,O,,,,,,,,,,,,,,,
gv715.pdf,O,O,,,O,,,,,,,,,,,,,,,,
gv715v.pdf,,,,,,O,,O,,,,,,,,,,,,,
gv716.pdf,O,O,,,O,,,,,,,,,,,,,,,,
gv716v.pdf,,,,,,O,,O,,,,,,,,,,,,,
gv730.pdf,O,O,,,O,,,,,,,,,,,,,,,,
gv730c.pdf,,,,O,,O,,,,,,,,,,,,,,,
gv800.pdf,O,O,,,O,,,,,,,,,,,,,,,,
gv800c.pdf,,,,O,,O,,,,,,,,,,,,,,,
jud100.pdf,O,O,,,O,,,,,,,,,,,,,,,,
jv050infoc.pdf,,,,,,,,,,,,,,,,,,,O,,
jv050infok.pdf,,,,,,,,,,,,,,,,,,,O,,
jv055c.pdf,,,,,,,,,,,,,,,,O,,O,,,
jv055cm.pdf,,,,,,,,,,,,,,,,O,,O,,,
jv055r.pdf,,,,,,,,,,,,,,,,O,,O,,,
jv060info.pdf,,,,,O,,,,,,,,,,,,,,O,,
jv132v.pdf,,,,,,,,O,,,,,,,,,,,,,
jv210.pdf,,,,,O,,,,,,,,,,,,,O,,,
jv210c.pdf,,,,O,,,,,,,,,,,,,,,,,
jv219info.pdf,,,,,,,,,O,,,,,,,,,,,,
jv227.pdf,,,,,,,,,O,,,,,,,,,,,,
jv245.pdf,,,,,O,,,,,,,,,,,,,,O,,
jv247c.pdf,,,,O,,O,,,,,,,,,,,,,,,
jv249c.pdf,,,,,,,,O,,,,,,,,,,,,,
jv249v.pdf,,,,,,,,O,,,,,,,,,,,,,
jv250c.pdf,,,,O,,O,,,,,,,,,,,,,,,
jv251.pdf,,,,,,,,,,,,,,,,,,,O,,
jv251c.pdf,,,,O,,O,,,,,,,,,,,,,,,
jv252c.pdf,,,,O,,O,,,,,,,,,,,O,,,,
jv253c.pdf,,,,O,,O,,,,,,,,,,,,,,,
jv255v.pdf,,,,,,,,O,,,,,,,,,,,,,
jv258.pdf,,,,,O,O,,,,,,,,,,,,,O,,
jv258c.pdf,,,,O,,O,,,,,,,,,,,,,,,
jv259v.pdf,,,,,,,,O,,,,,,,,,,,,,
jv260c.pdf,,,,O,,O,,,,,,,,,,,,,,,
jv265v.pdf,,,,,,,,O,,,,,,,,,,,,,
jv268c.pdf,,,,O,,O,,,,,,,,,,,,,,,
jv270c.pdf,,,,O,,O,,,,,,,,,,,,,,,
jv270info.pdf,,,,,O,,,,,,,,,,,,,,O,,
jv270infov.pdf,,,,,,,,O,,,,,,,,,,,,,
jv272c.pdf,,,,O,,,,,,,,,,,,,,,,,
jv274c.pdf,,,,O,,O,,,,,,,,,,,,,,,
jv290c.pdf,,,,,,,,,,,,,,,O,,,,O,,
jv290infoc.pdf,,,,,,,,,,,,,,,,,,,O,,
jv290infok.pdf,,,,,,,,,,,,,,,,,,,O,,
jv290k.pdf,O,O,,O,,O,,,,,,O,,,,,,,,,
jv290v.pdf,O,O,,O,,O,,O,,,,,,,,,,,,,
jv291infoc.pdf,,,,,,,,,,,,,,,O,,,,O,,
jv299c.pdf,,,,,,,,,,,,,,,,,,,O,,
jv299k.pdf,,,,,,,,,,,,,,,,,,,O,,
jv299s.pdf,,,,,,,,,,,,,,,,,,,O,,
jv320.pdf,,,,,O,,,,,,,,,,,,,O,,,
jv330.pdf,,,,,,,,,,,,,,,,,,O,,,
jv356.pdf,O,O,,,,,,,,,,,,,,,,,,,
jv362.pdf,O,O,,,O,,,,,,,,,,,,,,,,
jv363.pdf,O,O,,,O,,,,,,,,,,,,,,,,
jv365.pdf,O,O,,,O,,,,,,,,,,,,,,,,
jv418.pdf,,,,,,,,,,,,,,,,,,O,,,
jv535s.pdf,,,,O,,O,,,,,,,,,,,,,,,
jv536.pdf,,,,,,,,,O,,,,,,,,,,,,
jv537.pdf,,,,,,,,,O,,,,,,,,,,,,
jv538.pdf,,,,,,,,,O,,,,,,,,,,,,
jv539.pdf,,,,,,,,,O,,,,,,,,,,,,
jv540.pdf,,,,,,,,,O,,,,,,,,,,,,
jv591.pdf,,,,,,,,,,,,,,,,,,O,,,
jv688.pdf,,,,,,,,,O,,,,,,,,,,,,
jv710.pdf,O,O,,,,,,,,,,,,,,,,,,,
jv793.pdf,,,,,,,,,O,,,,,,,,,,,,
jv800c.pdf,,,,,,,,,,,,,,,O,,,,O,,
jv800k.pdf,,,,,,,,,,,,,,,O,,,,O,,
jv816.pdf,O,O,,,O,,,,,,,,,,,,,,,,
jv817.pdf,O,O,,,O,,,,,,,,,,,,,,,,
jv820c.pdf,,,,,,O,,,,,,,,,O,,,,O,,
jv820k.pdf,,,,,,,,,,,,,,,O,,,,O,,
jv915info.pdf,,,,,O,,,,,,,,,,,,,,O,,
la400c.pdf,,,,,,,,,,,,,,,O,,,,O,,
la400k.pdf,,,,,,,,,,,,,,,O,,,,O,,
la450c.pdf,,,,,,O,,,,,,,,,O,,,,O,,
la450k.pdf,,,,,,,,,,,,,,,O,,,,O,,
mc010.pdf,O,O,,,O,,,,,,,,,,,,,,,,
mc011.pdf,O,O,,,O,,,,,,,,,,,,,,,,
mc301k.pdf,,,,,,,,,,,,,,,,,,,O,,O
mc410c.pdf,,,,O,,O,,,,,,,,,,,,,,,
mc410s.pdf,,,,O,,O,,,,,,,,,,,,,,,
mc410v.pdf,,,,O,,O,,,,,,,,,,,,,,,
md109.pdf,,,,,,,,,,,,,,,,,,,O,,
mil020.pdf,O,O,,,O,,,,,,,,,,,,,,,,
mil100s.pdf,,,,O,,O,,,,,,,,,,,,,,,
mil100v.pdf,,,,,,,,O,,,,,,,,,,,,,
mil412.pdf,O,O,,,O,,,,,,,,,,,,,,,,
nc300.pdf,,,,,,,,,,,,,,,,,,O,,,
nc400infov.pdf,,,,,,,,O,,,,,,,,,,,,,
pld050.pdf,O,O,,,O,,,,,,,,,,,,,,,,
pldc001.pdf,O,O,,,O,,,,,,,,,,,,,,,,
pldpi001.pdf,O,O,,,O,,,,,,,,,,,,,,,,
pldpi002.pdf,O,O,,,O,,,,,,,,,,,,,,,,
ra010c.pdf,,,,O,,O,,,,,,,,,,,,,,,
ra015c.pdf,,,,O,,O,,,,,,,,,,,,,,,
ra020c.pdf,,,,O,,O,,,,,,,,,,,,,,,
ra025.pdf,,,,,O,,,,,,,,,,,,,O,,,
ra030.pdf,,,,,O,,,,,,,,,,,,,O,,,
rt100infov.pdf,,,,,,,,O,,,,,,,,,,,,,
rt120infov.pdf,,,,,,,,O,,,,,,,,,,,,,
sc100info.pdf,O,O,,,O,,,,,,,,,,,,,,,,
sc100infos.pdf,,,,O,,O,,,,,,,,,,,,,,,
sc101.pdf,O,O,,,O,,,,,,,,,,,,,,,,
sc104cv.pdf,,,,,,,,O,,,,,,,,,,,,,
sc130.pdf,O,O,,,O,,,,,,,,,,,,,,,,
sc134.pdf,O,O,,,O,,,,,,,,,,,,,,O,,
sc136infoc.pdf,,,,,,,,O,,,,,,,,,,,,,
sc136infov.pdf,,,,,,,,O,,,,,,,,,,,,,
sc200.pdf,O,O,,,O,,,,,,,,,,,,,,,,
sc200infov.pdf,,,,,,,,O,,,,,,,,,,,,,
sc220.pdf,O,O,,,O,,,,,,,,,,,,,,,,
sc224.pdf,O,O,,,O,,,,,,,,,,,,,,,,
sc500infos.pdf,,,,O,,,,,,,,,,,,,,,,,
ser001av.pdf,,,,,,,,O,,,,,,,,,,,,,
ser001v.pdf,,,,,,,,O,,,,,,,,,,,,,
sh020.pdf,,,,,O,,,,,,,,,,,,,O,,,
sh022.pdf,,,,,O,,,,,,,,,,,,,O,,,
sum100c.pdf,,,,,,,,,,,,,,,O,,,,O,,
sum130v.pdf,,,,,,,,O,,,,,,,,,,,,,
sv200info.pdf,,,,,O,,,,,,,,,,,,,,,,O
sv715v.pdf,,,,,,,,O,,,,,,,,,,,,,
sv716v.pdf,,,,,,,,O,,,,,,,,,,,,,
tr108.pdf,,,,,,,,,,,,,,,,,,,O,,
tr120.pdf,,,,,,,,,,,,,,,,,,,,,
tr200v.pdf,,,,,,,,O,,,,,,,,,,,,,
tr300s.pdf,,,,,,,,,,,,O,,,,,,,,,
tr310s.pdf,,,,,,,,,,,,O,,,,,,,,,
tr320k.pdf,,,O,,,,,,,,,,,,,,,,,,
tr320v.pdf,,,,,,,,O,,,,,,,,,,,,,
tr321c.pdf,,,,,,O,,,,,,O,,,,,,,,,
tr321v.pdf,,,,,,O,,O,,,,O,,,,,,,,,
ud110.pdf,O,O,,,O,,,,,,,,,,,,,,,,
ud155.pdf,O,O,,,O,,,,,,,,,,,,,,,,
wg002v.pdf,,,,,,,,O,,,,,,,,,,,,,
wg003v.pdf,,,,,,,,O,,,,,,,,,,,,,
wg004v.pdf,,,,,,,,O,,,,,,,,,,,,,
wg022v.pdf,,,,,,,,O,,,,,,,,,,,,,
wg030v.pdf,,,,,,,,O,,,,,,,,,,,,,
wv100infov.pdf,,,,,,,,O,,,,,,,,,,,,,
wv100v.pdf,,,,,,,,O,,,,,,,,,,,,,
wv109v.pdf,,,,,,,,O,,,,,,,,,,,,,
wv110v.pdf,,,,,,,,O,,,,,,,,,,,,,
wv115v.pdf,,,,,,,,O,,,,,,,,,,,,,
wv116v.pdf,,,,,,,,O,,,,,,,,,,,,,
wv120infov.pdf,,,,,,,,O,,,,,,,,,,,,,
wv120v.pdf,,,,,,,,O,,,,,,,,,,,,,
wv130v.pdf,,,,,,,,O,,,,,,,,,,,,,
wv200info.pdf,,,,,O,,,,,,,,,,,,,,,,O
wv610v.pdf,,,,,,,,O,,,,,,,,,,,,,
wv715c.pdf,,,,,,,,,,,,,,,O,,,,O,,
wv715k.pdf,,,,,,,,,,,,,,,O,,,,O,,
wv716c.pdf,,,,,,,,,,,,,,,O,,,,O,,
wv716k.pdf,,,,,,,,,,,,,,,O,,,,O,,
cr117.pdf,,,,,,,,,,,,,,,,,,,,,
cr130.pdf,,,,,,,,,,,,,,,,,,,,,
cr160t.pdf,,,,,,,,,,,,,,,,,,,,,
currentdollaramountsofexemptionsfromenforcementofjudgment.pdf,,,,,,,,,,,,,,,,,,,,,
dv210info.pdf,,,,,,,,,,,,,,,,,,,,,
dv510info.pdf,,,,,,,,,,,,,,,,,,,,,
dv530.pdf,,,,,,,,,,,,,,,,,,,,,
dv530c.pdf,,,,,,,,,,,,,,,,,,,,,
dv530k.pdf,,,,,,,,,,,,,,,,,,,,,
dv530s.pdf,,,,,,,,,,,,,,,,,,,,,
dv530v.pdf,,,,,,,,,,,,,,,,,,,,,
dv540info.pdf,,,,,,,,,,,,,,,,,,,,,
dv550.pdf,,,,,,,,,,,,,,,,,,,,,
dv550c.pdf,,,,,,,,,,,,,,,,,,,,,
dv550k.pdf,,,,,,,,,,,,,,,,,,,,,
dv550s.pdf,,,,,,,,,,,,,,,,,,,,,
dv550v.pdf,,,,,,,,,,,,,,,,,,,,,
dv720info.pdf,,,,,,,,,,,,,,,,,,,,,
dv810.pdf,,,,,,,,,,,,,,,,,,,,,
dv810c.pdf,,,,,,,,,,,,,,,,,,,,,
dv810k.pdf,,,,,,,,,,,,,,,,,,,,,
dv810s.pdf,,,,,,,,,,,,,,,,,,,,,
dv810v.pdf,,,,,,,,,,,,,,,,,,,,,
ea150info.pdf,,,,,,,,,,,,,,,,,,,,,
ea151info.pdf,,,,,,,,,,,,,,,,,,,,,
fl155s.pdf,,,,,,,,,,,,,,,,,,,,,
fl191s.pdf,,,,,,,,,,,,,,,,,,,,,
fl329info.pdf,,,,,,,,,,,,,,,,,,,,,
fl344s.pdf,,,,,,,,,,,,,,,,,,,,,
fl391.pdf,,,,,,,,,,,,,,,,,,,,,
fl393.pdf,,,,,,,,,,,,,,,,,,,,,
fl478info.pdf,,,,,,,,,,,,,,,,,,,,,
fl611.pdf,,,,,,,,,,,,,,,,,,,,,
fl626c.pdf,,,,,,,,,,,,,,,,,,,,,
fl626k.pdf,,,,,,,,,,,,,,,,,,,,,
fl626s.pdf,,,,,,,,,,,,,,,,,,,,,
fl626t.pdf,,,,,,,,,,,,,,,,,,,,,
fl626v.pdf,,,,,,,,,,,,,,,,,,,,,
fl634s.pdf,,,,,,,,,,,,,,,,,,,,,
fl663c.pdf,,,,,,,,,,,,,,,,,,,,,
fl663k.pdf,,,,,,,,,,,,,,,,,,,,,
fl663s.pdf,,,,,,,,,,,,,,,,,,,,,
fl663t.pdf,,,,,,,,,,,,,,,,,,,,,
fl_jv_memo.pdf,,,,,,,,,,,,,,,,,,,,,
gc205.pdf,,,,,,,,,,,,,,,,,,,,,
icwa030as.pdf,,,,,,,,,,,,,,,,,,,,,
in100.pdf,,,,,,,,,,,,,,,,,,,,,
in110.pdf,,,,,,,,,,,,,,,,,,,,,
in120.pdf,,,,,,,,,,,,,,,,,,,,,
int200.pdf,,,,,,,,,,,,,,,,,,,,,
jv120s.pdf,,,,,,,,,,,,,,,,,,,,,
jv122s.pdf,,,,,,,,,,,,,,,,,,,,,
jv123s.pdf,,,,,,,,,,,,,,,,,,,,,
jv124s.pdf,,,,,,,,,,,,,,,,,,,,,
jv125s.pdf,,,,,,,,,,,,,,,,,,,,,
jv126s.pdf,,,,,,,,,,,,,,,,,,,,,
jv127s.pdf,,,,,,,,,,,,,,,,,,,,,
jv128s.pdf,,,,,,,,,,,,,,,,,,,,,
jv129s.pdf,,,,,,,,,,,,,,,,,,,,,
jv140s.pdf,,,,,,,,,,,,,,,,,,,,,
jv150s.pdf,,,,,,,,,,,,,,,,,,,,,
jv219infos.pdf,,,,,,,,,,,,,,,,,,,,,
jv220s.pdf,,,,,,,,,,,,,,,,,,,,,
jv280s.pdf,,,,,,,,,,,,,,,,,,,,,
jv290info.pdf,,,,,,,,,,,,,,,,,,,,,
jv290infos.pdf,,,,,,,,,,,,,,,,,,,,,
jv290infov.pdf,,,,,,,,,,,,,,,,,,,,,
jv290s.pdf,,,,,,,,,,,,,,,,,,,,,
jv295s.pdf,,,,,,,,,,,,,,,,,,,,,
jv296s.pdf,,,,,,,,,,,,,,,,,,,,,
jv298s.pdf,,,,,,,,,,,,,,,,,,,,,
jv305s.pdf,,,,,,,,,,,,,,,,,,,,,
jv350.pdf,,,,,,,,,,,,,,,,,,,,,
jv500s.pdf,,,,,,,,,,,,,,,,,,,,,
jv501s.pdf,,,,,,,,,,,,,,,,,,,,,
jv505s.pdf,,,,,,,,,,,,,,,,,,,,,
jv520s.pdf,,,,,,,,,,,,,,,,,,,,,
jv536s.pdf,,,,,,,,,,,,,,,,,,,,,
jv537s.pdf,,,,,,,,,,,,,,,,,,,,,
jv539s.pdf,,,,,,,,,,,,,,,,,,,,,
jv565s.pdf,,,,,,,,,,,,,,,,,,,,,
jv567s.pdf,,,,,,,,,,,,,,,,,,,,,
jv570s.pdf,,,,,,,,,,,,,,,,,,,,,
jv610s.pdf,,,,,,,,,,,,,,,,,,,,,
jv611s.pdf,,,,,,,,,,,,,,,,,,,,,
jv620s.pdf,,,,,,,,,,,,,,,,,,,,,
jv826s.pdf,,,,,,,,,,,,,,,,,,,,,
publisherslistsupplemental.pdf,,,,,,,,,,,,,,,,,,,,,
tr200.pdf,,,,,,,,,,,,,,,,,,,,,
wv150info.pdf,,,,,,,,,,,,,,,,,,,,,
