Clause-Test,Total,alpine,appellate,butte,calaveras,colusa,contracosta,courts,delnorte,eldorado,fresno,glenn,humboldt,imperial,inyo,kern,kings,la,lake,lassen,madera,marin,mariposa,mendocino,merced,modoc,mono,monterey,napa,nccourt,oc,partners,plumas,sanbenito,santabarbara,santaclara,sc,sf,shasta,sierra,siskiyou,slo2,solano,sonoma,srl,stanislaus,supreme,sutter,tehama,trinity,tularesuperiorcourt,tuolumne,ventura,yuba
5-1,13912,10,21,3,3,0,348,7496,2,10,236,9,8,20,2,23,5,0,11,6,10,14,1,286,7,1,16,28,202,189,795,7,7,8,91,1132,7,64,173,6,0,22,142,273,1,119,2028,21,2,8,13,1,12,13
7.1-9,10819,10,19,3,2,0,346,4463,2,20,231,8,19,21,2,23,5,0,13,6,10,15,1,286,4,1,16,26,202,187,749,7,7,2,91,1118,6,61,173,6,0,20,142,255,1,115,2056,20,3,8,13,1,12,12
7.1-10,6317,0,0,5,0,3,2,6143,6,2,15,0,7,8,0,11,2,0,9,0,1,2,0,3,2,2,0,10,0,2,13,2,0,9,6,10,3,3,0,0,0,3,3,2,0,2,8,2,0,7,7,0,2,0
7.1-3,5382,1,2,6,3,0,7,5068,1,15,12,1,10,2,0,8,4,0,1,2,3,1,0,0,8,1,1,17,1,9,12,6,0,20,15,27,7,8,1,1,2,3,4,3,0,4,68,2,0,0,11,0,4,0
7.21.4.1-1,4730,1,11,1,4,3,9,3997,6,6,11,2,4,8,0,12,47,0,12,0,3,0,0,3,1,0,1,5,28,1,37,6,0,3,10,14,1,3,0,2,0,1,1,9,0,25,431,0,0,4,2,1,2,2
6.2-1,3454,0,0,0,0,0,2,3413,0,8,5,0,0,0,0,0,0,0,0,0,0,0,0,0,1,0,0,1,0,1,1,0,0,0,1,3,0,3,0,0,0,0,0,0,0,0,9,2,0,0,4,0,0,0
7.2-42,3417,0,0,6,9,3,14,3215,6,0,16,0,13,8,0,13,2,0,9,0,13,2,0,3,2,2,0,6,5,1,20,2,0,3,5,8,2,0,0,0,0,6,3,3,0,2,3,0,0,7,3,0,2,0
7.21.5-1,3411,2,11,216,0,2,29,305,0,27,20,7,3,3,1,10,2,79,141,31,14,19,2,2,2,2,2,43,34,2,74,65,0,755,0,10,1,76,2,5,4,2,3,22,9,37,110,3,0,1207,3,5,7,0
7.2-34,3058,0,0,0,0,0,1,3014,0,2,5,0,2,2,0,0,0,0,0,0,0,0,0,0,1,1,0,2,0,0,2,0,0,0,2,3,0,3,0,0,0,0,0,2,0,1,7,2,0,1,5,0,0,0
7.2-14,2364,0,4,13,20,0,391,432,0,136,2,1,5,11,1,3,21,7,1,6,47,20,3,55,33,0,3,27,36,11,77,13,2,11,55,86,35,175,4,3,0,3,3,255,0,67,219,14,4,5,38,1,5,0
7.2-33,2339,0,0,0,0,0,1,2313,0,1,1,0,0,2,0,0,0,0,0,0,0,0,0,0,1,0,0,1,0,0,1,0,0,0,2,2,0,3,0,0,0,0,0,0,0,1,5,0,0,0,5,0,0,0
7.18.5-1,2257,2,10,8,4,0,21,1343,0,9,1,1,2,2,0,6,2,16,2,12,9,2,0,1,4,0,0,27,8,6,30,15,0,11,18,68,7,49,0,0,1,12,4,5,0,27,497,2,0,2,1,4,6,0
7.1-5,2152,0,0,5,2,0,3,1870,0,0,6,0,2,3,0,8,2,1,0,0,1,0,0,0,0,0,0,17,0,8,98,1,1,3,8,11,2,11,15,0,3,16,24,11,0,3,4,0,1,4,8,0,0,0
7.1-11,2121,0,2,0,0,0,2,2080,0,8,5,1,0,0,0,0,0,0,0,2,0,0,0,0,1,0,0,0,0,1,2,1,0,0,0,3,0,3,0,0,0,0,0,5,0,0,2,2,0,0,0,1,0,0
7.2-2,2079,0,0,0,0,0,0,2053,0,0,0,0,0,2,0,0,0,0,0,0,0,0,0,0,0,1,0,2,0,0,1,0,0,0,2,2,0,0,0,0,0,0,0,2,0,1,7,0,0,1,5,0,0,0
7.18.1-2,1989,0,7,0,2,3,0,1707,0,8,6,0,3,3,0,2,2,1,0,0,27,0,0,2,5,1,1,9,1,1,13,3,0,2,18,80,4,3,0,0,0,5,12,2,0,12,18,0,1,3,18,0,4,0
7.18.5-2,1766,0,3,0,1,3,0,1674,0,0,3,0,2,3,0,0,0,1,0,0,0,0,0,2,3,1,0,7,0,0,7,2,0,0,18,10,3,3,0,0,0,0,3,1,0,2,10,0,0,3,1,0,0,0
7.21.4.2-2,1764,0,0,1,0,0,0,1722,0,3,0,0,1,3,0,2,2,0,0,0,1,2,0,0,0,0,0,4,0,0,5,2,0,2,0,2,1,0,0,0,0,1,0,0,0,1,7,0,0,0,1,0,1,0
7.21.7-1,1594,4,18,1,4,0,55,686,2,44,18,4,0,0,0,31,51,7,7,1,84,0,0,1,4,0,3,5,31,10,77,15,1,5,9,91,3,11,0,14,0,20,2,10,4,43,144,26,0,0,42,1,3,2
7.1-2,1284,1,1,7,7,0,12,1120,0,1,0,0,1,3,0,2,6,8,0,0,2,0,0,2,2,0,0,7,1,0,22,4,0,3,4,6,1,3,1,2,1,17,0,0,0,6,17,6,0,0,6,0,2,0
7.2-43,1282,0,0,0,11,0,374,849,0,0,1,0,3,2,0,1,2,0,0,0,5,1,1,0,0,1,0,4,0,0,11,2,0,2,2,0,1,0,0,0,0,1,0,0,0,1,3,0,0,0,2,0,2,0
7.1-1,1277,1,1,7,7,0,12,1115,0,1,0,0,1,3,0,1,6,8,0,0,2,0,0,2,2,0,0,7,1,0,22,4,0,3,4,6,1,3,1,2,1,17,0,0,0,6,16,6,0,0,6,0,2,0
7.3-1,1111,0,1,0,1,3,1,1024,0,0,3,0,5,2,0,8,2,0,0,0,1,0,0,0,4,0,0,8,0,0,10,2,0,5,1,9,4,3,0,0,0,1,3,0,0,0,2,0,0,7,0,0,1,0
7.1-8,1026,0,0,3,0,3,1,947,5,0,8,0,8,3,0,3,0,0,0,0,0,0,0,3,2,1,0,0,0,2,5,0,0,4,1,12,3,0,0,0,0,2,4,0,0,0,0,2,0,3,0,0,1,0
7.2-10,897,0,0,8,0,0,8,598,0,8,47,0,4,5,0,2,4,0,0,2,8,8,0,11,21,0,2,3,1,0,13,0,0,1,27,9,0,6,0,0,2,4,1,6,0,74,7,2,0,1,3,0,1,0
7.21.8-1,837,1,5,6,9,0,11,374,2,8,10,1,2,3,1,21,6,0,0,4,12,4,0,46,8,6,7,18,1,7,25,2,3,14,6,16,19,59,4,4,0,7,2,9,0,15,27,4,0,1,27,0,8,12
7.2-3,832,0,0,0,0,3,0,765,6,0,4,0,3,3,0,6,0,0,9,0,0,2,0,3,1,1,0,0,0,1,5,0,0,1,0,4,1,0,0,0,0,2,3,1,0,0,0,0,0,7,0,0,1,0
7.18.3-1,832,0,0,0,0,0,0,824,0,0,0,0,1,0,0,0,0,0,0,0,0,0,0,0,0,0,0,0,0,0,2,0,0,0,0,1,0,0,0,0,0,0,0,0,0,1,3,0,0,0,0,0,0,0
7.10-1,775,0,0,0,0,0,0,764,0,0,1,0,0,0,0,0,0,0,0,0,0,0,0,0,0,0,0,0,0,0,0,0,0,0,0,3,0,0,0,0,0,0,0,0,0,0,7,0,0,0,0,0,0,0
7.9-1,643,0,0,0,0,0,0,635,0,0,0,0,0,2,0,0,0,0,0,0,0,0,0,0,0,1,0,0,0,0,0,2,0,0,0,1,0,0,0,0,0,0,0,0,0,1,1,0,0,0,0,0,0,0
7.2-4,603,0,0,0,0,0,0,589,0,0,5,0,0,2,0,0,0,1,0,0,0,0,0,0,0,0,0,1,0,0,5,0,0,0,0,0,0,0,0,0,0,0,0,0,0,0,0,0,0,0,0,0,0,0
7.5-1,560,0,1,1,0,0,11,441,0,0,0,0,0,3,0,0,0,0,0,0,34,0,1,0,4,0,6,4,7,3,11,0,0,0,5,3,0,1,0,0,0,9,0,0,0,0,8,0,0,0,1,0,5,1
7.4.2-1,507,0,1,1,1,0,0,449,0,0,0,0,5,2,0,0,0,0,0,0,0,0,0,0,5,0,0,4,0,1,5,0,0,3,3,12,2,4,0,0,0,1,2,0,0,0,2,0,0,0,4,0,0,0
7.2-29,480,0,51,0,0,0,11,305,7,0,0,1,0,0,0,10,0,0,0,2,0,0,0,0,0,0,0,6,1,1,4,1,0,0,0,6,1,7,17,0,0,0,8,25,7,2,1,0,2,0,1,1,2,0
7.2-20,425,0,8,1,0,1,1,295,0,1,3,0,2,1,0,7,1,0,0,1,2,6,0,0,2,0,1,0,2,6,3,3,1,0,6,2,6,5,9,0,2,0,3,4,3,0,0,32,2,0,2,1,0,0
7.18.4-1,422,0,2,0,0,0,1,391,0,2,0,1,2,0,0,2,0,0,0,1,0,0,0,0,0,0,0,1,0,0,3,1,0,0,0,0,0,0,6,1,0,0,0,4,0,0,0,0,0,2,0,1,1,0
7.2-22,392,0,0,0,0,0,0,383,0,0,0,0,0,2,0,0,0,0,0,0,0,0,0,0,0,0,0,1,0,0,0,0,0,0,2,1,0,0,0,0,0,0,0,0,0,0,2,0,0,1,0,0,0,0
7.2-17,324,0,0,0,0,0,0,300,0,0,1,0,3,2,0,1,0,0,0,0,2,0,0,0,0,0,0,2,0,1,0,0,0,0,3,0,6,0,0,0,0,0,1,1,0,0,1,0,0,0,0,0,0,0
7.18.1-3,261,0,0,0,0,0,1,242,0,0,5,0,2,0,0,3,0,0,0,0,0,0,0,0,0,0,0,1,0,0,4,0,0,0,0,0,0,0,0,0,0,1,0,0,0,0,0,0,0,1,0,0,1,0
7.2-19,245,1,1,6,1,0,8,120,0,29,4,0,0,0,0,1,4,0,0,10,1,1,0,0,0,0,0,0,0,1,8,0,0,3,1,4,2,22,0,0,0,3,5,1,0,0,1,0,1,1,0,0,5,0
7.1-7,193,0,1,0,0,0,0,163,0,1,0,0,1,0,0,0,0,0,0,0,0,0,0,0,0,0,0,5,0,0,9,2,0,0,2,6,0,1,0,0,0,0,1,1,0,0,0,0,0,0,0,0,0,0
7.18.1-1,193,0,0,0,0,0,0,185,0,0,0,0,1,3,0,0,0,0,2,0,0,0,0,0,0,0,0,0,0,0,0,0,0,0,0,1,0,0,0,0,0,0,0,0,0,0,1,0,0,0,0,0,0,0
7.18.4-2,180,0,0,0,0,0,0,175,0,0,0,0,0,0,0,1,0,0,0,0,0,0,0,0,0,0,0,1,0,0,0,0,0,0,0,0,1,0,0,0,2,0,0,0,0,0,0,0,0,0,0,0,0,0
7.2-18,165,1,1,5,1,0,0,98,0,7,4,0,0,0,0,0,0,0,0,6,0,1,0,0,0,0,0,0,0,0,5,0,1,3,1,1,2,20,0,0,0,3,0,0,0,0,1,0,1,0,0,0,3,0
7.2-25,141,0,0,0,0,0,0,141,0,0,0,0,0,0,0,0,0,0,0,0,0,0,0,0,0,0,0,0,0,0,0,0,0,0,0,0,0,0,0,0,0,0,0,0,0,0,0,0,0,0,0,0,0,0
7.2-26,126,0,0,0,0,0,2,66,0,0,0,0,0,0,0,0,0,0,0,0,0,0,0,0,3,0,0,0,0,0,0,0,0,0,0,2,0,0,0,0,0,0,0,0,0,0,53,0,0,0,0,0,0,0
7.2-30,124,0,0,0,0,0,0,122,0,0,0,0,1,0,0,0,0,0,0,0,0,0,0,0,0,0,0,0,0,0,0,0,0,0,0,0,0,0,0,0,0,0,0,0,0,0,1,0,0,0,0,0,0,0
7.10-2,123,0,0,0,0,0,0,123,0,0,0,0,0,0,0,0,0,0,0,0,0,0,0,0,0,0,0,0,0,0,0,0,0,0,0,0,0,0,0,0,0,0,0,0,0,0,0,0,0,0,0,0,0,0
7.21.7-2,104,0,2,1,0,0,0,74,0,2,1,0,2,0,0,0,0,0,1,0,0,0,0,0,0,0,0,1,1,0,5,0,0,0,4,0,0,0,0,0,0,0,0,0,0,0,8,0,0,0,0,0,0,2
7.21.4.1-2,86,0,2,0,0,0,6,27,0,2,8,0,0,0,0,0,0,0,0,0,10,0,0,0,0,0,0,0,1,0,3,0,0,0,0,0,0,2,0,0,0,0,0,10,0,0,13,0,0,0,2,0,0,0
7.2-24,84,0,0,0,0,0,0,83,0,0,0,0,0,0,0,0,0,0,0,0,0,0,0,0,0,0,0,0,0,0,0,0,0,0,0,1,0,0,0,0,0,0,0,0,0,0,0,0,0,0,0,0,0,0
7.2-27,80,0,0,0,0,0,0,53,0,0,0,0,0,0,0,0,0,0,0,0,1,0,0,0,0,0,0,0,0,0,2,0,0,0,0,4,0,0,0,0,0,0,0,0,0,0,20,0,0,0,0,0,0,0
7.21.3.2-1,80,0,0,0,0,0,1,77,0,0,0,0,0,0,0,0,0,0,0,0,0,0,0,0,0,0,0,0,0,0,0,0,0,0,0,0,0,0,0,0,0,0,0,0,0,0,2,0,0,0,0,0,0,0
7.2-21,58,0,0,0,0,0,0,55,0,0,0,0,2,0,0,0,0,0,0,0,0,0,0,0,0,0,0,0,0,0,0,0,0,0,0,0,0,0,0,0,0,0,0,0,0,0,1,0,0,0,0,0,0,0
6.1-1,48,0,0,0,0,0,0,48,0,0,0,0,0,0,0,0,0,0,0,0,0,0,0,0,0,0,0,0,0,0,0,0,0,0,0,0,0,0,0,0,0,0,0,0,0,0,0,0,0,0,0,0,0,0
7.11-1,47,0,0,0,0,0,0,9,0,0,0,0,0,1,0,2,0,0,0,0,0,0,0,0,0,0,0,0,4,0,0,0,0,0,0,0,0,12,0,0,0,0,0,1,0,0,18,0,0,0,0,0,0,0
7.21.6-3,31,0,0,0,0,0,0,17,0,0,2,0,0,0,0,0,0,0,0,0,0,0,0,0,0,0,0,0,1,0,0,0,0,0,0,10,0,0,0,0,0,0,0,0,0,0,1,0,0,0,0,0,0,0
7.2-41,20,0,0,0,0,0,0,10,0,0,0,0,0,0,0,0,0,0,0,0,0,0,0,0,0,0,0,3,0,0,0,0,0,6,1,0,0,0,0,0,0,0,0,0,0,0,0,0,0,0,0,0,0,0
7.21.4.2-1,20,0,0,0,0,0,0,14,0,0,0,0,0,0,0,0,0,0,0,0,0,0,0,0,0,0,0,0,0,0,0,6,0,0,0,0,0,0,0,0,0,0,0,0,0,0,0,0,0,0,0,0,0,0
7.20-2,18,0,0,0,0,0,0,15,0,0,0,0,0,0,0,0,0,0,0,0,0,0,0,0,1,0,0,1,0,0,0,1,0,0,0,0,0,0,0,0,0,0,0,0,0,0,0,0,0,0,0,0,0,0
7.15-1,14,0,0,0,0,0,0,2,0,0,6,0,0,0,0,0,0,0,0,0,0,0,0,0,0,0,0,0,0,0,2,0,0,0,0,3,0,0,0,0,0,0,0,0,0,0,1,0,0,0,0,0,0,0
7.2-5,13,0,0,0,0,0,0,10,0,0,1,0,0,0,0,0,0,0,0,0,0,0,0,0,1,0,0,0,0,0,0,1,0,0,0,0,0,0,0,0,0,0,0,0,0,0,0,0,0,0,0,0,0,0
7.2-11,7,0,0,0,0,0,0,7,0,0,0,0,0,0,0,0,0,0,0,0,0,0,0,0,0,0,0,0,0,0,0,0,0,0,0,0,0,0,0,0,0,0,0,0,0,0,0,0,0,0,0,0,0,0
7.21.6-2,6,0,0,0,0,0,0,5,0,0,0,0,0,0,0,0,0,0,0,0,0,0,0,0,0,0,0,0,0,0,0,0,0,0,0,0,0,0,0,0,0,0,0,0,0,0,1,0,0,0,0,0,0,0
7.2-8,3,0,0,0,0,0,0,2,0,0,0,0,0,0,0,0,0,0,0,0,0,0,0,0,0,0,0,0,0,0,0,0,0,0,0,0,0,0,0,0,0,0,0,1,0,0,0,0,0,0,0,0,0,0
7.1-6,2,0,0,0,0,0,0,1,0,0,0,0,0,0,0,0,0,0,0,0,0,0,0,0,0,0,0,0,0,0,0,0,0,0,0,0,0,0,0,0,0,0,0,0,0,0,1,0,0,0,0,0,0,0
7.2-23,1,0,0,0,0,0,0,0,0,0,0,0,1,0,0,0,0,0,0,0,0,0,0,0,0,0,0,0,0,0,0,0,0,0,0,0,0,0,0,0,0,0,0,0,0,0,0,0,0,0,0,0,0,0
7.4.4-3,1,0,0,0,0,0,0,0,0,0,0,0,1,0,0,0,0,0,0,0,0,0,0,0,0,0,0,0,0,0,0,0,0,0,0,0,0,0,0,0,0,0,0,0,0,0,0,0,0,0,0,0,0,0
7.9-2,1,0,0,0,0,0,0,1,0,0,0,0,0,0,0,0,0,0,0,0,0,0,0,0,0,0,0,0,0,0,0,0,0,0,0,0,0,0,0,0,0,0,0,0,0,0,0,0,0,0,0,0,0,0
