path,page_count
/dv505infot.pdf,3
/fl120v.pdf,3
/sc136infoc.pdf,8
/dv505infoc.pdf,3
/care060infof.pdf,4
/fl273s.pdf,2
/fl120a.pdf,3
/ch200infov.pdf,2
/dv530infov.pdf,2
/fl330infov.pdf,1
/tr321s.pdf,2
/care119c.pdf,1
/dv710t.pdf,2
/sv716k.pdf,3
/dv710c.pdf,2
/gc240s.pdf,3
/jv790c.pdf,2
/fl335infok.pdf,1
/fw015infos.pdf,2
/wv716v.pdf,3
/fl100c.pdf,3
/jv792k.pdf,2
/jv268k.pdf,1
/dv730v.pdf,3
/fl694k.pdf,1
/ch116v.pdf,3
/dv315k.pdf,2
/dv250k.pdf,1
/la400p.pdf,1
/dv600k.pdf,2
/fw001s.pdf,2
/dv120infok.pdf,4
/dv180k.pdf,3
/ch175k.pdf,1
/ch100v.pdf,7
/fl680t.pdf,2
/dv160s.pdf,6
/cr410c.pdf,1
/fl680c.pdf,2
/fl320s.pdf,2
/app015infov.pdf,2
/wv100infoc.pdf,4
/fl840k.pdf,2
/fl635s.pdf,1
/ser001ak.pdf,3
/care102s.pdf,4
/ea100infok.pdf,3
/ch120c.pdf,5
/wg022k.pdf,2
/clets001c.pdf,2
/ea130s.pdf,8
/ea315infov.pdf,1
/ud110hs.pdf,2
/de310k.pdf,2
/clets001t.pdf,2
/ch710v.pdf,2
/jv250c.pdf,7
/dv320s.pdf,3
/dv840k.pdf,2
/epo002k.pdf,2
/fl211k.pdf,1
/fl130as.pdf,1
/wv110v.pdf,7
/fl643t.pdf,2
/care103v.pdf,1
/fl313infos.pdf,2
/fl643c.pdf,2
/ea320infoc.pdf,2
/dv300infot.pdf,3
/ch730c.pdf,1
/jv270v.pdf,3
/fl180k.pdf,2
/dv116c.pdf,3
/fl478t.pdf,2
/dv815c.pdf,1
/dv300infoc.pdf,3
/dv800infok.pdf,2
/jv123s.pdf,1
/rt100infos.pdf,2
/fl478c.pdf,2
/fl341bs.pdf,2
/jv820s.pdf,2
/ea200infos.pdf,2
/fl616k.pdf,2
/fl663v.pdf,2
/adopt203s.pdf,4
/fl160s.pdf,4
/fl530s.pdf,3
/wv130c.pdf,8
/dv100c.pdf,13
/gv109c.pdf,3
/dv100t.pdf,13
/la400f.pdf,1
/adopt215s.pdf,3
/fl250k.pdf,2
/fl600k.pdf,7
/ea715k.pdf,2
/ea330v.pdf,4
/dv570v.pdf,1
/care118f.pdf,1
/dv120v.pdf,8
/ea200k.pdf,2
/tr320v.pdf,4
/care115v.pdf,1
/fl340c.pdf,1
/gv715v.pdf,2
/fl342k.pdf,3
/mc410c.pdf,2
/care115c.pdf,1
/gv715c.pdf,2
/fl340v.pdf,1
/mc410v.pdf,2
/jv535as.pdf,3
/ea330c.pdf,4
/dv120t.pdf,8
/fl290s.pdf,1
/jv400s.pdf,2
/dv120c.pdf,8
/ud110s.pdf,2
/ra010s.pdf,3
/sv715s.pdf,2
/tr320c.pdf,4
/dv570c.pdf,1
/gc020s.pdf,2
/care118s.pdf,1
/jv050infocm.pdf,1
/jv217infos.pdf,2
/ea109k.pdf,3
/ch160s.pdf,6
/gc210cas.pdf,4
/dv316s.pdf,3
/dv175k.pdf,1
/dv100v.pdf,13
/cr112s.pdf,2
/gv109v.pdf,3
/la400s.pdf,1
/gv020s.pdf,3
/fl117s.pdf,1
/fl663c.pdf,2
/jv464infos.pdf,3
/gc348s.pdf,7
/wv130v.pdf,8
/fl663t.pdf,2
/fw001gcs.pdf,4
/ch730v.pdf,1
/dv116v.pdf,3
/jv270c.pdf,3
/dv300s.pdf,5
/dv815v.pdf,1
/jv270t.pdf,3
/wg002k.pdf,2
/dv300infov.pdf,3
/ea110s.pdf,7
/ch250k.pdf,1
/jv130infos.pdf,2
/fl478v.pdf,2
/jv272k.pdf,2
/fl140s.pdf,1
/wv110c.pdf,7
/care103c.pdf,1
/care101k.pdf,4
/ea320infov.pdf,2
/fl643v.pdf,2
/dal001k.pdf,2
/ea315infoc.pdf,1
/clets001v.pdf,2
/gc310k.pdf,8
/jv800s.pdf,2
/ch710c.pdf,2
/jv250v.pdf,7
/jv251s.pdf,2
/gv120infov.pdf,2
/epo001s.pdf,2
/ch120v.pdf,5
/dv140s.pdf,6
/adopt310c.pdf,2
/app015infoc.pdf,2
/wv100infov.pdf,4
/wv610k.pdf,2
/gc205infok.pdf,9
/fl357s.pdf,2
/care102f.pdf,4
/ch100c.pdf,7
/cr410v.pdf,1
/dv115infok.pdf,1
/fl680v.pdf,2
/jv590s.pdf,1
/adopt200k.pdf,5
/fl615s.pdf,5
/jv228infos.pdf,1
/fl300s.pdf,4
/icwa010as.pdf,1
/jv210s.pdf,2
/la400r.pdf,1
/dv730c.pdf,3
/ch116c.pdf,3
/fl300infok.pdf,4
/dv500infok.pdf,3
/dv101s.pdf,2
/cr164c.pdf,3
/dv730t.pdf,3
/fl100a.pdf,3
/wv716c.pdf,3
/fl100v.pdf,3
/dv530infoc.pdf,2
/fl330infoc.pdf,1
/ch200infoc.pdf,2
/de305s.pdf,2
/ea716s.pdf,3
/jv247s.pdf,4
/dv530infot.pdf,2
/dv710v.pdf,2
/fl120c.pdf,3
/sc136infov.pdf,8
/care060infos.pdf,4
/fl341s.pdf,4
/dv505infov.pdf,3
/jv180s.pdf,3
/mc410s.pdf,2
/jv249k.pdf,3
/care115f.pdf,1
/fl340s.pdf,1
/ra010v.pdf,3
/sv715v.pdf,2
/wv715k.pdf,2
/adopt215c.pdf,3
/cr187s.pdf,6
/gv109s.pdf,3
/la400v.pdf,1
/ch115k.pdf,2
/fw003gcs.pdf,3
/dv316v.pdf,3
/ch160v.pdf,6
/dv100s.pdf,13
/la400a.pdf,1
/tr300s.pdf,2
/em100infok.pdf,4
/ea309k.pdf,3
/gv110k.pdf,6
/wv130s.pdf,6
/gv020v.pdf,3
/fl323infok.pdf,2
/ea200infoc.pdf,2
/jv464infov.pdf,3
/adopt203c.pdf,4
/dv300infos.pdf,3
/ea110v.pdf,7
/rt100infoc.pdf,2
/fl478s.pdf,2
/fl676infok.pdf,2
/jv820c.pdf,2
/jv130infov.pdf,2
/fw001gcv.pdf,4
/de200s.pdf,1
/ch730s.pdf,1
/dv116s.pdf,3
/ch800k.pdf,3
/dv815s.pdf,1
/fl313infoc.pdf,2
/fl643s.pdf,2
/ea320infos.pdf,2
/jv352infok.pdf,11
/fl356s.pdf,2
/care103f.pdf,1
/jv250s.pdf,7
/jv600s.pdf,2
/dv320c.pdf,3
/gc220s.pdf,4
/clets001s.pdf,2
/ea130c.pdf,8
/jv800v.pdf,2
/dv320t.pdf,3
/ch120s.pdf,5
/jv552s.pdf,2
/epo001v.pdf,2
/dv140v.pdf,6
/gv120infos.pdf,2
/jv251v.pdf,2
/fl635c.pdf,1
/fl141s.pdf,1
/care102c.pdf,4
/care100k.pdf,5
/fl635t.pdf,1
/gv700k.pdf,2
/fl320c.pdf,2
/wv100infos.pdf,4
/cr410s.pdf,1
/icwa005infos.pdf,2
/fl680s.pdf,2
/jv505s.pdf,4
/wg003k.pdf,2
/icwa030as.pdf,1
/dv160c.pdf,6
/fw001c.pdf,2
/gc110ps.pdf,4
/dv101v.pdf,2
/jv265k.pdf,7
/mc410infok.pdf,3
/jv210v.pdf,2
/gc215k.pdf,2
/fw015infoc.pdf,2
/fl100s.pdf,3
/cr409k.pdf,2
/jv285s.pdf,2
/jv790s.pdf,2
/sum100k.pdf,1
/fl676k.pdf,2
/dv710s.pdf,2
/dv820k.pdf,2
/gc240c.pdf,3
/de305v.pdf,2
/ea716v.pdf,3
/jv247v.pdf,4
/tr321c.pdf,2
/care119s.pdf,1
/fl304infos.pdf,3
/sc136infos.pdf,8
/fl157s.pdf,7
/dv505infos.pdf,3
/care060infov.pdf,4
/fl341v.pdf,4
/gv716k.pdf,3
/care116k.pdf,1
/care060infoc.pdf,4
/fl120s.pdf,3
/fl570s.pdf,1
/jv245k.pdf,7
/gc240v.pdf,3
/dv530infos.pdf,2
/ch200infos.pdf,2
/care119f.pdf,1
/de305c.pdf,2
/jv247c.pdf,4
/ea716c.pdf,3
/tr321v.pdf,2
/fw015infov.pdf,2
/wv716s.pdf,3
/ser001k.pdf,5
/care050infok.pdf,7
/dv101c.pdf,2
/cr164s.pdf,3
/jv210c.pdf,2
/dv730s.pdf,3
/ch116s.pdf,3
/dv800k.pdf,3
/care120k.pdf,2
/gv720k.pdf,2
/fl300c.pdf,4
/fl302k.pdf,5
/fw001v.pdf,2
/fl618s.pdf,1
/ch100s.pdf,7
/jv122s.pdf,1
/fl341cs.pdf,2
/dv115k.pdf,2
/dv160v.pdf,6
/fl210k.pdf,2
/fl635v.pdf,1
/fl640k.pdf,2
/fl107infok.pdf,2
/fl355k.pdf,2
/fl320v.pdf,2
/app015infos.pdf,2
/epo001c.pdf,2
/dv140c.pdf,6
/jv253k.pdf,3
/jv251c.pdf,2
/epo001t.pdf,2
/dv140t.pdf,7
/ch710s.pdf,2
/gc312s.pdf,4
/dv320v.pdf,3
/dv210k.pdf,2
/ea315infos.pdf,1
/ea130v.pdf,8
/jv800c.pdf,2
/fl313infov.pdf,2
/fl634s.pdf,2
/gv130k.pdf,7
/wv110s.pdf,6
/care103s.pdf,1
/rt100infov.pdf,2
/fl683k.pdf,1
/ea110c.pdf,7
/jv820v.pdf,2
/jv130infoc.pdf,2
/dv300t.pdf,5
/fw001gcc.pdf,4
/jv270s.pdf,3
/jv620s.pdf,1
/dv300c.pdf,5
/gv020c.pdf,3
/ea200infov.pdf,2
/fl663s.pdf,2
/jv464infoc.pdf,3
/cr112c.pdf,2
/dv316t.pdf,3
/la400c.pdf,1
/ch160c.pdf,6
/dv316c.pdf,3
/cr110k.pdf,2
/fw016s.pdf,1
/fl800k.pdf,2
/ch100infok.pdf,3
/jv217infoc.pdf,2
/dv120s.pdf,8
/sv715c.pdf,2
/ra010c.pdf,3
/tr320s.pdf,3
/dv570s.pdf,1
/care118c.pdf,1
/wv109k.pdf,3
/care115s.pdf,1
/int300tg.pdf,2
/fl272s.pdf,2
/cr409infov.pdf,2
/care113c.pdf,1
/wv120infok.pdf,2
/fl150s.pdf,4
/fl445s.pdf,3
/care111k.pdf,1
/ea115infov.pdf,1
/fl626k.pdf,4
/cr141infos.pdf,8
/gv100infok.pdf,3
/ea120infoc.pdf,2
/cr415infos.pdf,4
/ch700c.pdf,1
/wg030v.pdf,2
/app001infok.pdf,16
/gv030s.pdf,5
/wv120v.pdf,5
/jv260c.pdf,6
/gc210c.pdf,3
/dv310s.pdf,3
/dv805v.pdf,1
/ea100s.pdf,10
/sc200infoc.pdf,2
/ea316v.pdf,3
/fl192v.pdf,3
/jv214infok.pdf,2
/fl314infoc.pdf,2
/fl688k.pdf,2
/fl235c.pdf,1
/int300c.pdf,2
/nc400infos.pdf,2
/fl687s.pdf,3
/fl640infot.pdf,3
/gc341k.pdf,4
/ch170s.pdf,1
/dv110v.pdf,9
/dv165k.pdf,6
/fl640infoc.pdf,3
/fl320infov.pdf,3
/jv299c.pdf,2
/cr102s.pdf,4
/jv274k.pdf,2
/dv520infov.pdf,4
/ea300v.pdf,5
/wg004k.pdf,2
/ea116s.pdf,3
/mil100s.pdf,2
/wv116c.pdf,3
/fl350v.pdf,3
/fl632c.pdf,3
/fl630k.pdf,4
/care107k.pdf,1
/ea320c.pdf,3
/fl280s.pdf,2
/dv160infos.pdf,4
/dv130t.pdf,11
/jv410s.pdf,6
/dv901v.pdf,1
/ch716c.pdf,3
/dv130c.pdf,11
/dv900s.pdf,2
/dv630k.pdf,2
/gc206infos.pdf,5
/jv257s.pdf,2
/gc207infos.pdf,11
/de315s.pdf,1
/dv700v.pdf,4
/dv325k.pdf,3
/ej130v.pdf,3
/fl478infos.pdf,1
/jv258k.pdf,5
/jv200s.pdf,4
/dv720c.pdf,3
/dv105ak.pdf,1
/gc335s.pdf,6
/dv720t.pdf,3
/ch115infos.pdf,1
/fl490s.pdf,1
/fl110a.pdf,2
/fl306s.pdf,2
/jv129s.pdf,1
/fl110v.pdf,2
/gc210pv.pdf,4
/gv115c.pdf,2
/jv132c.pdf,3
/ch110c.pdf,7
/cr160k.pdf,5
/cr115v.pdf,2
/cr162c.pdf,2
/fl940v.pdf,1
/jv580s.pdf,1
/adopt210k.pdf,3
/gv200infos.pdf,2
/dv108k.pdf,2
/cr180s.pdf,3
/fl310s.pdf,1
/jv611s.pdf,1
/la450v.pdf,1
/dv716v.pdf,3
/ch130v.pdf,8
/dv150s.pdf,5
/la450a.pdf,1
/gv620s.pdf,2
/ea300infok.pdf,2
/ea800infoc.pdf,1
/fl625s.pdf,4
/adopt230k.pdf,2
/ea800infov.pdf,1
/dv716t.pdf,3
/la450c.pdf,1
/dv716c.pdf,3
/ch130c.pdf,8
/ra015k.pdf,2
/fl940c.pdf,1
/gv250s.pdf,1
/dv205infos.pdf,3
/fw011s.pdf,1
/fl411k.pdf,1
/gdc001s.pdf,2
/ch110v.pdf,7
/ch165k.pdf,6
/cr115c.pdf,2
/dv170s.pdf,1
/cr162v.pdf,2
/ea800k.pdf,3
/cr117k.pdf,2
/gc211s.pdf,1
/ch120infos.pdf,2
/fw007s.pdf,1
/jv326infoc.pdf,1
/dv700infok.pdf,3
/gc210pc.pdf,4
/fl110c.pdf,2
/gv115v.pdf,2
/jv298s.pdf,1
/fl684k.pdf,2
/dv720v.pdf,3
/dv305k.pdf,4
/ea115k.pdf,2
/cr101k.pdf,8
/fl632infok.pdf,2
/ej130c.pdf,3
/jv060infos.pdf,9
/jv735s.pdf,2
/dv700t.pdf,4
/jv535infos.pdf,2
/jv365s.pdf,3
/dv700c.pdf,4
/gc250s.pdf,2
/tr200k.pdf,1
/ea320v.pdf,3
/dv901c.pdf,1
/ch716v.pdf,3
/dv130v.pdf,11
/gv009k.pdf,1
/dv145k.pdf,2
/wv116v.pdf,3
/fl632v.pdf,3
/fl350c.pdf,3
/fl350t.pdf,3
/dv520infot.pdf,4
/ra020s.pdf,1
/dv110c.pdf,9
/fl320infoc.pdf,3
/jv299v.pdf,2
/dv112k.pdf,1
/dv520infoc.pdf,4
/fl341ds.pdf,2
/ea300c.pdf,5
/jv826s.pdf,1
/gc505s.pdf,2
/fl640infov.pdf,3
/jv575s.pdf,1
/jv270infos.pdf,2
/jv125s.pdf,1
/dv110t.pdf,9
/ch800infos.pdf,1
/fl610k.pdf,3
/fl235v.pdf,1
/fl314infov.pdf,2
/int300v.pdf,2
/fl305k.pdf,2
/jv260v.pdf,6
/dv805c.pdf,1
/gc210v.pdf,3
/sc200infov.pdf,2
/ea316c.pdf,3
/fl192c.pdf,3
/wv120c.pdf,5
/fl170s.pdf,3
/ea120infov.pdf,3
/ea120s.pdf,5
/dv105infok.pdf,3
/de300k.pdf,1
/adopt050infok.pdf,6
/ch700v.pdf,1
/wg030c.pdf,2
/dv850k.pdf,2
/dv330s.pdf,3
/cr409infoc.pdf,2
/wv100v.pdf,7
/care113v.pdf,1
/ea115infoc.pdf,1
/gv620c.pdf,2
/fl625v.pdf,4
/ea800infos.pdf,1
/dv150c.pdf,5
/jv535s.pdf,2
/dv200infok.pdf,2
/dv150t.pdf,5
/la450f.pdf,1
/gdc001v.pdf,2
/gv250v.pdf,1
/dv205infov.pdf,3
/gv200infoc.pdf,2
/ea315k.pdf,2
/fl191k.pdf,4
/cr162s.pdf,2
/rt120infok.pdf,2
/jv132s.pdf,3
/ch110s.pdf,7
/dv170v.pdf,1
/dv105k.pdf,6
/fl611k.pdf,1
/gv115s.pdf,2
/ch120infov.pdf,2
/ch109k.pdf,3
/int300r.pdf,2
/gc335c.pdf,6
/ch115infoc.pdf,1
/fl490c.pdf,1
/fl341es.pdf,1
/dv720s.pdf,3
/fl490t.pdf,1
/jv124s.pdf,1
/jv060infov.pdf,9
/sum130k.pdf,2
/fl478infot.pdf,1
/jv290infok.pdf,2
/jv060infoa.pdf,9
/fl478infoc.pdf,1
/fl130s.pdf,1
/jv255k.pdf,8
/dv900c.pdf,2
/jv257c.pdf,2
/gc207infoc.pdf,11
/de315c.pdf,1
/gc314s.pdf,2
/fl328k.pdf,1
/ch716s.pdf,3
/jv364s.pdf,1
/dv130s.pdf,11
/ea320s.pdf,3
/fl327s.pdf,2
/wv116s.pdf,3
/fl632s.pdf,3
/gc120k.pdf,2
/fl640infos.pdf,3
/jv299s.pdf,2
/cr102c.pdf,4
/ch800infov.pdf,1
/fl685k.pdf,2
/ea116c.pdf,3
/jv270infov.pdf,2
/ch170c.pdf,1
/ra020v.pdf,1
/int300s.pdf,2
/fl810k.pdf,22
/nc400infoc.pdf,2
/fw006s.pdf,1
/fl314infos.pdf,2
/fl665s.pdf,3
/fl235s.pdf,1
/jv050infoh.pdf,1
/fl693k.pdf,3
/ea100c.pdf,10
/sc200infos.pdf,2
/gv020infok.pdf,2
/dv310t.pdf,3
/jv260s.pdf,6
/gc210s.pdf,3
/dv310c.pdf,3
/fw010s.pdf,1
/fl105k.pdf,2
/gv030c.pdf,6
/fl410k.pdf,4
/ch700s.pdf,1
/dv330v.pdf,3
/dv715k.pdf,2
/ea120infos.pdf,2
/dv200k.pdf,1
/la450p.pdf,1
/ea120v.pdf,5
/fl150t.pdf,4
/cr141infoc.pdf,8
/fl274s.pdf,2
/gc248k.pdf,5
/wv100s.pdf,6
/gv120k.pdf,3
/care113s.pdf,1
/fl150c.pdf,4
/cr141infov.pdf,8
/ea115infos.pdf,1
/cr409infos.pdf,2
/jv539s.pdf,1
/fl150v.pdf,4
/care113f.pdf,1
/la450r.pdf,1
/jv610s.pdf,1
/ej140infok.pdf,8
/wg030s.pdf,2
/dv330c.pdf,3
/cr210s.pdf,1
/ea120c.pdf,5
/jv755s.pdf,1
/jv305s.pdf,1
/dv330t.pdf,3
/wv120s.pdf,5
/gv100k.pdf,4
/dv109k.pdf,3
/gv030v.pdf,6
/cr181s.pdf,2
/fl311s.pdf,4
/ea100v.pdf,10
/cr161k.pdf,4
/ea316s.pdf,3
/fl192s.pdf,3
/dv310v.pdf,3
/dv805s.pdf,1
/int300f.pdf,2
/gv116k.pdf,3
/nc400infov.pdf,2
/jv128s.pdf,1
/fl307s.pdf,2
/fl320infos.pdf,3
/cr102v.pdf,4
/dv520infos.pdf,4
/ea116v.pdf,3
/jv270infoc.pdf,2
/ch800infoc.pdf,1
/fw001infok.pdf,2
/ch170v.pdf,1
/jv270infot.pdf,2
/ra020c.pdf,1
/dv110s.pdf,9
/tr310s.pdf,2
/jv190s.pdf,2
/jv259k.pdf,4
/mil100v.pdf,2
/fl350s.pdf,3
/dv901s.pdf,1
/jv350infos.pdf,6
/fw005gcs.pdf,2
/ch715k.pdf,2
/dv830k.pdf,2
/dv700s.pdf,4
/fl281s.pdf,3
/dv900v.pdf,2
/jv257v.pdf,2
/gc207infov.pdf,11
/ch200k.pdf,1
/jv060infoc.pdf,9
/fl478infov.pdf,1
/ej130s.pdf,3
/wv115k.pdf,2
/gc340k.pdf,3
/gc335v.pdf,6
/cr416s.pdf,2
/fl490v.pdf,1
/ch115infov.pdf,1
/jv330k.pdf,2
/int300p.pdf,2
/gc210ps.pdf,4
/ch120infoc.pdf,2
/jv050infok.pdf,1
/jv326infos.pdf,1
/fl666k.pdf,1
/cr115s.pdf,2
/dv170c.pdf,1
/gdc001c.pdf,2
/fl940s.pdf,1
/gv250c.pdf,1
/dv205infoc.pdf,3
/gv200infov.pdf,2
/sc104ck.pdf,2
/dv716s.pdf,3
/ch130s.pdf,8
/dv150v.pdf,5
/dv125k.pdf,3
/cr321k.pdf,2
/fl278s.pdf,3
/la450s.pdf,1
/gv620v.pdf,2
/fl625c.pdf,4
/fl625t.pdf,4
/care110k.pdf,1
/care110f.pdf,1
/fl200s.pdf,2
/jv185s.pdf,2
/sc100infos.pdf,2
/ea300infoc.pdf,2
/ea800infok.pdf,1
/dv200infos.pdf,2
/ra015v.pdf,2
/adopt210c.pdf,3
/fl312s.pdf,2
/fl411v.pdf,1
/dv108c.pdf,2
/ch110k.pdf,7
/ch165v.pdf,6
/dv105s.pdf,6
/cr160c.pdf,5
/ea250s.pdf,1
/cr162k.pdf,2
/rt120infos.pdf,2
/ea315s.pdf,2
/cr117v.pdf,2
/fl191s.pdf,4
/ea800v.pdf,3
/dv700infov.pdf,3
/ch109s.pdf,3
/fl611s.pdf,1
/gv115k.pdf,2
/jv459as.pdf,1
/dv105ac.pdf,1
/fl684v.pdf,2
/dv720k.pdf,3
/dv305v.pdf,4
/ea115v.pdf,2
/cr101v.pdf,8
/dv105at.pdf,1
/fl632infov.pdf,2
/jv258c.pdf,5
/jv290infos.pdf,2
/sum130s.pdf,2
/dv630c.pdf,2
/dv325t.pdf,3
/jv310s.pdf,1
/jv740s.pdf,1
/jv255s.pdf,8
/dv325c.pdf,3
/ea320k.pdf,3
/tr200v.pdf,1
/fl328s.pdf,1
/dv130k.pdf,11
/ch716k.pdf,3
/gv009v.pdf,1
/dv145v.pdf,2
/wv116k.pdf,3
/fl630t.pdf,4
/fl632k.pdf,3
/fl630c.pdf,4
/fl144s.pdf,1
/care107c.pdf,1
/fw012gcs.pdf,3
/gc341c.pdf,4
/dv165c.pdf,6
/jv274c.pdf,2
/dv112v.pdf,1
/jv299k.pdf,2
/cr415s.pdf,3
/fl640infok.pdf,3
/gc120s.pdf,2
/fl685s.pdf,2
/jv150s.pdf,1
/wg004c.pdf,2
/jv500s.pdf,1
/fl610v.pdf,3
/fl235k.pdf,1
/fl314infok.pdf,2
/fl688c.pdf,2
/int300k.pdf,2
/jv296s.pdf,1
/fl688t.pdf,2
/fl810s.pdf,22
/fl305v.pdf,2
/jv260k.pdf,6
/gc210k.pdf,3
/fl693s.pdf,3
/jv805infos.pdf,1
/sc200infok.pdf,2
/gv020infos.pdf,2
/fl105s.pdf,2
/jv280s.pdf,1
/dv200s.pdf,1
/ea120infok.pdf,2
/la450h.pdf,1
/gv100infoc.pdf,3
/dv105infov.pdf,3
/adopt050infov.pdf,6
/ch700k.pdf,1
/dv850v.pdf,2
/app001infoc.pdf,16
/cr320c.pdf,4
/dv715s.pdf,2
/gc248s.pdf,5
/fl626t.pdf,4
/gv120s.pdf,3
/wv100k.pdf,7
/care113k.pdf,1
/wv120infoc.pdf,2
/care111c.pdf,1
/fl626c.pdf,4
/cr409infok.pdf,2
/wv120infov.pdf,2
/fl575s.pdf,4
/care111v.pdf,1
/ea115infok.pdf,1
/fl626v.pdf,4
/jv536s.pdf,1
/gv100infov.pdf,3
/dv105infoc.pdf,3
/fl349s.pdf,7
/dv850t.pdf,2
/de300c.pdf,1
/adopt050infoc.pdf,6
/dv105infot.pdf,3
/ej140infos.pdf,8
/cr320v.pdf,4
/wg030k.pdf,2
/dv850c.pdf,2
/app001infov.pdf,16
/dv109s.pdf,3
/gv100s.pdf,4
/wv120k.pdf,5
/jv218s.pdf,3
/gc141s.pdf,2
/dv805k.pdf,1
/ea316k.pdf,3
/fl192k.pdf,3
/cr161s.pdf,4
/fl688v.pdf,2
/fl610c.pdf,3
/gv116s.pdf,3
/fl610t.pdf,3
/jv050infor.pdf,1
/fl305c.pdf,2
/gc341v.pdf,4
/fl308s.pdf,1
/fw001infos.pdf,2
/jv127s.pdf,1
/dv110k.pdf,9
/dv165v.pdf,6
/dv112c.pdf,1
/jv274v.pdf,2
/fl320infok.pdf,3
/ea300k.pdf,5
/dv520infok.pdf,4
/wg004v.pdf,2
/fl350k.pdf,3
/fl830s.pdf,1
/fl630v.pdf,4
/care107v.pdf,1
/jv259s.pdf,4
/tr200c.pdf,1
/jv520s.pdf,1
/dv901k.pdf,1
/gv009c.pdf,1
/dv145c.pdf,2
/dv630v.pdf,2
/ch200s.pdf,1
/jv222s.pdf,2
/ch715s.pdf,2
/dv700k.pdf,4
/dv830s.pdf,2
/dv325v.pdf,3
/ej130k.pdf,3
/jv258v.pdf,5
/wv115s.pdf,2
/jv625s.pdf,2
/fl684c.pdf,2
/dv305c.pdf,4
/dv105av.pdf,1
/ea115c.pdf,2
/gc340s.pdf,3
/fl632infoc.pdf,2
/dv305t.pdf,4
/jv330s.pdf,2
/fl684t.pdf,2
/cr101c.pdf,8
/jv050infos.pdf,1
/dv700infoc.pdf,3
/fl666s.pdf,1
/fw005s.pdf,1
/gc210pk.pdf,4
/fl110k.pdf,2
/dv700infot.pdf,4
/int300h.pdf,2
/ch165c.pdf,6
/cr160v.pdf,5
/cr115k.pdf,2
/cr117c.pdf,2
/ea800c.pdf,3
/fl220s.pdf,2
/fl940k.pdf,1
/dv108v.pdf,2
/fl411c.pdf,1
/cr321s.pdf,2
/la450k.pdf,1
/sc104cs.pdf,2
/ch130k.pdf,8
/dv716k.pdf,3
/dv125s.pdf,3
/ra015c.pdf,2
/care110s.pdf,1
/wv800s.pdf,3
/adopt230c.pdf,2
/ea300infov.pdf,2
/care111s.pdf,1
/cr141infok.pdf,8
/fl626s.pdf,4
/fl276s.pdf,3
/gc248c.pdf,5
/fl150k.pdf,4
/gv120c.pdf,3
/wv120infos.pdf,2
/dv200t.pdf,1
/ej140infov.pdf,8
/app001infos.pdf,16
/cr320s.pdf,3
/dv715c.pdf,2
/dv200c.pdf,1
/gv100infos.pdf,3
/dv715t.pdf,2
/fl105c.pdf,2
/fl410c.pdf,4
/gv030k.pdf,6
/fw012s.pdf,3
/fl955infos.pdf,2
/gc212s.pdf,2
/fl693c.pdf,3
/ea100k.pdf,10
/cr161v.pdf,4
/jv214infos.pdf,2
/gv020infoc.pdf,2
/fl693t.pdf,3
/dv310k.pdf,3
/gv116v.pdf,3
/nc400infok.pdf,2
/fl810c.pdf,22
/fl688s.pdf,2
/cr418s.pdf,2
/jv274s.pdf,2
/cr102k.pdf,4
/gc120c.pdf,2
/fl685c.pdf,2
/ea116k.pdf,3
/wg004s.pdf,2
/fw001infov.pdf,2
/ch170k.pdf,1
/gc341s.pdf,4
/dv165s.pdf,6
/fl685t.pdf,2
/fl260s.pdf,2
/fl630s.pdf,4
/jv259v.pdf,4
/care107s.pdf,1
/mc025s.pdf,1
/fl328c.pdf,1
/ch715v.pdf,2
/jv255c.pdf,8
/dv830v.pdf,2
/dv325s.pdf,3
/care100cm.pdf,5
/dv630s.pdf,2
/dv900k.pdf,2
/de315k.pdf,1
/gc207infok.pdf,11
/jv257k.pdf,2
/ch200v.pdf,1
/jv290infoc.pdf,2
/sum130c.pdf,2
/fl478infok.pdf,1
/wv115v.pdf,2
/jv258s.pdf,5
/gc340v.pdf,3
/jv126s.pdf,1
/gc335k.pdf,6
/fl309s.pdf,2
/fl490k.pdf,1
/ch115infok.pdf,1
/jv330v.pdf,2
/dv105as.pdf,1
/fl611c.pdf,1
/fl165s.pdf,2
/jv050infov.pdf,1
/fl611t.pdf,1
/fl666v.pdf,1
/ch109c.pdf,3
/gc510s.pdf,4
/rt120infoc.pdf,2
/ea315c.pdf,2
/gc140s.pdf,2
/fl191c.pdf,4
/dv105t.pdf,7
/fl191t.pdf,4
/dv105c.pdf,6
/cr160s.pdf,5
/ea250c.pdf,1
/dv108s.pdf,2
/gv200infok.pdf,2
/adopt210s.pdf,3
/jv219s.pdf,4
/jv537s.pdf,2
/wv800infos.pdf,1
/sc104cv.pdf,2
/fl348s.pdf,1
/dv125v.pdf,3
/cr321v.pdf,2
/dv200infoc.pdf,2
/gv620k.pdf,2
/ea300infos.pdf,2
/care110v.pdf,1
/adopt230s.pdf,2
/fl625k.pdf,4
/efs005jvs.pdf,2
/care110c.pdf,1
/sc104cc.pdf,2
/dv125c.pdf,3
/ra015s.pdf,2
/dv200infov.pdf,2
/jv110s.pdf,2
/cr321c.pdf,2
/jv540s.pdf,2
/gdc001k.pdf,2
/fl411s.pdf,1
/gv250k.pdf,1
/dv205infok.pdf,3
/ea315v.pdf,2
/fl191v.pdf,4
/cr117s.pdf,2
/ea800s.pdf,3
/rt120infov.pdf,2
/gc020ps.pdf,1
/ch165s.pdf,6
/fl692s.pdf,4
/dv170k.pdf,1
/ea250v.pdf,1
/dv105v.pdf,6
/fl611v.pdf,1
/fl666t.pdf,1
/jv050infoc.pdf,1
/jv297s.pdf,1
/ch120infok.pdf,2
/ch109v.pdf,3
/dv700infos.pdf,3
/fl666c.pdf,1
/ea115s.pdf,2
/gc340c.pdf,3
/fl632infos.pdf,2
/icwa020s.pdf,1
/jv330c.pdf,2
/cr101s.pdf,8
/fl684s.pdf,2
/dv305s.pdf,4
/jv501s.pdf,1
/fw008s.pdf,3
/jv060infok.pdf,9
/sum130v.pdf,2
/jv290infov.pdf,2
/fl145s.pdf,2
/wv115c.pdf,2
/ch715c.pdf,2
/jv255v.pdf,8
/dv830c.pdf,2
/fl329s.pdf,8
/ch200c.pdf,1
/fl328v.pdf,1
/gv009s.pdf,1
/dv145s.pdf,2
/tr200s.pdf,1
/gc224s.pdf,2
/care107f.pdf,1
/jv259c.pdf,4
/gc120v.pdf,2
/dv112s.pdf,1
/ch800infok.pdf,1
/fl685v.pdf,2
/jv270infok.pdf,2
/fw001infoc.pdf,2
/ra020k.pdf,1
/gv116c.pdf,3
/ea715k_1.pdf,2
/fl810v.pdf,22
/fl305s.pdf,2
/fl240s.pdf,1
/fl610s.pdf,3
/fl693v.pdf,3
/gc320s.pdf,3
/gv020infov.pdf,2
/cr161c.pdf,4
/fl190s.pdf,1
/dv109t.pdf,3
/gv100c.pdf,4
/fl105v.pdf,2
/fl410v.pdf,4
/dv109c.pdf,3
/adopt050infos.pdf,6
/ej140infoc.pdf,8
/dv330k.pdf,3
/dv715v.pdf,2
/dv850s.pdf,2
/dv105infos.pdf,3
/dv200v.pdf,1
/ea120k.pdf,5
/de300s.pdf,1
/care111f.pdf,1
/fl344s.pdf,1
/gc248v.pdf,5
/gv120v.pdf,3
/fl340k.pdf,1
/fl342c.pdf,3
/jv249s.pdf,3
/mc410k.pdf,2
/gc110s.pdf,2
/ea715c.pdf,2
/jv530s.pdf,1
/ea200c.pdf,2
/wv200s.pdf,1
/fl600c.pdf,7
/fl250c.pdf,2
/fl600t.pdf,7
/ea109v.pdf,3
/wv715s.pdf,2
/ch115s.pdf,2
/cr188s.pdf,4
/em100infos.pdf,4
/dv175v.pdf,1
/dv100k.pdf,13
/int300ct.pdf,2
/gv109k.pdf,3
/fl323infos.pdf,2
/fl616c.pdf,2
/wv130k.pdf,8
/gv110s.pdf,5
/app016s.pdf,1
/fl616t.pdf,2
/fl180c.pdf,2
/ch800s.pdf,3
/dv116k.pdf,3
/ch730k.pdf,1
/dv800infot.pdf,2
/jv822s.pdf,2
/dv815k.pdf,1
/jv121s.pdf,1
/wg002v.pdf,2
/dv300infok.pdf,3
/dv800infoc.pdf,2
/ch250v.pdf,1
/fl676infos.pdf,2
/fl478k.pdf,2
/jv272v.pdf,2
/fl211c.pdf,1
/care101v.pdf,4
/ea320infok.pdf,2
/fl643k.pdf,2
/dal001v.pdf,2
/jv352infos.pdf,11
/wg022c.pdf,2
/clets001k.pdf,2
/gc310v.pdf,8
/de310c.pdf,2
/epo002t.pdf,2
/dv840t.pdf,2
/jv250k.pdf,7
/epo002c.pdf,2
/dv840c.pdf,2
/jv463s.pdf,2
/ea100infoc.pdf,3
/gv120infok.pdf,3
/ch120k.pdf,5
/care100s.pdf,5
/fl840c.pdf,2
/gv700s.pdf,2
/wv100infok.pdf,4
/wv610v.pdf,2
/fl322s.pdf,2
/gc205infov.pdf,9
/fl840t.pdf,2
/ser001ac.pdf,3
/wg003s.pdf,2
/ch175c.pdf,1
/cr410k.pdf,1
/dv115infov.pdf,1
/fl680k.pdf,2
/adopt200v.pdf,5
/fl230s.pdf,1
/dv120infoc.pdf,4
/dv180c.pdf,3
/care120f.pdf,2
/dv120infot.pdf,5
/fw003s.pdf,3
/jv635s.pdf,1
/mc410infos.pdf,3
/jv265s.pdf,7
/gc215s.pdf,2
/fl694c.pdf,1
/dv315c.pdf,2
/fl300infov.pdf,4
/dv600c.pdf,2
/dv500infov.pdf,3
/gc350s.pdf,2
/dv250c.pdf,1
/dv315t.pdf,2
/fl694t.pdf,1
/sum100s.pdf,1
/jv790k.pdf,2
/care050infof.pdf,7
/fl676s.pdf,2
/fl335infoc.pdf,1
/cr409s.pdf,2
/jv792c.pdf,2
/jv268c.pdf,1
/fl100k.pdf,3
/care119k.pdf,1
/sv716c.pdf,3
/dv820s.pdf,2
/dv710k.pdf,2
/care116s.pdf,1
/sc136infok.pdf,8
/dv505infok.pdf,3
/fl343s.pdf,3
/care116f.pdf,1
/fl120k.pdf,3
/ch200infok.pdf,2
/dv530infok.pdf,2
/fl330infok.pdf,1
/jv750s.pdf,1
/jv300s.pdf,1
/jv615s.pdf,1
/jv245s.pdf,7
/sv716v.pdf,3
/fl335infov.pdf,1
/care050infos.pdf,7
/wv716k.pdf,3
/ser001s.pdf,5
/jv268v.pdf,1
/jv357s.pdf,2
/fl329infos.pdf,2
/dv500infot.pdf,3
/dv800s.pdf,3
/ch116k.pdf,3
/dv730k.pdf,3
/fl694v.pdf,1
/dv315v.pdf,2
/dv250v.pdf,1
/fl300infoc.pdf,4
/dv600v.pdf,2
/dv500infoc.pdf,3
/cr164k.pdf,3
/jv212s.pdf,1
/fl302s.pdf,5
/adopt200c.pdf,5
/dv120infov.pdf,4
/dv180v.pdf,3
/care120s.pdf,2
/gv720s.pdf,2
/ch175v.pdf,1
/ch100k.pdf,7
/dv115s.pdf,2
/dv115infoc.pdf,1
/fw006gcs.pdf,2
/care100f.pdf,5
/app015infok.pdf,2
/fl840v.pdf,2
/adopt310k.pdf,2
/fl355s.pdf,1
/fl640s.pdf,2
/jv195s.pdf,1
/wv610c.pdf,2
/gc205infoc.pdf,9
/ser001av.pdf,3
/fl107infos.pdf,2
/ea100infov.pdf,3
/jv253s.pdf,3
/wg022v.pdf,2
/gc310c.pdf,8
/ea315infok.pdf,1
/ch710k.pdf,2
/dv840v.pdf,2
/epo002v.pdf,2
/fl211v.pdf,1
/care101t.pdf,4
/wv110k.pdf,7
/gv130s.pdf,5
/care103k.pdf,1
/fl142s.pdf,4
/care101c.pdf,4
/dal001c.pdf,2
/jv270k.pdf,3
/fl180v.pdf,2
/dv800infov.pdf,2
/fl683s.pdf,1
/wg002c.pdf,2
/jv272c.pdf,2
/ch250c.pdf,1
/fl616v.pdf,2
/fl663k.pdf,2
/fl115s.pdf,2
/cr110s.pdf,2
/dv175c.pdf,1
/jv140s.pdf,1
/fl250v.pdf,2
/ch100infos.pdf,3
/fl600v.pdf,7
/fl800s.pdf,2
/ea109c.pdf,3
/ea715v.pdf,2
/ea330k.pdf,4
/wv109s.pdf,3
/gc022s.pdf,1
/dv570k.pdf,1
/dv120k.pdf,8
/tr320k.pdf,4
/ea200v.pdf,2
/care115k.pdf,1
/gv715k.pdf,2
/fl342v.pdf,3
/gv716c.pdf,3
/care116c.pdf,1
/fl155s.pdf,2
/jv245v.pdf,7
/sv716s.pdf,3
/dv820c.pdf,2
/gc240k.pdf,3
/tr321k.pdf,2
/fw015infok.pdf,2
/cr409c.pdf,2
/jv792s.pdf,2
/jv268s.pdf,1
/fl676t.pdf,2
/ser001v.pdf,5
/sum100c.pdf,1
/care050infov.pdf,7
/fl676c.pdf,2
/dv600s.pdf,2
/dv250s.pdf,1
/la400h.pdf,1
/icwa030s.pdf,10
/mc410infoc.pdf,3
/jv265c.pdf,7
/gc215c.pdf,2
/dv800v.pdf,3
/fl694s.pdf,1
/jv141s.pdf,2
/dv315s.pdf,2
/dv180s.pdf,3
/care120v.pdf,2
/gv720v.pdf,2
/fl302v.pdf,5
/fw001k.pdf,2
/dv120infos.pdf,4
/fw008gcs.pdf,3
/wg003c.pdf,2
/ch175s.pdf,1
/dv115v.pdf,2
/dv160k.pdf,6
/fl210v.pdf,2
/fl635k.pdf,1
/care100t.pdf,5
/fl640v.pdf,2
/care102k.pdf,4
/ser001as.pdf,3
/fl107infov.pdf,2
/care100c.pdf,5
/fl840s.pdf,2
/fl355v.pdf,2
/fl320k.pdf,2
/gv700c.pdf,2
/fw016gcs.pdf,2
/jv253v.pdf,3
/ud105s.pdf,4
/ea100infos.pdf,3
/fl285s.pdf,2
/jv550s.pdf,4
/app016gcs.pdf,2
/jv100s.pdf,2
/epo002s.pdf,2
/dv840s.pdf,2
/dv320k.pdf,3
/dv210v.pdf,2
/ea130k.pdf,8
/wg022s.pdf,2
/de310s.pdf,2
/care101f.pdf,4
/fl313infok.pdf,2
/jv352infoc.pdf,11
/fl211s.pdf,1
/gv130v.pdf,7
/rt100infok.pdf,2
/dv800infos.pdf,2
/fl683v.pdf,1
/jv710s.pdf,1
/jv820k.pdf,2
/fl676infoc.pdf,2
/ch800c.pdf,3
/fl180s.pdf,2
/jv205s.pdf,2
/fl676infot.pdf,2
/fl303s.pdf,2
/ea309c.pdf,3
/fl323infoc.pdf,2
/ea200infok.pdf,2
/adopt203k.pdf,4
/fl616s.pdf,2
/ch115c.pdf,2
/em100infoc.pdf,4
/fl800v.pdf,2
/wv715c.pdf,2
/fl600s.pdf,7
/ch100infov.pdf,3
/fl250s.pdf,2
/adopt215k.pdf,3
/ea200s.pdf,2
/wv109v.pdf,3
/fl342s.pdf,3
/jv249c.pdf,3
/fl620s.pdf,1
/fl270s.pdf,2
/jv249v.pdf,3
/care118k.pdf,1
/sv715k.pdf,2
/ra010k.pdf,3
/wv109c.pdf,3
/fl800c.pdf,2
/wv715v.pdf,2
/ea109s.pdf,3
/ch100infoc.pdf,3
/cr112k.pdf,2
/la400k.pdf,1
/ch115v.pdf,2
/dv316k.pdf,3
/ch160k.pdf,6
/cr110c.pdf,2
/dv175s.pdf,1
/em100infov.pdf,4
/ea309v.pdf,3
/gv110v.pdf,6
/fl323infov.pdf,2
/gv020k.pdf,3
/fw002s.pdf,1
/jv464infok.pdf,3
/fl683c.pdf,1
/ea110k.pdf,7
/wg002s.pdf,2
/fl341cz.pdf,4
/fl676infov.pdf,2
/jv272s.pdf,2
/jv130infok.pdf,2
/ch250s.pdf,1
/fl683t.pdf,1
/fw001gck.pdf,4
/ch800v.pdf,3
/dv300k.pdf,5
/care101s.pdf,4
/dal001s.pdf,2
/jv352infov.pdf,11
/fl323s.pdf,3
/gv130c.pdf,7
/jv225s.pdf,5
/gc310s.pdf,8
/dv210c.pdf,2
/jv800k.pdf,2
/fl358s.pdf,1
/epo001k.pdf,2
/jv253c.pdf,3
/dv140k.pdf,6
/jv251k.pdf,2
/fl640c.pdf,2
/wv610s.pdf,2
/fl210c.pdf,2
/gc205infos.pdf,9
/fl107infoc.pdf,2
/fl640t.pdf,2
/care100v.pdf,5
/gv700v.pdf,2
/fl355c.pdf,2
/fl341as.pdf,1
/gc150s.pdf,2
/dv115infos.pdf,1
/jv120s.pdf,1
/wg003v.pdf,2
/dv115c.pdf,2
/care120c.pdf,2
/fl300k.pdf,4
/gv720c.pdf,2
/fl302c.pdf,5
/adopt200s.pdf,5
/fl300infos.pdf,4
/dv500infos.pdf,3
/dv800t.pdf,3
/dv101k.pdf,2
/jv265v.pdf,7
/mc410infov.pdf,3
/dv800c.pdf,3
/gc215v.pdf,2
/ser001c.pdf,5
/sum100v.pdf,1
/adopt216s.pdf,2
/fl676v.pdf,2
/care050infoc.pdf,7
/gc111s.pdf,3
/jv245c.pdf,7
/jv531s.pdf,1
/dv820v.pdf,2
/care101cm.pdf,4
/jv247k.pdf,4
/ea716k.pdf,3
/de305k.pdf,2
/fl341k.pdf,4
/care060infok.pdf,4
/gv716v.pdf,3
/care116v.pdf,1
/jv618s.pdf,2
