https://courts.ca.gov/sites/default/files/courts/default/2024-12/btb24-1g-5.pdf,Structure element not found.'
https://courts.ca.gov/sites/default/files/courts/default/2024-12/btb24-1g-10.pdf,Structure element not found.'
https://courts.ca.gov/sites/default/files/courts/default/2024-12/btb24-1g-9.pdf,Structure element not found.'
https://courts.ca.gov/sites/default/files/courts/default/2024-12/btb24-1g-8.pdf,Structure element not found.'
https://courts.ca.gov/sites/default/files/courts/default/2024-11/jv212s.pdf,Template is invalid or incomplete.'
https://courts.ca.gov/sites/default/files/courts/default/2024-10/lpa-neogov-ma-201607-amendment-2.pdf,Template is invalid or incomplete.'
https://courts.ca.gov/system/files/solicitation-request-document/cfcc-02-16-lv-attachment-5-darfur-certification.pdf,Template is invalid or incomplete.'
https://courts.ca.gov/system/files/opinion-citing/s230051-link19.pdf,Structure element not found.'
https://courts.ca.gov/system/files/opinion-citing/s230051-link9.pdf,Structure element not found.'
https://courts.ca.gov/sites/default/files/courts/default/2024-12/btb24-1g-4.pdf,Structure element not found.'
https://courts.ca.gov/sites/default/files/courts/default/2024-12/btb24-precon-2e-12.pdf,Template is invalid or incomplete.'
https://courts.ca.gov/sites/default/files/courts/default/2024-12/btb24-1g-2.pdf,Structure element not found.'
https://courts.ca.gov/sites/default/files/courts/default/2024-12/btb24-1g-11.pdf,Structure element not found.'
https://courts.ca.gov/sites/default/files/courts/default/2024-12/los-angeles-sch1-2425.pdf,Template is invalid or incomplete.'
https://courts.ca.gov/sites/default/files/courts/default/2024-12/btb24-4b-3.pdf,Structure element not found.'
https://courts.ca.gov/sites/default/files/courts/default/2024-10/progressive_lpa_ma-201311_amendment_4.pdf,Template is invalid or incomplete.'
https://courts.ca.gov/sites/default/files/courts/default/2024-10/calaveras-sch1-2223.pdf,Template is invalid or incomplete.'
https://courts.ca.gov/sites/default/files/courts/default/2024-10/san-diego-sch1-2324.pdf,Template is invalid or incomplete.'
https://courts.ca.gov/sites/default/files/courts/default/2024-10/santabarbara-sch1-1819.pdf,Template is invalid or incomplete.'
https://courts.ca.gov/sites/default/files/courts/default/2024-10/san-benito-sch1-2021.pdf,Template is invalid or incomplete.'
https://courts.ca.gov/sites/default/files/courts/default/2024-10/modoc-sch1-1718.pdf,Template is invalid or incomplete.'
https://courts.ca.gov/system/files/file/tuolumne-sch1-2425.pdf,Template is invalid or incomplete.'
https://courts.ca.gov/system/files/file/los-angeles-sch1-2425.pdf,Template is invalid or incomplete.'
https://courts.ca.gov/system/files/file/binder1_128.pdf,Template is invalid or incomplete.'
https://courts.ca.gov/system/files/file/famjuv-tcbac-waac-20180910-ab1058-publiccomment.pdf,Template is invalid or incomplete.'
https://courts.ca.gov/system/files/solicitation-request-document/hr-tc-2016-04-ml-attachment-6.pdf,Template is invalid or incomplete.'
https://courts.ca.gov/system/files/solicitation-request-document/facconpp-rfp-vdf.pdf,Structure element not found.'
https://courts.ca.gov/system/files/solicitation-request-document/hollister-rfq-attachg.pdf,Structure element not found.'
https://courts.ca.gov/system/files/solicitation-request-document/hr-2020-24-cd-attachment-9-ca-map-regions.pdf,Template is invalid or incomplete.'
https://courts.ca.gov/system/files/solicitation-request-document/construct-riskdesign-sanjosefamcenter-rfq-attachg.pdf,Structure element not found.'
https://courts.ca.gov/system/files/solicitation-request-document/fireprot-rfp-payeedata.pdf,Structure element not found.'
https://courts.ca.gov/system/files/solicitation-request-document/tcas-sapc-2016-01-ml-attachment-8.pdf,Template is invalid or incomplete.'
https://courts.ca.gov/system/files/solicitation-request-document/attachment-8-maps-2025-04-rp-bidder-declaration.pdf,Template is invalid or incomplete.'
https://courts.ca.gov/system/files/solicitation-request-document/hr-2016-03-ml-attachment-6.pdf,Template is invalid or incomplete.'
https://courts.ca.gov/system/files/solicitation-request-document/costestimating_rfqpayee.pdf,Structure element not found.'
https://courts.ca.gov/system/files/solicitation-request-document/scanning-reprographic-rfp-vendorform.pdf,Structure element not found.'
https://courts.ca.gov/system/files/solicitation-request-document/jcc-2018-01-cd-attachment-9-building-moving-policy-shipping-instructions.pdf,Template is invalid or incomplete.'
https://courts.ca.gov/system/files/solicitation-request-document/constman-rfq-vdf.pdf,Structure element not found.'
https://courts.ca.gov/system/files/solicitation-request-document/it-dms-2016-01-mds-attachment-4.pdf,Template is invalid or incomplete.'
https://courts.ca.gov/system/files/solicitation-request-document/casa-rfp-att4.pdf,Structure element not found.'
https://courts.ca.gov/system/files/solicitation-request-document/jcc-2019-01-cd-attachment-9-moving-policy.pdf,Template is invalid or incomplete.'
https://courts.ca.gov/system/files/solicitation-request-document/building-commish-rfp-payee.pdf,Structure element not found.'
https://courts.ca.gov/system/files/solicitation-request-document/archeng_rfq_vform.pdf,Structure element not found.'
https://courts.ca.gov/system/files/solicitation-request-document/vfm-rfp-att1.pdf,Structure element not found.'
https://courts.ca.gov/system/files/solicitation-request-document/duiweb-vdf.pdf,Structure element not found.'
https://courts.ca.gov/system/files/solicitation-request-document/aesmcp-rfq-vdf.pdf,Structure element not found.'
https://courts.ca.gov/system/files/solicitation-request-document/idiq-occm-rfq-payee.pdf,Structure element not found.'
https://courts.ca.gov/system/files/solicitation-request-document/prequalcontract-sanandreas-rfp-attachd.pdf,Structure element not found.'
https://courts.ca.gov/system/files/solicitation-request-document/titleescrow-rfp-payeedata.pdf,Structure element not found.'
https://courts.ca.gov/system/files/solicitation-request-document/precon-rfq-rfp-attg.pdf,Structure element not found.'
https://courts.ca.gov/system/files/solicitation-request-document/cr-2019-04-lv-attach-6-payee-data-record-form.pdf,Template is invalid or incomplete.'
https://courts.ca.gov/system/files/solicitation-request-document/precon-porterville-rfq-attachg.pdf,Structure element not found.'
https://courts.ca.gov/system/files/solicitation-request-document/thirdpartyclaims-rfp-pdr.pdf,Structure element not found.'
https://courts.ca.gov/system/files/solicitation-request-document/arceng-ccrfq-vdr.pdf,Structure element not found.'
https://courts.ca.gov/system/files/solicitation-request-document/costest-rfp-vdf.pdf,Structure element not found.'
https://courts.ca.gov/system/files/solicitation-request-document/realestappserv-rfp-vendordataform.pdf,Structure element not found.'
https://courts.ca.gov/system/files/solicitation-request-document/realestappserv-rfp-vendor.pdf,Structure element not found.'
https://courts.ca.gov/system/files/solicitation-request-document/maderacourthouse-preconstruct-rfp-attachg.pdf,Structure element not found.'
https://courts.ca.gov/system/files/solicitation-request-document/bpr-rfp-att_g_vdr-std204.pdf,Structure element not found.'
https://courts.ca.gov/system/files/solicitation-request-document/precon-rfp-attd.pdf,Structure element not found.'
https://courts.ca.gov/system/files/solicitation-request-document/foms_vdr.pdf,Structure element not found.'
https://courts.ca.gov/system/files/solicitation-request-document/juvdepctassess-rfp-att4.pdf,Structure element not found.'
https://courts.ca.gov/system/files/solicitation-request-document/envconsultsvcs-rfp-vdf.pdf,Structure element not found.'
https://courts.ca.gov/system/files/solicitation-request-document/mantecacourthouse-_rfqpayee-attache.pdf,Structure element not found.'
https://courts.ca.gov/system/files/solicitation-request-document/gcfmti-rfp-vendata.pdf,Structure element not found.'
https://courts.ca.gov/system/files/solicitation-request-document/evalcivinst-rfp-attf.pdf,Structure element not found.'
https://courts.ca.gov/system/files/solicitation-request-document/sdcourthouse-risk-rfp-attachg.pdf,Structure element not found.'
https://courts.ca.gov/system/files/solicitation-request-document/hr-hrems-2017-03-ml-attachment-6-payee-data-record-form.pdf,Template is invalid or incomplete.'
https://courts.ca.gov/system/files/solicitation-request-document/parking-cmjcente-rfp-payee.pdf,Structure element not found.'
https://courts.ca.gov/system/files/solicitation-request-document/dcqual-rfp-vdf.pdf,Structure element not found.'
https://courts.ca.gov/system/files/solicitation-request-document/parking-rfp-vendata.pdf,Structure element not found.'
https://courts.ca.gov/system/files/solicitation-request-document/preconstruct-riskmanage-monterey-rfp-attachg.pdf,Structure element not found.'
https://courts.ca.gov/system/files/solicitation-request-document/cos-odp-201504-jr-attachment-6.pdf,Template is invalid or incomplete.'
https://courts.ca.gov/system/files/solicitation-request-document/modular-rfp-att5.pdf,Structure element not found.'
https://courts.ca.gov/system/files/solicitation-request-document/susanville-gencontractors-rfq-attachd.pdf,Structure element not found.'
https://courts.ca.gov/system/files/solicitation-request-document/rfp082205_vdr-std204.pdf,Structure element not found.'
https://courts.ca.gov/system/files/solicitation-request-document/reas-rfp-vdrfrm.pdf,Structure element not found.'
https://courts.ca.gov/system/files/solicitation-request-document/realdui-rfp-atte.pdf,Structure element not found.'
https://courts.ca.gov/system/files/solicitation-request-document/gcportola-rfq-vendata.pdf,Structure element not found.'
https://courts.ca.gov/system/files/solicitation-request-document/prequalchulavista-rfq-vendordata.pdf,Structure element not found.'
https://courts.ca.gov/system/files/opinion-citing/s230899-link3.pdf,Structure element not found.'
https://courts.ca.gov/system/files/opinion-citing/s230051-link20.pdf,Structure element not found.'
https://courts.ca.gov/system/files/opinion-citing/s230051-link21.pdf,Structure element not found.'
https://courts.ca.gov/system/files/opinion-citing/s230051-link23.pdf,Structure element not found.'
https://courts.ca.gov/system/files/opinion-citing/s230051-link22.pdf,Structure element not found.'
https://courts.ca.gov/system/files/opinion-citing/s238544-link5.pdf,Template is invalid or incomplete.'
https://courts.ca.gov/system/files/opinion-citing/s230051-link8.pdf,Structure element not found.'
https://courts.ca.gov/system/files/opinion-citing/s230051-link25.pdf,Structure element not found.'
https://courts.ca.gov/system/files/opinion-citing/s230051-link24.pdf,Structure element not found.'
https://courts.ca.gov/system/files/opinion-citing/s262530-link2.pdf,Template is invalid or incomplete.'
https://courts.ca.gov/system/files/opinion-citing/s082101-link3.pdf,Template is invalid or incomplete.'
https://courts.ca.gov/system/files/opinion-citing/s082101-link2.pdf,Template is invalid or incomplete.'
https://courts.ca.gov/system/files/opinion-citing/s082101-link1.pdf,Template is invalid or incomplete.'
https://courts.ca.gov/system/files/opinion-citing/s230051-link4.pdf,Structure element not found.'
https://courts.ca.gov/system/files/opinion-citing/s230051-link7.pdf,Structure element not found.'
https://courts.ca.gov/system/files/opinion-citing/s230051-link17.pdf,Structure element not found.'
https://courts.ca.gov/system/files/opinion-citing/s230051-link6.pdf,Structure element not found.'
https://courts.ca.gov/system/files/opinion-citing/s230051-link2.pdf,Structure element not found.'
https://courts.ca.gov/system/files/opinion-citing/s230051-link13.pdf,Structure element not found.'
https://courts.ca.gov/system/files/opinion-citing/s230051-link3.pdf,Structure element not found.'
https://courts.ca.gov/system/files/opinion-citing/s230051-link10.pdf,Structure element not found.'
https://courts.ca.gov/sites/default/files/courts/default/2024-08/ab1058-2019-understanding-military-handouts.pdf,Template is invalid or incomplete.'
https://courts.ca.gov/sites/default/files/courts/default/2024-12/btb25-1g-05.pdf,Template is invalid or incomplete.'
https://courts.ca.gov/sites/default/files/courts/default/2024-12/37-san-diego-fy-23-24-q4-qfs.pdf,Template is invalid or incomplete.'
https://courts.ca.gov/sites/default/files/courts/default/2024-12/10-fresno-fy-2024-25-q1-qfs.pdf,Template is invalid or incomplete.'
https://courts.ca.gov/sites/default/files/courts/default/2024-12/btb24-4b-5.pdf,Template is invalid or incomplete.'
https://courts.ca.gov/sites/default/files/courts/default/2024-12/btb_23_2m_4.pdf,Structure element not found.'
https://courts.ca.gov/sites/default/files/courts/default/2024-12/btb24-4b-2.pdf,Structure element not found.'
https://courts.ca.gov/sites/default/files/courts/default/2024-12/btb24-2j-12.pdf,Template is invalid or incomplete.'
https://courts.ca.gov/sites/default/files/courts/default/2024-12/10-fresno-fy-23-24-q4-qfs.pdf,Template is invalid or incomplete.'
https://courts.ca.gov/sites/default/files/courts/default/2024-11/cr187.pdf,Invalid page object.'
https://courts.ca.gov/sites/default/files/courts/default/2024-10/qfs-1819-q4-fresno.pdf,Template is invalid or incomplete.'
https://courts.ca.gov/sites/default/files/courts/default/2024-10/54-tulare-fy-23-24-q1-qfs.pdf,Template is invalid or incomplete.'
https://courts.ca.gov/sites/default/files/courts/default/2024-10/22-mariposa-fy22-23-q3-qfs.pdf,Template is invalid or incomplete.'
https://courts.ca.gov/sites/default/files/courts/default/2024-10/qfs-2122-q4-sandiego.pdf,Template is invalid or incomplete.'
https://courts.ca.gov/sites/default/files/courts/default/2024-10/merced-fy-22-23-q2-qfs.pdf,Template is invalid or incomplete.'
https://courts.ca.gov/sites/default/files/courts/default/2024-10/humboldt-fy-22-23-q2-qfs.pdf,Template is invalid or incomplete.'
https://courts.ca.gov/sites/default/files/courts/default/2024-10/39-san-joaquin-fy-23-24-q1-qfs.pdf,Template is invalid or incomplete.'
https://courts.ca.gov/sites/default/files/courts/default/2024-10/qfs-2122-q1-riverside.pdf,Template is invalid or incomplete.'
https://courts.ca.gov/sites/default/files/courts/default/2024-10/qfs-2021-q1-sanluisobispo.pdf,Template is invalid or incomplete.'
https://courts.ca.gov/sites/default/files/courts/default/2024-10/lpa-audiovisual-user-instructions.pdf,Template is invalid or incomplete.'
https://courts.ca.gov/sites/default/files/courts/default/2024-10/qfs-2021-q3-santabarbara.pdf,Template is invalid or incomplete.'
https://courts.ca.gov/sites/default/files/courts/default/2024-10/7a-1920-colusa.pdf,Template is invalid or incomplete.'
https://courts.ca.gov/sites/default/files/courts/default/2024-10/mariposa-fy-22-23-q2-qfs.pdf,Template is invalid or incomplete.'
https://courts.ca.gov/sites/default/files/courts/default/2024-10/age1201.pdf,Invalid PDF page.'
https://courts.ca.gov/sites/default/files/courts/default/2024-10/13-imperial-fy-23-24-q1-qfs.pdf,Template is invalid or incomplete.'
https://courts.ca.gov/sites/default/files/courts/default/2024-10/modoc-fy-22-23-q2-qfs.pdf,Template is invalid or incomplete.'
https://courts.ca.gov/sites/default/files/courts/default/2024-10/22-mariposa-fy-23-24-q1-qfs.pdf,Template is invalid or incomplete.'
https://courts.ca.gov/system/files/file/7a-2526-amador.pdf,Template is invalid or incomplete.'
https://courts.ca.gov/system/files/file/7a-2526-alpine.pdf,Template is invalid or incomplete.'
https://courts.ca.gov/system/files/file/10-fresno-fy-2024-25-q1-qfs.pdf,Template is invalid or incomplete.'
https://courts.ca.gov/system/files/file/7a-2526-plumas.pdf,Template is invalid or incomplete.'
https://courts.ca.gov/system/files/file/tehama-fy-2024-25-q3-qfs.pdf,Template is invalid or incomplete.'
https://courts.ca.gov/system/files/file/response_lpa-86287_amd01-fe.pdf,Template is invalid or incomplete.'
https://courts.ca.gov/system/files/opinion-citing/s277487-link5.pdf,Template is invalid or incomplete.'
https://courts.ca.gov/system/files/opinion-citing/s230051-link14.pdf,Structure element not found.'
https://courts.ca.gov/system/files/opinion-citing/s230051-link16.pdf,Structure element not found.'
https://courts.ca.gov/system/files/opinion-citing/s230051-link12.pdf,Structure element not found.'
https://courts.ca.gov/system/files/opinion-citing/s230051-link11.pdf,Structure element not found.'
https://courts.ca.gov/sites/default/files/courts/default/2024-12/btb24-2l-3.pdf,Structure element not found.'
https://courts.ca.gov/sites/default/files/courts/default/2024-12/lr-2017-pc1170-report.pdf,Template is invalid or incomplete.'
https://courts.ca.gov/sites/default/files/courts/default/2024-12/7a-2425-san-joaquin.pdf,Template is invalid or incomplete.'
https://courts.ca.gov/sites/default/files/courts/default/2024-12/btb24-2a-1.pdf,Template is invalid or incomplete.'
https://courts.ca.gov/sites/default/files/courts/default/2024-12/btb24-3j-1.pdf,Structure element not found.'
https://courts.ca.gov/system/files/file/forum-20180607-materials_0.pdf,Structure element not found.'
https://courts.ca.gov/system/files/file/attachment-3-peninsula-corporate-menu.pdf,Template is invalid or incomplete.'
https://courts.ca.gov/system/files/file/forum-20180607-materials.pdf,Structure element not found.'
https://courts.ca.gov/system/files/file/peninsula-ma-sf2025-01-fe-expires-september-30-2027.pdf,Template is invalid or incomplete.'
https://courts.ca.gov/system/files/file/2011legsumary_forweb.pdf,Template is invalid or incomplete.'
https://courts.ca.gov/sites/default/files/courts/default/2024-10/humanscale_ma-sf202101_ergoiq_final_fully-executed_07-02-21.pdf,Template is invalid or incomplete.'
https://courts.ca.gov/sites/default/files/courts/default/2024-10/7a-2324-san-diego.pdf,Template is invalid or incomplete.'
https://courts.ca.gov/sites/default/files/courts/default/2024-10/lpa-justice-av-solutions-audio-visual-services-1034501.pdf,Template is invalid or incomplete.'
https://courts.ca.gov/system/files/file/executiveandplanning-20230825-mm.pdf,Template is invalid or incomplete.'
https://courts.ca.gov/system/files/file/cfac-20230725-materials.pdf,Template is invalid or incomplete.'
https://courts.ca.gov/system/files/file/tcbac-20180405-materials.pdf,Template is invalid or incomplete.'
https://courts.ca.gov/sites/default/files/courts/default/2024-08/ab1058-2020-parentage-handout.pdf,Template is invalid or incomplete.'
https://courts.ca.gov/sites/default/files/courts/default/2024-10/ccr-17-18-ebinder.pdf,Structure element not found.'
https://courts.ca.gov/sites/default/files/courts/default/2024-10/ccr-18-19-ebinder.pdf,Structure element not found.'
https://courts.ca.gov/system/files/solicitation-request-document/it-2020-64-rb-exhibit-d-regional-map-and-jbe-listing.pdf,Template is invalid or incomplete.'
https://courts.ca.gov/system/files/solicitation-request-document/bap-2023-19-sb-attachment-8-specifications-and-samples.pdf,Template is invalid or incomplete.'
https://courts.ca.gov/system/files/solicitation-request-document/appendix-i-redacted-sample-actuarial-report.pdf,Template is invalid or incomplete.'
https://courts.ca.gov/system/files/solicitation-request-document/bap-2022-07-sb-attachment-8_specifications-and-samples.pdf,Template is invalid or incomplete.'
https://courts.ca.gov/system/files/itc/spr24-14.pdf,Template is invalid or incomplete.'
https://courts.ca.gov/system/files/2024-11/SantaClara-County-Dually-Involved-Youth-Protocol_2020.pdf,Template is invalid or incomplete.'
https://courts.ca.gov/system/files/opinion-citing/s277072-link3.pdf,Structure element not found.'
https://courts.ca.gov/sites/default/files/courts/default/2024-10/response-technologies-lpa-86287.pdf,Template is invalid or incomplete.'
https://courts.ca.gov/sites/default/files/courts/default/2024-10/response-technologies-lpa-86287.pdf
https://courts.ca.gov/system/files/file/ma-2024-09-avidex-industries-llc.pdf,Template is invalid or incomplete.'
https://courts.ca.gov/system/files/file/forum-20180816-materials.pdf,Structure element not found.'
https://courts.ca.gov/system/files/solicitation-request-document/ifb-it-2023-10-sb-qa.pdf,Template is invalid or incomplete.'
https://courts.ca.gov/sites/default/files/courts/default/2024-08/courttoolkit-tribalstatefederal-adminclerks.pdf,Structure element not found.'
https://courts.ca.gov/system/files/file/forum-20151008-materials.pdf,Structure element not found.'
https://courts.ca.gov/system/files/file/ctac-20150327-materials-public.pdf,Structure element not found.'
https://courts.ca.gov/system/files/file/forum-20150820-ebinder.pdf,Structure element not found.'
https://courts.ca.gov/system/files/file/forum-20170216-orientationpacket.pdf,Structure element not found.'
https://courts.ca.gov/system/files/file/forum-20170413-materials.pdf,Structure element not found.'
https://courts.ca.gov/system/files/solicitation-request-document/rfpfs202203mb-attach-8-project-documents-addendum-5.pdf,Template is invalid or incomplete.'
