Clause-Test,Total,alameda,alpine,amdr,appellate,butte,calaveras,colusa,contracosta,courts,delnorte,eldorado,fresno,glenn,humboldt,imperial,inyo,kern,kings,la,lake,lassen,madera,marin,mariposa,mendocino,merced,modoc,mono,monterey,napa,nccourt,newsroom,oc,opinions,partners,placer,plumas,riverside,sanbenito,sanbernardino,sanmateo,santabarbara,santaclara,sc,sf,shasta,sierra,siskiyou,slo2,solano,sonoma,srl,stanislaus,supreme,sutter,tehama,trinity,tularesuperiorcourt,tuolumne,ventura,yuba
5-1,6986,123,10,20,11,1,2,0,347,1967,2,11,208,7,1,12,2,8,3,0,2,6,3,12,1,285,7,0,12,16,194,179,0,538,655,5,16,7,18,0,7,300,89,1018,5,58,135,6,0,21,118,128,0,63,299,11,2,6,11,1,9,8
7.1-9,6896,123,10,20,11,1,2,0,346,1896,2,6,207,7,1,12,2,8,3,0,2,6,3,12,1,285,4,0,12,16,194,179,0,538,655,5,16,7,17,0,7,298,89,1016,5,58,135,6,0,21,118,128,0,63,295,11,2,6,11,1,9,8
7.2-14,3349,213,0,0,4,13,20,0,391,467,0,136,2,1,5,11,1,3,21,7,1,6,50,20,3,55,33,0,3,27,36,11,2,79,582,13,2,2,113,11,5,29,55,86,35,174,4,3,0,3,3,255,0,67,219,14,4,5,38,1,5,0
7.1-5,2742,9,1,11,0,10,2,0,4,1772,0,1,6,0,2,3,0,7,7,1,0,0,2,0,0,0,0,0,1,18,0,8,1,99,606,1,0,1,7,4,1,27,8,14,2,14,15,0,1,18,24,12,0,4,4,0,1,4,9,0,0,0
7.18.5-1,1951,23,2,2,9,8,4,0,21,963,0,18,1,1,1,0,0,6,2,16,2,13,9,2,0,1,4,0,0,25,8,6,6,25,41,15,1,0,7,11,1,3,17,65,5,47,0,0,1,12,2,5,0,27,497,2,0,2,0,6,6,0
7.21.7-1,1390,31,4,7,15,1,6,0,29,617,3,33,15,6,0,0,0,13,50,6,7,0,33,0,0,1,4,0,2,4,30,8,0,58,7,15,3,1,60,4,3,16,16,84,2,8,0,2,0,18,1,9,0,28,80,12,0,0,33,1,2,2
7.21.4.1-1,1230,19,1,2,11,0,6,0,8,504,2,3,3,4,0,0,0,6,47,0,3,0,0,0,0,0,1,0,2,2,29,0,0,26,2,6,0,0,48,0,1,9,9,9,0,0,0,2,0,1,0,7,0,23,431,0,0,0,0,1,0,2
7.1-2,1091,5,3,0,1,12,7,0,13,872,0,2,0,0,1,3,0,2,11,8,0,0,6,0,0,2,2,0,3,8,1,0,0,23,0,5,2,0,1,4,2,9,4,9,1,6,2,2,1,19,0,1,0,7,17,6,0,0,7,0,1,0
7.1-1,1078,5,3,0,1,12,7,0,13,867,0,2,0,0,1,3,0,1,11,8,0,0,3,0,0,2,2,0,3,8,1,0,0,23,0,5,0,0,1,4,2,9,4,8,1,6,2,2,1,19,0,1,0,7,16,6,0,0,7,0,1,0
7.21.8-1,973,62,2,3,5,7,10,1,11,345,3,9,10,1,5,3,1,24,11,0,0,4,15,4,0,47,8,6,9,20,1,8,1,26,18,2,2,3,4,15,8,30,8,16,19,60,4,4,0,9,2,9,0,16,29,4,0,1,27,1,8,12
7.18.1-2,828,6,0,0,6,0,1,0,0,349,0,13,3,0,0,1,0,2,2,1,0,0,27,0,0,2,5,0,1,2,1,1,200,6,2,1,11,0,1,2,16,10,15,73,1,1,0,0,0,5,9,2,0,10,18,0,1,0,17,0,4,0
7.2-10,687,8,0,3,0,6,0,0,8,117,0,8,49,0,4,6,0,4,4,0,0,2,8,8,0,11,21,0,2,3,1,0,0,15,0,0,1,0,246,1,8,4,27,7,0,6,0,0,2,4,1,6,0,73,7,2,0,1,3,0,0,0
7.1-3,631,1,1,1,0,0,0,0,4,423,0,19,2,0,1,1,0,0,0,0,0,0,0,0,0,0,8,0,0,6,1,6,0,3,12,2,9,0,2,1,16,8,5,14,0,4,0,0,2,0,0,1,0,0,65,5,0,0,7,0,1,0
7.2-4,582,2,0,1,0,0,0,0,0,553,0,0,5,0,0,2,0,0,0,1,0,0,0,0,0,0,0,0,0,1,0,0,0,5,0,0,0,0,1,0,1,10,0,0,0,0,0,0,0,0,0,0,0,0,0,0,0,0,0,0,0,0
7.2-43,576,0,0,0,0,0,11,0,374,163,0,0,0,0,2,2,0,0,0,0,0,0,4,1,1,0,0,0,0,0,0,0,0,8,0,0,1,0,4,0,0,0,0,0,0,0,0,0,0,0,0,0,0,0,3,0,0,0,1,0,1,0
7.2-20,453,2,0,11,5,1,0,1,1,265,0,1,3,0,2,1,0,7,1,0,0,1,5,6,0,0,2,0,0,0,2,6,1,3,27,3,8,1,2,0,1,6,6,2,6,5,9,0,0,0,3,7,3,0,0,32,2,0,2,1,0,0
7.2-29,439,11,0,5,51,0,0,0,11,155,7,0,0,1,0,0,0,10,0,0,0,2,0,0,0,0,0,0,0,6,1,1,0,4,2,1,47,0,2,0,1,41,0,6,1,7,17,0,0,0,8,25,7,2,1,0,2,0,1,1,2,0
6.2-1,361,0,0,0,0,0,0,0,2,313,0,8,2,0,0,0,0,0,0,0,0,0,0,0,0,0,1,0,0,1,0,1,0,1,0,0,9,0,2,0,0,3,0,3,0,0,0,0,0,0,0,0,0,0,9,2,0,0,4,0,0,0
7.2-34,361,0,0,0,0,0,0,0,1,319,0,7,2,0,0,0,0,0,0,0,0,0,0,0,0,0,1,0,0,1,0,0,0,1,0,0,9,0,2,0,0,3,0,2,0,0,0,0,0,0,0,0,0,0,7,2,0,0,4,0,0,0
7.18.5-2,351,3,0,0,2,0,0,0,0,297,0,5,0,0,0,1,0,0,0,1,0,0,0,0,0,2,3,0,0,0,0,0,0,0,0,0,0,0,1,0,1,5,15,3,0,1,0,0,0,0,0,1,0,0,10,0,0,0,0,0,0,0
7.21.5-1,347,0,0,0,2,1,0,0,6,172,0,2,10,0,0,0,0,8,0,0,0,0,10,0,0,0,2,0,0,0,28,0,0,7,12,2,0,0,1,0,1,4,0,1,1,0,0,2,0,0,0,14,0,25,33,0,0,0,2,0,1,0
7.21.7-2,342,16,0,0,4,0,0,0,7,225,2,3,1,0,2,0,0,6,0,0,3,0,0,0,0,0,0,0,2,1,5,0,0,5,4,0,0,0,2,0,1,5,4,3,0,0,0,2,0,0,0,1,0,3,32,0,0,0,0,1,0,2
7.2-33,324,0,0,0,0,0,0,0,1,305,0,1,1,0,0,0,0,0,0,0,0,0,0,0,0,0,1,0,0,1,0,0,0,0,0,0,0,0,1,0,0,2,0,2,0,0,0,0,0,0,0,0,0,0,5,0,0,0,4,0,0,0
7.2-17,309,2,0,0,0,0,0,0,0,280,0,0,1,0,3,2,0,1,0,0,0,0,2,0,0,0,0,0,0,2,0,1,0,0,0,0,1,0,1,0,0,1,3,0,6,0,0,0,0,0,1,1,0,0,1,0,0,0,0,0,0,0
7.2-2,301,0,0,0,0,0,0,0,0,277,0,0,0,0,0,0,0,0,0,0,0,0,0,0,0,0,0,0,0,1,0,0,0,0,0,0,7,0,1,0,0,3,0,1,0,0,0,0,0,0,0,0,0,0,7,0,0,0,4,0,0,0
7.2-42,298,7,0,0,0,1,9,0,13,194,0,0,7,0,9,0,0,1,0,0,0,0,5,0,0,0,2,0,0,1,5,0,0,6,0,0,0,0,6,0,3,19,0,1,0,0,0,0,0,3,0,1,0,1,3,0,0,0,1,0,0,0
7.2-19,271,0,1,5,4,6,1,0,8,118,0,37,4,0,0,0,0,1,4,0,0,11,1,1,0,0,0,0,0,0,0,1,2,8,0,1,4,0,3,3,1,0,1,4,2,22,0,0,0,3,5,1,0,0,1,0,1,1,0,0,5,0
7.5-1,266,1,0,0,1,1,0,0,11,136,0,0,0,0,0,3,0,0,0,0,0,0,34,0,1,0,4,0,6,4,7,3,0,11,3,0,0,0,5,0,2,1,5,4,0,1,0,0,0,9,0,0,0,0,8,0,0,0,0,0,4,1
7.21.4.2-2,253,1,0,2,0,0,0,0,0,186,0,5,0,0,0,1,0,0,0,0,0,3,1,0,0,2,0,0,0,2,0,1,0,1,0,9,1,0,1,0,0,10,2,1,0,0,0,0,0,1,2,6,0,0,15,0,0,0,0,0,0,0
7.1-10,239,0,0,0,0,0,0,0,1,192,0,7,3,0,0,0,0,0,0,0,0,0,0,0,0,0,2,0,0,1,0,1,0,1,0,0,9,0,1,0,0,3,0,3,0,0,0,0,0,0,0,0,0,0,8,2,0,0,5,0,0,0
7.1-7,221,0,0,0,1,0,0,0,0,159,0,1,0,0,1,0,0,0,0,0,0,0,0,0,0,0,0,0,0,5,0,0,0,9,0,2,0,0,1,0,0,31,2,6,0,1,0,0,0,0,1,1,0,0,0,0,0,0,0,0,0,0
7.2-18,185,0,1,0,1,5,1,0,0,96,0,18,4,0,0,0,0,0,0,0,0,7,0,1,0,0,0,0,0,0,0,0,1,5,1,1,4,1,3,3,0,0,1,1,2,20,0,0,0,3,0,0,0,0,1,0,1,0,0,0,3,0
7.10-1,182,0,0,0,0,0,0,0,0,172,0,0,1,0,0,0,0,0,0,0,0,0,0,0,0,0,0,0,0,0,0,0,0,0,0,0,0,0,0,0,0,0,0,2,0,0,0,0,0,0,0,0,0,0,7,0,0,0,0,0,0,0
7.3-1,181,0,0,0,0,0,0,0,0,174,0,0,0,0,0,0,0,0,0,0,0,0,0,0,0,0,4,0,0,0,0,0,0,0,0,0,0,0,1,0,0,0,0,0,0,0,0,0,0,0,0,0,0,0,2,0,0,0,0,0,0,0
7.1-11,161,0,0,2,2,0,0,0,2,111,0,8,2,1,0,0,0,0,0,0,0,2,0,0,0,0,1,0,0,0,0,1,0,2,0,1,9,0,1,0,0,3,0,3,0,0,0,0,0,0,0,5,0,0,2,2,0,0,0,1,0,0
7.9-1,153,0,0,0,0,0,0,0,0,152,0,0,0,0,0,0,0,0,0,0,0,0,0,0,0,0,0,0,0,0,0,0,0,0,0,0,0,0,0,0,0,0,0,0,0,0,0,0,0,0,0,0,0,0,1,0,0,0,0,0,0,0
7.18.3-1,152,0,0,0,0,0,0,0,0,140,0,5,0,0,0,0,0,0,0,0,0,0,0,0,0,0,0,0,0,0,0,0,0,0,0,0,0,0,1,0,0,2,0,1,0,0,0,0,0,0,0,0,0,0,3,0,0,0,0,0,0,0
7.2-3,145,0,0,0,0,0,0,0,0,131,0,0,1,0,0,0,0,0,0,0,0,0,0,0,0,0,1,0,0,0,0,0,0,0,0,0,0,0,0,0,0,11,0,0,0,0,0,0,0,0,0,1,0,0,0,0,0,0,0,0,0,0
7.2-22,130,0,0,0,0,0,0,0,0,124,0,3,0,0,0,0,0,0,0,0,0,0,0,0,0,0,0,0,0,0,0,0,0,0,0,0,0,0,1,0,0,0,0,0,0,0,0,0,0,0,0,0,0,0,2,0,0,0,0,0,0,0
7.2-26,120,0,0,0,0,0,0,0,2,60,0,0,0,0,0,0,0,0,0,0,0,0,0,0,0,0,3,0,0,0,0,0,0,0,0,0,0,0,0,0,0,0,0,2,0,0,0,0,0,0,0,0,0,0,53,0,0,0,0,0,0,0
7.4.2-1,111,0,0,0,0,0,0,0,0,103,0,0,0,0,0,0,0,0,0,0,0,0,0,0,0,0,5,0,0,1,0,0,0,0,0,0,0,0,0,0,0,0,0,0,0,0,0,0,0,0,0,0,0,0,2,0,0,0,0,0,0,0
7.21.4.1-2,89,0,0,0,2,0,0,0,6,30,0,1,8,0,0,0,0,0,0,0,0,0,10,0,0,0,0,0,0,0,1,0,0,2,3,0,0,0,0,0,1,0,0,0,0,0,0,0,0,0,0,10,0,0,13,0,0,0,2,0,0,0
7.18.1-1,79,0,0,0,0,0,0,0,0,75,0,0,0,0,0,0,0,0,0,0,2,0,0,0,0,0,0,0,0,0,0,0,0,0,0,0,0,0,0,0,0,0,0,1,0,0,0,0,0,0,0,0,0,0,1,0,0,0,0,0,0,0
7.2-27,71,0,0,0,0,0,0,0,0,45,0,0,0,0,0,0,0,0,0,0,0,0,1,0,0,0,0,0,0,0,0,0,0,2,0,0,0,0,0,0,0,0,0,4,0,0,0,0,0,0,0,0,0,0,19,0,0,0,0,0,0,0
7.10-2,66,0,0,0,0,0,0,0,0,66,0,0,0,0,0,0,0,0,0,0,0,0,0,0,0,0,0,0,0,0,0,0,0,0,0,0,0,0,0,0,0,0,0,0,0,0,0,0,0,0,0,0,0,0,0,0,0,0,0,0,0,0
7.18.4-1,56,0,0,2,2,0,0,0,0,22,0,11,0,1,2,0,0,0,0,0,0,1,0,0,0,0,0,0,0,1,0,0,0,1,0,1,1,0,1,0,0,0,0,0,0,0,4,0,0,0,0,4,0,0,0,0,0,1,0,1,0,0
7.2-30,53,0,0,0,0,0,0,0,0,52,0,0,0,0,0,0,0,0,0,0,0,0,0,0,0,0,0,0,0,0,0,0,0,0,0,0,0,0,0,0,0,0,0,0,0,0,0,0,0,0,0,0,0,0,1,0,0,0,0,0,0,0
7.11-1,50,0,0,0,0,0,0,0,0,9,0,0,0,0,0,1,0,2,0,0,0,0,0,0,0,0,0,0,0,0,4,0,0,0,1,0,1,0,0,0,1,0,0,0,0,12,0,0,0,0,0,1,0,0,18,0,0,0,0,0,0,0
7.2-24,43,0,0,0,0,0,0,0,0,42,0,0,0,0,0,0,0,0,0,0,0,0,0,0,0,0,0,0,0,0,0,0,0,0,0,0,0,0,0,0,0,0,0,1,0,0,0,0,0,0,0,0,0,0,0,0,0,0,0,0,0,0
7.18.1-3,32,0,0,0,0,0,0,0,0,17,0,0,5,0,0,0,0,1,0,0,0,0,0,0,0,0,0,0,0,1,0,0,0,2,0,0,0,0,4,0,0,0,0,0,0,0,0,0,0,1,0,0,0,0,0,0,0,1,0,0,0,0
7.21.6-3,28,0,0,0,0,0,0,0,0,7,0,0,1,0,0,0,0,0,0,0,0,0,0,0,0,0,0,0,0,0,1,0,0,0,0,0,2,0,0,0,0,7,0,10,0,0,0,0,0,0,0,0,0,0,0,0,0,0,0,0,0,0
7.1-8,27,0,0,0,0,0,0,0,1,2,0,5,2,0,0,0,0,0,0,0,0,0,0,0,0,0,2,0,0,0,0,1,0,1,0,0,9,0,1,0,0,0,0,1,0,0,0,0,0,0,0,0,0,0,0,2,0,0,0,0,0,0
7.2-21,23,0,0,0,0,0,0,0,0,22,0,0,0,0,0,0,0,0,0,0,0,0,0,0,0,0,0,0,0,0,0,0,0,0,0,0,0,0,0,0,0,0,0,0,0,0,0,0,0,0,0,0,0,0,1,0,0,0,0,0,0,0
7.2-5,22,0,0,1,0,0,0,0,0,16,0,0,1,0,0,0,0,0,0,0,0,0,0,0,0,0,1,0,0,0,0,0,0,0,2,1,0,0,0,0,0,0,0,0,0,0,0,0,0,0,0,0,0,0,0,0,0,0,0,0,0,0
7.21.4.2-1,20,1,0,0,0,0,0,0,0,4,0,0,0,0,0,0,0,0,0,0,0,0,0,0,0,0,0,0,0,0,0,0,0,0,0,8,0,0,0,0,1,0,6,0,0,0,0,0,0,0,0,0,0,0,0,0,0,0,0,0,0,0
7.20-2,19,0,0,1,0,0,0,0,0,14,0,0,0,0,0,0,0,0,0,0,0,0,0,0,0,0,1,0,0,1,0,0,0,0,0,1,0,0,0,0,1,0,0,0,0,0,0,0,0,0,0,0,0,0,0,0,0,0,0,0,0,0
7.15-1,17,0,0,3,0,0,0,0,0,2,0,0,6,0,0,0,0,0,0,0,0,0,0,0,0,0,0,0,0,0,0,0,0,2,0,0,0,0,0,0,0,0,0,3,0,0,0,0,0,0,0,0,0,0,1,0,0,0,0,0,0,0
7.21.3.2-1,17,0,0,0,0,0,0,0,1,13,0,0,0,0,0,0,0,0,0,0,0,0,0,0,0,0,0,0,0,0,0,0,0,0,0,0,0,0,1,0,0,0,0,0,0,0,0,0,0,0,0,0,0,0,2,0,0,0,0,0,0,0
7.18.4-2,10,0,0,0,0,0,0,0,0,3,0,0,0,0,0,0,0,1,0,0,0,0,3,0,0,0,0,0,0,0,0,0,0,0,0,0,2,0,0,0,0,0,0,0,1,0,0,0,0,0,0,0,0,0,0,0,0,0,0,0,0,0
7.2-25,9,0,0,0,0,0,0,0,0,3,0,5,0,0,0,0,0,0,0,0,0,0,0,0,0,0,0,0,0,0,0,0,0,0,0,0,0,0,1,0,0,0,0,0,0,0,0,0,0,0,0,0,0,0,0,0,0,0,0,0,0,0
6.1-1,7,0,0,0,0,0,0,0,0,0,0,0,0,0,0,0,0,0,0,0,0,0,0,0,0,0,0,0,0,0,0,0,0,0,0,0,7,0,0,0,0,0,0,0,0,0,0,0,0,0,0,0,0,0,0,0,0,0,0,0,0,0
7.1-6,4,0,0,0,0,0,0,0,0,1,0,0,0,0,0,0,0,0,0,0,0,0,0,0,0,0,0,0,0,0,0,0,0,0,0,0,0,0,0,0,2,0,0,0,0,0,0,0,0,0,0,0,0,0,1,0,0,0,0,0,0,0
7.21.6-2,4,0,0,0,0,0,0,0,0,3,0,0,0,0,0,0,0,0,0,0,0,0,0,0,0,0,0,0,0,0,0,0,0,0,0,0,0,0,0,0,0,0,0,0,0,0,0,0,0,0,0,0,0,0,1,0,0,0,0,0,0,0
7.2-41,3,0,0,0,0,0,0,0,0,2,0,0,0,0,0,0,0,0,0,0,0,0,0,0,0,0,0,0,0,0,0,0,0,0,0,0,0,0,0,0,0,0,1,0,0,0,0,0,0,0,0,0,0,0,0,0,0,0,0,0,0,0
7.2-8,2,0,0,0,0,0,0,0,0,1,0,0,0,0,0,0,0,0,0,0,0,0,0,0,0,0,0,0,0,0,0,0,0,0,0,0,0,0,0,0,0,0,0,0,0,0,0,0,0,0,0,1,0,0,0,0,0,0,0,0,0,0
7.2-9,1,1,0,0,0,0,0,0,0,0,0,0,0,0,0,0,0,0,0,0,0,0,0,0,0,0,0,0,0,0,0,0,0,0,0,0,0,0,0,0,0,0,0,0,0,0,0,0,0,0,0,0,0,0,0,0,0,0,0,0,0,0
7.2-11,1,0,0,0,0,0,0,0,0,1,0,0,0,0,0,0,0,0,0,0,0,0,0,0,0,0,0,0,0,0,0,0,0,0,0,0,0,0,0,0,0,0,0,0,0,0,0,0,0,0,0,0,0,0,0,0,0,0,0,0,0,0
7.9-2,1,0,0,0,0,0,0,0,0,1,0,0,0,0,0,0,0,0,0,0,0,0,0,0,0,0,0,0,0,0,0,0,0,0,0,0,0,0,0,0,0,0,0,0,0,0,0,0,0,0,0,0,0,0,0,0,0,0,0,0,0,0
