file,5,6.2,7.1,7.10,7.15,7.18.1,7.18.3,7.18.4,7.18.5,7.2,7.20,7.21.3.2,7.21.3.3,7.21.4.1,7.21.4.2,7.21.5,7.21.6,7.21.7,7.21.8,7.3,7.4.2,7.5,7.9
adopt050infoc.pdf,,,O,,,,,,,,,,,,O,,,,,,,,
adopt050infok.pdf,,,O,,,,,,,,,,,,O,,,,,,,,
adopt050infos.pdf,,,O,,,,,,,,,,,,,,,,,,,,
adopt050infov.pdf,,,O,,,,,,,O,,,,,O,,,,,,,,
adopt200c.pdf,,,O,,,,,,,O,,,,,O,,,,,,,,
adopt200k.pdf,,,O,,,,,,,,,,,,O,,,,,,,,
adopt200s.pdf,,,O,,,,,,,O,,,,,O,,,,,,,,
adopt200v.pdf,O,,O,,,O,O,O,O,O,,,,,O,,,,,O,,,
adopt203c.pdf,,,O,,,,,,,,,,,,O,,,,,,,,
adopt203k.pdf,,,O,,,,,,,,,,,,O,,,,,,,,
adopt203s.pdf,,,O,,,,,,,,,,,,O,,,,,,,,
adopt210c.pdf,,,O,,,,,,,,,,,,O,,,,,,,,
adopt210k.pdf,,,O,,,,,,,,,,,,O,,,,,,,,
adopt210s.pdf,,,O,,,,,,,,,,,,O,,,,,,,,
adopt215c.pdf,,,O,,,,,,,,,,,,O,,,,,,,,
adopt215k.pdf,,,O,,,,,,,,,,,,O,,,,,,,,
adopt215s.pdf,,,O,,,,,,,,,,,,O,,,,,,,,
adopt216s.pdf,O,O,O,,,,,,,O,,,,O,O,,,O,,,,,
adopt230c.pdf,,,,,,,,,,,,,,,O,,,,,,,,
adopt230k.pdf,,,O,,,,,,,,,,,,O,,,,,,,,
adopt230s.pdf,,,O,,,,,,,,,,,,O,,,,,,,,
adopt310c.pdf,,,,,,,,,,,,,,,O,,,,,,,,
adopt310k.pdf,,,O,,,,,,,O,,,,,O,,,,,,,,
app001infoc.pdf,,,,,,,,,,O,,,,,O,,,,,,,,
app001infok.pdf,O,,O,,,,,,,,,,,,O,,,,,,,,
app001infos.pdf,O,,O,,,,,,O,,,,,,O,,,,,,,,
app001infov.pdf,O,,O,,,O,,,O,O,,,,,O,,,,,,,,
app015infoc.pdf,,,,,,,,,,O,,,,,O,,,,,,,O,
app015infok.pdf,O,,O,,,,,,,,,,,,O,,,,,,,,
app015infos.pdf,O,,O,,,O,,,O,,,,,,O,,,,,,,,
app015infov.pdf,O,,O,,,O,,,O,,,,,,O,,,,,,,O,
app016gcs.pdf,O,,O,,,,,,,O,,,,,O,,,,,,,,
app016s.pdf,O,,O,,O,,,,,O,,,,O,,,,,,,,,
care050infoc.pdf,,,O,,,,,,,,,,,,O,,,,,,,,
care050infof.pdf,,,,,,,,,,O,,,,,O,,,,,,,,
care050infok.pdf,,,O,,,,,,,,,,,,O,,,,,,,,
care050infos.pdf,,,,,,,,,,,,,,,,,,,,,,,
care050infov.pdf,O,,O,,,O,O,O,O,,,,,,O,,,,,,,O,
care060infoc.pdf,,,O,,,,,,,O,,,,,O,,,,,,,,
care060infof.pdf,,,,,,,,,,,,,,,O,,,,,,,,
care060infok.pdf,,,O,,,,,,,,,,,,O,,,,,,,,
care060infos.pdf,,,O,,,,,,,,,,,,,,,,,,,,
care060infov.pdf,,,O,,,,,,,O,,,,,O,,,,,,,,
care100c.pdf,,,,,,,,,,,,,,,O,,,,,,,,
care100cm.pdf,O,,O,,,,,,,,,,,,O,,,,,,,,
care100f.pdf,,,,,,,,,,O,,,,,O,,,,,,,,
care100k.pdf,,,O,,,,,,,,,,,,O,,,,,,,,
care100s.pdf,,,O,,,,,,,,,,,,O,,,,,,,,
care100t.pdf,,,O,,,,,,,O,,,,,O,,,,,,,,
care100v.pdf,O,,O,,,O,O,O,O,O,,,,,O,,,,,O,,,
care101c.pdf,O,,O,,,,,,,,,,,,,,,,,,,,
care101cm.pdf,,,O,,,,,,,O,,,,,O,,,,,,,,
care101f.pdf,O,,O,,,,,,,,,,,,O,,,,,,,,
care101k.pdf,O,,O,,,,,,,,,,,,O,,,,,,,,
care101s.pdf,O,,O,,,,,,,,,,,,O,,,,,,,,
care101t.pdf,,,,,,,,,,O,,,,,,,,,,,,,
care101v.pdf,O,,O,,,,,,,O,,,,,O,,,,,,,,
care102c.pdf,,,O,,,,,,,,,,,,O,,,,,,,,
care102f.pdf,,,,,,,,,,O,,,,,O,,,,,,,,
care102k.pdf,,,O,,,,,,,,,,,,O,,,,,,,,
care102s.pdf,,,O,,,,,,,O,,,,,O,,,,,,,,
care103c.pdf,,,,,,,,,,O,,,,,O,,,,,,,,
care103f.pdf,,,,,,,,,,,,,,,O,,,,,,,,
care103k.pdf,O,,O,,,,,,,O,,,,,O,,,,,,,,
care103s.pdf,,,,,,,,,,,,,,,O,,,,,,,,
care103v.pdf,O,,O,,,,,,,,,,,,O,,,,,,,,
care107c.pdf,,,O,,,,,,,,,,,,O,,,,,,,,
care107f.pdf,,,,,,,,,,,,,,,O,,,,,,,,
care107k.pdf,,,O,,,,,,,,,,,,O,,,,,,,,
care107s.pdf,,,O,,,,,,,,,,,,O,,,,,,,,
care107v.pdf,,,O,,,,,,,,,,,,O,,,,,,,,
care110c.pdf,,,O,,,,,,,,,,,,O,,,,,,,,
care110f.pdf,,,,,,,,,,,,,,,O,,,,,,,,
care110k.pdf,,,O,,,,,,,,,,,,O,,,,,,,,
care110s.pdf,,,O,,,,,,,,,,,,O,,,,,,,,
care110v.pdf,,,O,,,,,,,,,,,,O,,,,,,,,
care111c.pdf,,,O,,,,,,,,,,,,O,,,,,,,,
care111f.pdf,,,O,,,,,,,,,,,,O,,,,,,,,
care111k.pdf,,,O,,,,,,,,,,,,O,,,,,,,,
care111s.pdf,,,O,,,,,,,,,,,,O,,,,,,,,
care111v.pdf,,,O,,,,,,,,,,,,O,,,,,,,,
care113c.pdf,O,,O,,,,,,O,,,,,,O,,,,,,,,
care113f.pdf,O,,,,,,,,O,,,,,,O,,,,,,,,
care113k.pdf,O,,,,,,,,O,,,,,,O,,,,,,,,
care113s.pdf,O,,,,,,,,O,,,,,,,,,,,,,,
care115c.pdf,O,,O,,,,,,O,,,,,,O,,,,,,,,
care115f.pdf,O,,,,,,,,,,,,,,O,,,,,,,,
care115k.pdf,O,,,,,,,,O,,,,,,O,,,,,,,,
care115s.pdf,O,,,,,,,,O,,,,,,O,,,,,,,,
care115v.pdf,O,,,,,,,,O,,,,,,O,,,,,,,,
care116c.pdf,O,,O,,,,,,,,,,,,O,,,,,,,,
care116f.pdf,O,,,,,,,,,,,,,,O,,,,,,,,
care116k.pdf,O,,,,,,,,,,,,,,O,,,,,,,,
care116s.pdf,O,,,,,,,,,,,,,,O,,,,,,,,
care116v.pdf,O,,,,,,,,,,,,,,O,,,,,,,,
care118c.pdf,,,,,,,,,,,,,,,O,,,,,,,,
care118f.pdf,,,,,,,,,,,,,,,O,,,,,,,,
care118k.pdf,O,,O,,,,,,,,,,,,O,,,,,,,,
care118s.pdf,,,O,,,,,,,,,,,,O,,,,,,,,
care119c.pdf,,,,,,,,,,,,,,,O,,,,,,,,
care119f.pdf,,,,,,,,,,,,,,,O,,,,,,,,
care119k.pdf,,,O,,,,,,,,,,,,O,,,,,,,,
care119s.pdf,,,O,,,,,,,,,,,,,,,,,,,,
care120c.pdf,O,,O,,,,,,O,,,,,,O,,,,,,,,
care120f.pdf,O,,,,,,,,,O,,,,,O,,,,,,,,
care120k.pdf,O,,,,,,,,O,,,,,,O,,,,,,,,
care120s.pdf,O,,,,,,,,O,,,,,,O,,,,,,,,
care120v.pdf,O,,,,,,,,O,,,,,,O,,,,,,,,
ch100c.pdf,,,O,,,,,,,,,,,,O,,,,,,,,
ch100infoc.pdf,,,O,,,,,,,,,,,,O,,,,,,,,
ch100infok.pdf,,,O,,,,,,,,,,,,O,,,,,,,,
ch100infos.pdf,,,O,,,,,,,,,,,,O,,,,,,,,
ch100infov.pdf,,,O,,,,,,,,,,,,O,,,,,,,,
ch100k.pdf,,,O,,,,,,,,,,,,O,,,,,,,,
ch100s.pdf,,,O,,,,,,,,,,,,O,,,,,,,,
ch100v.pdf,,,O,,,,,,,O,,,,,O,,,,,,,,
ch109c.pdf,,,O,,,,,,,,,,,,O,,,,,,,,
ch109k.pdf,,,O,,,,,,,,,,,,O,,,,,,,,
ch109s.pdf,,,O,,,,,,,,,,,,O,,,,,,,,
ch109v.pdf,O,,O,,,,,,,,,,,,O,,,,,,,,
ch110c.pdf,,,O,,,,,,,,,,,,O,,,,,,,,
ch110k.pdf,,,O,,,,,,,,,,,,O,,,,,,,,
ch110s.pdf,,,O,,,,,,,,,,,,O,,,,,,,,
ch110v.pdf,O,,O,,,,,,,,,,,,O,,,,,,,,
ch115infoc.pdf,O,,O,,,O,,,O,,,,O,O,O,,,O,,,,,
ch115infos.pdf,O,,O,,,O,,,O,,,,,,O,,,,,,,,
ch115infov.pdf,O,,O,,,O,,,O,,,,,,O,,,,,,,,
ch115k.pdf,O,,O,,,,,,O,,,,,O,O,,,O,,,,,
ch115v.pdf,O,,O,,,,,,O,,,,,,O,,,,,,,,
ch116c.pdf,,,O,,,,,,,,,,,,O,,,,,,,,
ch116k.pdf,,,O,,,,,,,,,,,,O,,,,,,,,
ch116s.pdf,,,O,,,,,,,,,,,,O,,,,,,,,
ch116v.pdf,,,O,,,,,,,,,,,,O,,,,,,,,
ch120c.pdf,,,O,,,,,,,O,,,,,O,,,,,,,,
ch120infoc.pdf,,,O,,,,,,,,,,,,O,,,,,,,,
ch120infok.pdf,,,O,,,,,,,,,,,,O,,,,,,,,
ch120infos.pdf,,,O,,,,,,,,,,,,O,,,,,,,,
ch120infov.pdf,,,O,,,,,,,,,,,,O,,,,,,,,
ch120k.pdf,,,O,,,,,,,O,,,,,O,,,,,,,,
ch120s.pdf,,,O,,,,,,,,,,,,O,,,,,,,,
ch120v.pdf,,,O,,,,,,,,,,,,O,,,,,,,,
ch130c.pdf,,,O,,,,,,,,,,,,O,,,,,,,,
ch130k.pdf,,,O,,,,,,,,,,,,O,,,,,,,,
ch130s.pdf,,,O,,,,,,,,,,,,O,,,,,,,,
ch130v.pdf,,,O,,,,,,,,,,,,O,,,,,,,,
ch160c.pdf,O,,O,,,,,,,O,,,,,O,,,,,,,,
ch160k.pdf,O,,O,,,,,,,O,,,,,O,,,,,,,,
ch160s.pdf,O,,O,,,,,,,O,,,,,O,,,,,,,,
ch160v.pdf,O,,O,,,,,,,O,,,,,O,,,,,,,,
ch165c.pdf,O,,O,,,,,,,O,,,,,O,,,,,,,,
ch165k.pdf,O,,O,,,,,,,O,,,,,O,,,,,,,,
ch165v.pdf,O,,O,,,,,,,O,,,,,O,,,,,,,,
ch170c.pdf,O,,O,,,,,,,,,,,,O,,,,,,,,
ch170k.pdf,O,,O,,,,,,,,,,,,O,,,,,,,,
ch170s.pdf,O,,O,,,,,,,,,,,,O,,,,,,,,
ch170v.pdf,O,,O,,,,,,,,,,,,O,,,,,,,,
ch175c.pdf,O,,O,,,,,,,O,,,,,O,,,,,,,,
ch175k.pdf,O,,O,,,,,,,O,,,,,O,,,,,,,,
ch175s.pdf,O,,O,,,,,,,O,,,,,O,,,,,,,,
ch175v.pdf,O,,O,,,,,,,O,,,,,O,,,,,,,,
ch200c.pdf,,,O,,,,,,,,,,,,O,,,,,,,,
ch200infoc.pdf,,,O,,,,,,,,,,,,O,,,,,,,,
ch200infok.pdf,,,O,,,,,,,,,,,,O,,,,,,,,
ch200infos.pdf,,,O,,,,,,,,,,,,O,,,,,,,,
ch200infov.pdf,O,,O,,,,,,,,,,,,O,,,,,,,,
ch200k.pdf,,,O,,,,,,,,,,,,O,,,,,,,,
ch200s.pdf,,,,,,,,,,,,,,,O,,,,,,,,
ch200v.pdf,,,,,,,,O,,,,,,,O,,,,,,,,
ch250c.pdf,O,,O,,,,,,O,,,,O,O,,,,O,,,,,
ch250k.pdf,O,,O,,,,,,O,,,,,O,O,,,O,,,,,
ch250s.pdf,O,,O,,,,,,,O,,,,,O,,,,,,,,
ch250v.pdf,O,,O,,,,,,O,,,,,,O,,,,,,,,
ch700c.pdf,O,,O,,,,,,,,,,O,O,O,,,O,,,,,
ch700k.pdf,O,,O,,,,,,,,,,,O,O,,,O,,,,,
ch700s.pdf,O,,O,,,,,,,,,,,,O,,,,,,,,
ch700v.pdf,O,,O,,,,,,,,,,,,O,,,,,,,,
ch710c.pdf,O,,O,,,O,,,O,,,,O,O,O,,,O,,,,,
ch710k.pdf,O,,O,,,O,,,O,O,,,,O,O,,,O,,,,,
ch710s.pdf,O,,O,,,O,,,O,,,,,,O,,,,,,,,
ch710v.pdf,O,,O,,,,,,,,,,,,O,,,,,,,,
ch715c.pdf,O,,O,,,O,,,O,,,,O,O,O,,,O,,,,,
ch715k.pdf,O,,O,,,O,,,O,,,,,O,O,,,O,,,,,
ch715s.pdf,,,,,,,,,,,,,,,O,,,,,,,,
ch715v.pdf,O,,O,,,,,,O,,,,,,O,,,,,,,,
ch716c.pdf,O,,O,,,O,,,O,,,,O,O,O,,,O,,,,,
ch716s.pdf,,,,,,,,,,O,,,,,O,,,,,,,,
ch716v.pdf,O,,O,,,,,,O,,,,,,O,,,,,,,,
ch730c.pdf,O,,O,,,,,,,,,,,,O,,,,,O,,,
ch730k.pdf,O,,O,,,,,,,,,,,,O,,,,,O,,,
ch730s.pdf,O,O,O,,,,,,,O,,,,O,,,,,,,,,
ch730v.pdf,O,,O,,,,,,,,,,,,O,,,,,O,,,
ch800c.pdf,,,O,,,,,,,,,,,,O,,,,,,,,
ch800infoc.pdf,,,O,,,,,,,,,,,,O,,,,,,,,
ch800infok.pdf,,,O,,,,,,,,,,,,O,,,,,,,,
ch800infos.pdf,,,,,,,,,,,,,,,,,,,,,,,
ch800infov.pdf,,,O,,,,,,,,,,,,O,,,,,,,,
ch800k.pdf,,,O,,,,,,,,,,,,O,,,,,,,,
ch800s.pdf,,,O,,,,,,,,,,,,O,,,,,,,,
ch800v.pdf,O,,O,,,,,,,,,,,,O,,,,,,,,
clets001c.pdf,,,O,,,,,,,,,,,,O,,,,,,,,
clets001k.pdf,,,O,,,,,,,,,,,,O,,,,,,,,
clets001s.pdf,,,O,,,,,,,,,,,,O,,,,,,,,
clets001t.pdf,,,O,,,,,,,,,,,,O,,,,,,,,
clets001v.pdf,,,O,,,,,,,,,,,,O,,,,,,,,
cr101c.pdf,,,,,,,,,,,,,,,O,,,,,,,,
cr101k.pdf,,,O,,,,,,,,,,,,O,,,,,,,,
cr101s.pdf,,,O,,,,,,,,,,,,O,,,,,,,,
cr101v.pdf,,,,,,,,,,O,,,,,O,,,,,,,,
cr102c.pdf,,,,,,,,,,O,,,,,O,,,,,,,O,
cr102k.pdf,O,,O,,,,,,,,,,,,O,,,,,,,O,
cr102s.pdf,O,,O,,,,,,,,,,,,O,,,,,,,,
cr102v.pdf,O,,O,,,O,,,O,O,,,,,O,,,,,,,,
cr110c.pdf,,,,,,,,,,,,,,,O,,,,,,,,
cr110k.pdf,,,O,,,,,,,,,,,,O,,,,,,,,
cr110s.pdf,,,O,,,,,,,,,,,,O,,,,,,,,
cr112c.pdf,,,,,,,,,,,,,,,O,,,,,,,,
cr112k.pdf,,,O,,,,,,,,,,,,O,,,,,,,,
cr112s.pdf,,,O,,,,,,,,,,,,,,,,,,,,
cr115c.pdf,O,,O,,,,,,,O,,,,,,,,,,,,,
cr115k.pdf,O,,O,,,,,,,O,,,,,O,,,,,,,,
cr115s.pdf,O,,O,,,,,,,O,,,,,O,,,,,,,,
cr115v.pdf,O,,O,,,,,,,O,,,,,O,,,,,,,,
cr117c.pdf,O,,O,,,,,,,O,,,,,O,,,,,,,,
cr117k.pdf,O,,O,,,,,,,O,,,,,O,,,,,,,,
cr117s.pdf,O,,O,,,,,,,O,,,,,O,,,,,,,,
cr117v.pdf,O,,O,,,,,,,O,,,,,O,,,,,,,,
cr141infoc.pdf,O,,O,,,,,,,,,,,,O,,,,,,,,
cr141infok.pdf,O,,O,,,,,,,,,,,,O,,,,,,,,
cr141infos.pdf,O,,O,,,,,,,,,,,,,,,,,,,,
cr141infov.pdf,O,,O,,,,,,,,,,,,O,,,,,,,,
cr160c.pdf,,,O,,,,,,,,,,,,O,,,,,,,,
cr160k.pdf,,,O,,,,,,,,,,,,O,,,,,,,,
cr160s.pdf,,,O,,,,,,,,,,,,O,,,,,,,,
cr160v.pdf,,,O,,,,,,,,O,,,,O,,,,,,,,
cr161c.pdf,,,O,,,,,,,,,,,,O,,,,,,,,
cr161k.pdf,,,O,,,,,,,,,,,,O,,,,,,,,
cr161s.pdf,,,O,,,,,,,,,,,,,,,,,,,,
cr161v.pdf,,,O,,,,,,,,O,,,,O,,,,,,,,
cr162c.pdf,,,O,,,,,,,,,,,,O,,,,,,,,
cr162k.pdf,,,O,,,,,,,,,,,,O,,,,,,,,
cr162s.pdf,,,O,,,,,,,,,,,,O,,,,,,,,
cr162v.pdf,,,O,,,,,,,O,,,,,O,,,,,,,,
cr164c.pdf,,,,,,,,,,,,,,,O,,,,,,,,
cr164k.pdf,,,O,,,,,,,,,,,,O,,,,,,,,
cr164s.pdf,,,O,,,,,,,,,,,,O,,,,,,,,
cr180s.pdf,O,,O,,,O,,,O,,,,,,O,,,,,,,,
cr181s.pdf,O,,O,,,O,,,O,,,,,,O,,,,,,,,
cr187s.pdf,,,O,,,,,,,O,,,,,O,,,,,,,O,
cr188s.pdf,,,O,,,,,,,O,,,,,O,,,,,,,,
cr210s.pdf,O,,O,,,,,,,,,,,,,,,,,,,,
cr320c.pdf,,,O,,,,,,O,,,,,,O,,,,,,,,
cr320s.pdf,O,,O,,,,O,,,,,,,,O,,,,,,,,
cr320v.pdf,,,O,,,,,,O,O,,,,,O,,,,,,,,
cr321c.pdf,,,,,,,,O,O,O,,,,,O,,,,,,,,
cr321k.pdf,,,,,,,,,O,,,,,,O,,,,,,,,
cr321s.pdf,O,,O,,,,,,,,,,,,O,,,,,,,,
cr321v.pdf,,,,,,,,O,O,O,,,,,O,,,,,,,,
cr409c.pdf,O,,O,,,O,,,O,,,,O,O,O,,,O,,,,,
cr409infoc.pdf,O,,O,,,O,,,O,,,,O,O,O,,,O,,,,,
cr409infok.pdf,O,,O,,,O,,,O,,,,,O,O,,,O,,,,,
cr409infos.pdf,O,,O,,,O,,,O,,,,,,,,,,,,,,
cr409infov.pdf,O,,O,,,O,,,O,,,,,,O,,,,,,,,
cr409k.pdf,O,,O,,,O,,,O,,,,,O,O,,,O,,,,,
cr409s.pdf,O,,O,,,O,,,O,,,,,,O,,,,,,,,
cr410c.pdf,O,O,O,,,,,,,O,,,,,,,,,,,,,
cr410k.pdf,O,O,O,,,,,,,O,,,,,,,,,,,,,
cr410s.pdf,O,,O,,,O,O,,O,,,,,,O,,,,,O,,,
cr410v.pdf,O,O,O,,,,,,,O,,,,,,,,,,,,,
cr415infos.pdf,O,,,,,,,,,,,,,,O,,,,,,,,
cr415s.pdf,O,,,,,,,,,O,,,,,O,,,,,,,,
cr416s.pdf,O,,,,,,,,,,,,,,O,,,,,,,,
cr418s.pdf,O,,,,,,,,,,,,,,O,,,,,,,,
dal001c.pdf,O,,,,,O,,,O,,,,,O,,,,,,,,,
dal001k.pdf,O,,,,,O,,,O,,,,,O,,,,,,,,O,
dal001s.pdf,O,,,,,O,,,O,,,,,O,,,,,,,,,
dal001v.pdf,O,,O,,,O,,,O,,,,,O,,,,,,,,,
de200s.pdf,,,,,,,,,,,,,,,O,,,,,,,,
de300c.pdf,,,,,,,,,,O,,,,,O,,,,,,,,
de300k.pdf,,,O,,,,,,,,,,,,O,,,,,,,,
de300s.pdf,,,O,,,,,,,,,,,,O,,,,,,,,
de305c.pdf,,,O,,,,,,,,,,,,O,,,,,,,,
de305k.pdf,,,O,,,,,,,,,,,,O,,,,,,,,
de305s.pdf,,,O,,,,,,,,,,,,O,,,,,,,,
de305v.pdf,,,O,,,,,,,,,,,,O,,,,,,,,
de310c.pdf,,,,,,,,,,,,,,,O,,,,,,,,
de310k.pdf,,,O,,,,,,,,,,,,O,,,,,,,,
de310s.pdf,,,O,,,,,,,,,,,,O,,,,,,,,
de315c.pdf,,,,,,,,,,,,,,,O,,,,,,,,
de315k.pdf,,,O,,,,,,,,,,,,O,,,,,,,,
de315s.pdf,,,O,,,,,,,,,,,,O,,,,,,,,
dv100c.pdf,,,O,,,O,,,O,O,,,,,O,,,,,,,,
dv100k.pdf,,,,,,,,,,,,,,,O,,,O,,,,,
dv100s.pdf,O,,O,,,,,,,,,,,,O,,,,,,,,
dv100t.pdf,,,,,,,,,,,,,,,O,,,,,,,,
dv100v.pdf,O,,O,,,O,,,O,,,,,,O,,,,,,,,
dv101c.pdf,O,O,O,,,,,,,O,,,,,O,,,,,,,,
dv101k.pdf,O,,O,,,,,,,,,,,,O,,,,,O,,,
dv101s.pdf,O,O,O,,,,,,,O,,,,,,,,,,,,,
dv101v.pdf,O,,O,,,,,,,,,,,,,,,,,O,,,
dv105ac.pdf,,,O,,,,,,,,,,,,O,,,,,,,,
dv105ak.pdf,,,O,,,,,,,,,,,,O,,,,,,,,
dv105as.pdf,O,,O,,,,,,,,,,,,O,,,,,,,,
dv105at.pdf,,,,,,,,,,,,,,,O,,,,,,,,
dv105av.pdf,O,,O,,,O,,,O,,,,,,O,,,,,,,,
dv105c.pdf,,,,,,,,,,O,,,,,O,,,,,,,,
dv105infoc.pdf,,,O,,,,,,,,,,,,O,,,,,,,,
dv105infok.pdf,,,O,,,,,,,,,,,,O,,,,,,,,
dv105infos.pdf,,,O,,,,,,,,,,,,,,,,,,,,
dv105infot.pdf,,,O,,,,,,,,,,,,,,,,,,,,
dv105infov.pdf,,,,,,,,,,,,,,,O,,,,,,,,
dv105k.pdf,,,,,,,,,,O,,,,,O,,,,,,,,
dv105s.pdf,,,,,,,,,,O,,,,,O,,,,,,,,
dv105t.pdf,,,,,,,,,O,O,,,,,O,,,,,,,,
dv105v.pdf,,,,,,,,,,O,,,,,O,,,,,,,,
dv108c.pdf,O,,O,,,,,,,,,,,,O,,,,,,,,
dv108k.pdf,O,,O,,,,,,,,,,,,O,,,,,,,,
dv108s.pdf,O,,O,,,,,,,,,,,,O,,,,,,,,
dv108v.pdf,O,,O,,,,,,,,,,,,O,,,,,,,,
dv109c.pdf,O,,O,,,,,,,,,,,,O,,,,,,,,
dv109k.pdf,O,,O,,,O,,,O,,,,,,O,,,,,,,,
dv109s.pdf,,,,,,,,,,,,,,,O,,,,,,,,
dv109t.pdf,,,,,,,,,,,,,,,O,,,,,,,,
dv110c.pdf,O,,O,,,O,,,O,,,,,,O,,,,,,,,
dv110s.pdf,,,,,,,,,,,,,,,O,,,,,,,,
dv110t.pdf,O,,O,,,O,,O,O,O,,,,,O,,,,,,,,
dv110v.pdf,O,,O,,,,,,,,,,,,O,,,,,,,,
dv112c.pdf,O,,O,,,,,,,,,,,,O,,,,,O,,,
dv112k.pdf,O,,O,,,,,,,,,,,,O,,,,,O,,,
dv112s.pdf,O,O,O,,,,,,,O,,,,O,O,,,,,,,,
dv112v.pdf,O,,O,,,,,,,,,,,,O,,,,,O,,,
dv115c.pdf,O,,O,,,,,,O,,,,O,O,O,,,O,,,,,
dv115infoc.pdf,O,,O,,,,,,,O,,,,,O,,,,,,,,
dv115infok.pdf,,,O,,,,,,,,,,,,O,,,,,,,,
dv115infos.pdf,,,O,,,,,,,O,,,,,O,,,,,,,,
dv115infov.pdf,,,,,,,,,,,,,,,O,,,,,,,,
dv115k.pdf,O,,O,,,,,,O,,,,,O,O,,,O,,,,,
dv115s.pdf,O,,O,,,,,,,,,,,,O,,,,,,,,
dv115v.pdf,O,,O,,,,,,O,,,,,,O,,,,,,,,
dv116c.pdf,O,,O,,,,,,,O,,,,,O,,,,,,,,
dv116k.pdf,O,,O,,,,,,,O,,,,,O,,,,,,,,
dv116s.pdf,O,,O,,,,,,,O,,,,,O,,,,,,,,
dv116v.pdf,O,,O,,,,,,,O,,,,,O,,,,,,,,
dv120c.pdf,,,O,,,,,,,,,,,,O,,,,,,,,
dv120infoc.pdf,,,O,,,,,,,,,,,,O,,,,,,,,
dv120infok.pdf,,,O,,,,,,,,,,,,O,,,,,,,,
dv120infos.pdf,,,O,,,,,,,,,,,,O,,,,,,,,
dv120infot.pdf,,,O,,,,,,,,,,,,O,,,,,,,,
dv120infov.pdf,,,,,,,,,,,,,,,O,,,,,,,,
dv120k.pdf,,,O,,,,,,,O,,,,,O,,,,,,,,
dv120s.pdf,,,O,,,,,,,,,,,,O,,,,,,,,
dv120t.pdf,,,O,,,,,,,,,,,,O,,,,,,,,
dv120v.pdf,,,,,,,,,,O,,,,,O,,,,,,,,
dv125c.pdf,O,,O,,,,,,,O,,,,,O,,,,,,,,
dv125k.pdf,O,,O,,,,,,,O,,,,,O,,,,,,,,
dv125s.pdf,O,,O,,,,,,,O,,,,,O,,,,,,,,
dv125v.pdf,O,,O,,,,,,,O,,,,,O,,,,,,,,
dv130c.pdf,,,O,,,,,,,,,,,,O,,,,,,,,
dv130k.pdf,,,O,,,,,,,,,,,,O,,,,,,,,
dv130s.pdf,,,O,,,,,,,,,,,,O,,,,,,,,
dv130t.pdf,,,O,,,,,,,,,,,,O,,,,,,,,
dv130v.pdf,,,,,,,,,,,,,,,O,,,,,,,,
dv140c.pdf,,,,,,,,,,O,,,,,O,,,,,,,,
dv140k.pdf,,,,,,,,,,O,,,,,O,,,,,,,,
dv140s.pdf,,,,,,,,,,O,,,,,O,,,,,,,,
dv140t.pdf,,,,,,,,,,O,,,,,O,,,,,,,,
dv140v.pdf,,,,,,,,,,,,,,,O,,,,,,,,
dv145c.pdf,O,,O,,,,,,,,,,,,O,,,,,,,,
dv145k.pdf,O,,O,,,,,,,,,,,,O,,,,,,,,
dv145s.pdf,O,,O,,,,,,,,,,,,O,,,,,,,,
dv145v.pdf,O,,O,,,,,,,,,,,,O,,,,,,,,
dv150c.pdf,,,O,,,,,,,O,,,,,O,,,,,,,,
dv150s.pdf,,,O,,,,,,,,,,,,O,,,,,,,,
dv150t.pdf,,,O,,,,,,,,,,,,O,,,,,,,,
dv150v.pdf,,,,,,,,,,,,,,,O,,,,,,,,
dv160infos.pdf,O,,O,,,O,,,O,,,,,,O,,,,,,,,
dv160k.pdf,O,,O,,,,,,,O,,,,,O,,,,,,,,
dv160s.pdf,O,,O,,,,,,,O,,,,,O,,,,,,,,
dv160v.pdf,O,,O,,,,,,,O,,,,,O,,,,,,,,
dv165c.pdf,O,,O,,,,,,,O,,,,,O,,,,,,,,
dv165k.pdf,O,,O,,,,,,,O,,,,,O,,,,,,,,
dv165s.pdf,O,,O,,,,,,,O,,,,,O,,,,,,,,
dv170c.pdf,O,,O,,,,,,,,,,,,O,,,,,,,,
dv170k.pdf,O,,O,,,,,,,,,,,,O,,,,,,,,
dv170s.pdf,O,,O,,,,,,,,,,,,O,,,,,,,,
dv170v.pdf,O,,O,,,,,,,,,,,,O,,,,,,,,
dv175c.pdf,O,,O,,,,,,,O,,,,,O,,,,,,,,
dv175k.pdf,O,,O,,,,,,,O,,,,,O,,,,,,,,
dv175s.pdf,O,,O,,,,,,,O,,,,,O,,,,,,,,
dv175v.pdf,O,,O,,,,,,,O,,,,,O,,,,,,,,
dv180c.pdf,O,O,O,,,O,O,O,,O,,,,O,O,,,,,,,,
dv180k.pdf,O,,O,,,O,O,O,,O,,,,O,O,,,,,O,,,
dv180s.pdf,O,O,O,,,O,O,O,,O,,,,O,,,,,,,,,
dv180v.pdf,O,,O,,,O,O,O,,O,,,,O,O,,O,,,O,,,
dv200c.pdf,O,,O,,,,,,,O,,,,,O,,,,,,,,
dv200infoc.pdf,O,,O,,,,O,,O,,,,O,O,O,,,O,,,,,
dv200infok.pdf,O,,O,,,O,,,O,,,,,O,O,,,O,,,,,
dv200infov.pdf,O,,O,,,,,,O,,,,,,O,,,,,,,,
dv200k.pdf,O,,O,,,,,,,O,,,,,O,,,,,,,,
dv200s.pdf,O,,O,,,,,,,O,,,,,O,,,,,,,,
dv200t.pdf,O,,,,,,,,,O,,,,,O,,,,,,,,
dv200v.pdf,O,,O,,,,,,,O,,,,,O,,,,,,,,
dv205infoc.pdf,O,,O,,,O,,,O,,,,O,O,O,,,O,,,,,
dv205infok.pdf,O,,O,,,,,,O,,,,,O,O,,,O,,,,,
dv205infos.pdf,O,,O,,,O,,,O,,,,,,O,,,,,,,,
dv210c.pdf,O,,O,,,O,,,O,,,,O,O,O,,,O,,,,,
dv210k.pdf,O,,O,,,O,,,O,,,,,O,O,,,O,,,,,
dv210v.pdf,O,,O,,,,,,O,,,,,,O,,,,,,,,
dv250k.pdf,O,,O,,,,,,,,,,,O,O,,,O,,,,,
dv250s.pdf,O,,O,,,,,,,,,,,,O,,,,,,,,
dv250v.pdf,O,,O,,,,O,,,O,,,,,O,,,,,,,,
dv300c.pdf,,,O,,,O,,,O,O,,,,,O,,,,,,,,
dv300infoc.pdf,,,O,,,,,,,,,,,,O,,,,,,,,
dv300infok.pdf,,,O,,,,,,,,,,,,O,,,,,,,,
dv300infos.pdf,,,O,,,,,,,O,,,,,,,,,,,,,
dv300infot.pdf,,,O,,,,,,,,,,,,,,,,,,,,
dv300infov.pdf,,,O,,,,,,,,,,,,O,,,,,,,,
dv300k.pdf,,,,,,,,,,,,,,,O,,,,,,,,
dv300s.pdf,O,,O,,,,,,,,,,,,O,,,,,,,,
dv300t.pdf,,,,,,,,,,O,,,,,O,,,,,,,,
dv305c.pdf,,,O,,,,O,,,O,,,,,O,,,,,,,,
dv305k.pdf,,,,,,,,,,,,,,,O,,,,,,,,
dv305s.pdf,O,,O,,,,,,,,,,,,O,,,,,,,,
dv305t.pdf,,,,,,,,,,,,,,,O,,,,,,,,
dv305v.pdf,O,,O,,,,,,,,,,,,O,,,,,,,,
dv310c.pdf,,,O,,,,,,,O,,,,,O,,,,,,O,,
dv310k.pdf,,,,,,,,,,,,,,,O,,,,,,,,
dv310s.pdf,O,,O,,,,,,,,,,,,O,,,,,,,,
dv310t.pdf,,,,,,,,,,,,,,,O,,,,,,,,
dv310v.pdf,O,,O,,,,,,,,,,,,O,,,,,,,,
dv315c.pdf,,,O,,,,,,,O,,,,,O,,,,,,,,
dv315k.pdf,,,,,,,,,,,,,,,O,,,,,,,,
dv315s.pdf,O,,O,,,,,,,,,,,,O,,,,,,,,
dv315t.pdf,,,,,,,,,,,,,,,O,,,,,,,,
dv315v.pdf,O,,O,,,,,,,,,,,,O,,,,,,,,
dv316c.pdf,,,O,,,,,,,O,,,,,O,,,,,,,,
dv316k.pdf,,,,,,,,,,O,,,,,O,,,,,,,,
dv316s.pdf,O,,O,,,,,,,O,,,,,O,,,,,,,,
dv316t.pdf,,,O,,,,,,,,,,,,O,,,,,,,,
dv316v.pdf,O,,O,,,O,,,O,,,,,,O,,,,,,,,
dv320c.pdf,,,O,,,,,O,,O,,,,,O,,,,,,,,
dv320k.pdf,,,,,,,,,,,,,,,O,,,,,,,,
dv320s.pdf,O,,O,,,,,,,,,,,,O,,,,,,,,
dv320t.pdf,,,,,,,,,,,,,,,O,,,,,,,,
dv320v.pdf,O,,O,,,O,,,O,,,,,,O,,,,,,,,
dv325c.pdf,,,O,,,,,,,O,,,,,O,,,,,,,,
dv325k.pdf,,,O,,,,,,,,,,,,O,,,,,,,,
dv325t.pdf,,,,,,,,,,O,,,,,O,,,,,,,,
dv325v.pdf,O,,O,,,O,,,O,,,,,,O,,,,,,,,
dv330c.pdf,,,O,,,,,,,O,,,,,O,,,,,,,,
dv330k.pdf,,,,,,,,,,,,,,,O,,,,,,,,
dv330s.pdf,O,,O,,,,,,,,,,,,O,,,,,,,,
dv330t.pdf,,,,,,,,,,,,,,,O,,,,,,,,
dv330v.pdf,O,,O,,,O,,,O,,,,,,O,,,,,,,,
dv500infoc.pdf,O,,O,,,,,,,,,,,,O,,,,,,,,
dv500infok.pdf,O,,O,,,,,,,,,,,,O,,,,,,,,
dv500infos.pdf,O,,O,,,,,,,,,,,,O,,,,,,,,
dv500infot.pdf,O,,O,,,,,,,,,,,,O,,,,,,,,
dv500infov.pdf,O,,O,,,,,,,,,,,,O,,,,,,,,
dv505infoc.pdf,O,,O,,,,,,,,,,,,O,,,,,,,,
dv505infok.pdf,O,,O,,,,,,,,,,,,O,,,,,,,,
dv505infos.pdf,O,,O,,,,,,,,,,,,O,,,,,,,,
dv505infot.pdf,O,,,,,,,,O,,,,,,O,,,,,,,,
dv520infoc.pdf,O,,O,,,,,,,O,,,,,O,,,,,,,,
dv520infok.pdf,O,,O,,,,,,,O,,,,,O,,,,,,,,
dv520infos.pdf,O,,O,,,,,,,O,,,,,O,,,,,,,,
dv520infot.pdf,O,,,,,,,,O,O,,,,,O,,,,,,,,
dv520infov.pdf,O,,O,,,,,,,O,,,,,O,,,,,,,,
dv530infoc.pdf,O,,O,,,,,,,,,,,,O,,,,,,,,
dv530infok.pdf,O,,O,,,,,,,,,,,,O,,,,,,,,
dv530infos.pdf,O,,O,,,,,,,,,,,,,,,,,,,,
dv530infot.pdf,O,,,,,,,,O,,,,,,,,,,,,,,
dv530infov.pdf,O,,O,,,,,,,,,,,,O,,,,,,,,
dv570c.pdf,O,O,O,,,,,,,O,,,,,,,,O,,,,,
dv570k.pdf,O,O,O,,,,,,,O,,,,,,,,O,,,,,
dv570s.pdf,O,O,O,,,,,,,O,,,,,,,,O,,,,,
dv570v.pdf,O,O,O,,,,,,,O,,,,,,,,O,,,,,
dv600c.pdf,O,O,O,,,,,,,O,,,,,O,,,,,,,,
dv600k.pdf,O,O,O,,,,,,,O,,,,,O,,,,,,,,
dv600s.pdf,O,O,O,,,,,,,O,,,,O,O,,,,,,,,
dv600v.pdf,O,O,O,,,,,,,O,,,,,O,,,,,,,,
dv630c.pdf,O,O,O,,,O,O,,O,,,,,,O,,,,,,,,
dv630k.pdf,O,O,O,,,O,O,,O,O,,,,,O,,,,,,,,
dv630s.pdf,O,O,O,,,O,O,,O,O,,,,,O,,,,,,,,
dv630v.pdf,O,O,O,,,,,,,O,,,,,O,,,,,,,,
dv700c.pdf,O,,,,,,,,,O,,,,,O,,,,,,,,
dv700infoc.pdf,O,,O,,,,,,,,,,,,O,,,,,,,,
dv700infok.pdf,,,O,,,,,,,,,,,,O,,,,,,,,
dv700infos.pdf,,,O,,,,,,,,,,,,O,,,,,,,,
dv700infot.pdf,,,O,,,,,,,O,,,,,O,,,,,,,,
dv700infov.pdf,,,,,,,,,,,,,,,O,,,,,,,,
dv700k.pdf,O,,,,,,,,,O,,,,,O,,,,,,,,
dv700s.pdf,O,,,,,,,,,O,,,,,O,,,,,,,,
dv700t.pdf,O,,,,,,,,,O,,,,,O,,,,,,,,
dv700v.pdf,O,,,,,,,,,O,,,,,O,,,,,,,,
dv710c.pdf,O,,,,,,,,,O,,,,,O,,,,,,,,
dv710k.pdf,O,,,,,,,,,O,,,,,O,,,,,,,,
dv710s.pdf,O,,,,,,,,,O,,,,,O,,,,,,,,
dv710t.pdf,O,,,,,,,,,O,,,,,O,,,,,,,,
dv710v.pdf,O,,,,,,,,,O,,,,,O,,,,,,,,
dv715c.pdf,O,,,,,,,,,O,,,,,O,,,,,,,,
dv715k.pdf,O,,,,,,,,O,O,,,,,O,,,,,,,,
dv715s.pdf,O,,,,,,,,,O,,,,,O,,,,,,,,
dv715t.pdf,O,,,,,,,,O,O,,,,,O,,,,,,,,
dv715v.pdf,O,,,,,,,,,O,,,,,O,,,,,,,,
dv716c.pdf,O,,,,,,,,,O,,,,,O,,,,,,,,
dv716k.pdf,O,,,,,,,,,O,,,,,O,,,,,,,,
dv716s.pdf,O,,,,,,,,,O,,,,,O,,,,,,,,
dv716t.pdf,O,,,,,,,,,O,,,,,O,,,,,,,,
dv716v.pdf,O,,,,,,,,,O,,,,,O,,,,,,,,
dv720c.pdf,O,,,,,,,,,O,,,,,O,,,,,,,,
dv720k.pdf,O,,,,,,,,,O,,,,,O,,,,,,,,
dv720s.pdf,O,,,,,,,,,O,,,,,O,,,,,,,,
dv720t.pdf,O,,,,,,,,O,O,,,,,O,,,,,,,,
dv720v.pdf,O,,,,,,,,O,O,,,,,O,,,,,,,,
dv730c.pdf,O,,,,,,,,,,,,,,O,,,,,,,,
dv730k.pdf,O,,,,,,,,,,,,,,O,,,,,,,,
dv730t.pdf,O,,,,,,,,,,,,,,O,,,,,,,,
dv730v.pdf,O,,,,,,,,,O,,,,,O,,,,,,,,
dv800c.pdf,O,,O,,,,,,,O,,,,,O,,,,,,,,
dv800infoc.pdf,O,,,,,,,,,,,,,,O,,,,,,,,
dv800infok.pdf,O,,,,,,,,,,,,,,O,,,,,,,,
dv800infos.pdf,O,,,,,,,,,,,,,,O,,,,,,,,
dv800infot.pdf,O,,,,,,,,,,,,,,O,,,,,,,,
dv800infov.pdf,O,,,,,,,,,O,,,,,O,,,,,,,,
dv800k.pdf,O,,O,,,,,,,O,,,,,O,,,,,,,,
dv800s.pdf,O,,,,,,,,,O,,,,,O,,,,,,,,
dv800t.pdf,O,,,,,,,,,O,,,,,O,,,,,,,,
dv800v.pdf,O,,O,,,,,,,O,,,,,O,,,,,,,,
dv805c.pdf,O,,O,,,,,,,,,,,,O,,,,,O,,,
dv805k.pdf,O,,O,,,,,,,,,,,,O,,,,,O,,,
dv805s.pdf,O,,O,,,O,O,,O,,,,,,O,,,,,O,,,
dv805v.pdf,O,,O,,,,,,,,,,,,O,,,,,O,,,
dv815c.pdf,O,,O,,,,,,,,,,,,O,,,,,O,,,
dv815k.pdf,O,,O,,,,,,,,,,,,O,,,,,O,,,
dv815s.pdf,O,,O,,,O,O,,O,,,,,,O,,,,,O,,,
dv815v.pdf,O,,O,,,,,,,,,,,,O,,,,,O,,,
dv820c.pdf,O,,O,,,,,,,,,,,,O,,,,,,,,
dv820k.pdf,O,,O,,,,,,,,,,,,O,,,,,,,,
dv820s.pdf,O,,O,,,,,,,,,,,,O,,,,,,,,
dv820v.pdf,O,,O,,,,,,,,,,,,O,,,,,,,,
dv830c.pdf,O,,O,,,,,,,O,,,,,O,,,,,,,,
dv830k.pdf,O,,O,,,,,,,O,,,,,O,,,,,,,,
dv830s.pdf,O,,O,,,,,,,O,,,,,O,,,,,,,,
dv830v.pdf,O,,O,,,,,,,O,,,,,O,,,,,,,,
dv840c.pdf,O,,,,,,,,,O,,,,,O,,,,,,,,
dv840k.pdf,O,,,,,,,,,O,,,,,O,,,,,,,,
dv840s.pdf,O,,,,,,,,,O,,,,,O,,,,,,,,
dv840v.pdf,O,,,,,,,,,O,,,,,O,,,,,,,,
dv850c.pdf,,,O,,,,,,,O,,,,,O,,,,,,,,
dv850k.pdf,,,O,,,O,,,,,,,,,O,,,,,,,,
dv850s.pdf,,,O,,,,,,,,,,,,O,,,,,,,,
dv850t.pdf,,,O,,,,,,,,,,,,O,,,,,,,,
dv850v.pdf,,,,,,,,,,,,,,,O,,,,,,,,
dv900c.pdf,O,,O,,,,,,,,,,,,O,,,,,O,,,
dv900k.pdf,O,,O,,,,,,,,,,,,O,,,,,O,,,
dv900s.pdf,O,,O,,,O,O,,O,,,,,,O,,,,,O,,,
dv900v.pdf,O,,O,,,,,,,,,,,,O,,,,,O,,,
dv901c.pdf,O,,O,,,O,,,O,O,,,,O,,,,,,O,,,
dv901k.pdf,O,O,O,,,,,,,O,,,,O,O,,,,,,,,
dv901s.pdf,O,,O,,,O,,,O,O,,,,O,,,,,,O,,,
dv901v.pdf,O,O,O,,,,,,,O,,,,O,O,,,,,,,,
ea100c.pdf,,,O,,,,,,,,,,,,O,,,,,,,,
ea100infoc.pdf,O,,O,,,,,,,,,,,,O,,,,,,,,
ea100infok.pdf,O,,O,,,,,,,,,,,O,O,,,,,,,,
ea100infos.pdf,O,,O,,,,,,,,,,,,O,,,,,,,,
ea100infov.pdf,,,,,,,,,O,O,,,,,O,,,,,,,,
ea100k.pdf,,,O,,,,,,,,,,,,O,,,,,,,,
ea100s.pdf,,,O,,,,,,,,,,,,O,,,,,,,,
ea100v.pdf,,,,,,,,,,,,,,,O,,,,,,,,
ea109c.pdf,,,O,,,,,,,,,,,,O,,,,,,,,
ea109k.pdf,,,O,,,,,,,,,,,,O,,,,,,,,
ea109s.pdf,,,O,,,,,,,,,,,,O,,,,,,,,
ea109v.pdf,,,,,,,,,,,,,,,O,,,,,,,,
ea110c.pdf,,,O,,,,,,,,,,,,O,,,,,,,,
ea110k.pdf,,,O,,,,,,,,,,,,O,,,,,,,,
ea110s.pdf,,,O,,,,,,,,,,,,O,,,,,,,,
ea110v.pdf,,,,,,,,,,,,,,,O,,,,,,,,
ea115c.pdf,O,,O,,,,,,O,,,,O,O,O,,,O,,,,,
ea115infoc.pdf,O,,O,,,,,,O,,,,O,O,O,,,O,,,,,
ea115infok.pdf,O,,O,,,O,,,O,,,,,O,O,,,O,,,,,
ea115infov.pdf,O,,O,,,,,,O,,,,,,O,,,,,,,,
ea115k.pdf,O,,O,,,O,,,O,,,,,O,O,,,O,,,,,
ea115s.pdf,O,,O,,,O,,,O,,,,,,O,,,,,,,,
ea115v.pdf,O,,O,,,O,,,O,,,,,,O,,,,,,,,
ea116c.pdf,,,O,,,,,,,,,,,,O,,,,,,,,
ea116k.pdf,,,O,,,,,,,O,,,,,O,,,,,,,,
ea116s.pdf,,,O,,,,,,,,,,,,O,,,,,,,,
ea116v.pdf,,,,,,,,,,,,,,,O,,,,,,,,
ea120c.pdf,,,O,,,,,,,O,,,,,O,,,,,,,,
ea120infoc.pdf,,,O,,,,,,,,,,,,O,,,,,,,,
ea120infok.pdf,,,,,,,,,,,,,,,O,,,,,,,,
ea120infos.pdf,,,O,,,,,,,,,,,,,,,,,,,,
ea120infov.pdf,,,,,,,,,,,,,,,O,,,,,,,,
ea120k.pdf,,,,,,,,,,,,,,,O,,,,,,,,
ea120s.pdf,,,O,,,,,,,,,,,,O,,,,,,,,
ea120v.pdf,,,,,,,,,,,,,,,O,,,,,,,,
ea130c.pdf,,,O,,,,,,,,,,,,O,,,,,,,,
ea130k.pdf,,,,,,,,,,,,,,,O,,,,,,,,
ea130s.pdf,,,O,,,,,,,,,,,,O,,,,,,,,
ea130v.pdf,,,,,,,,,,,,,,,O,,,,,,,,
ea200c.pdf,O,,O,,,,,,,O,,,,,O,,,,,,,,
ea200infoc.pdf,,,O,,,,,,,,,,,,O,,,,,,,,
ea200infok.pdf,,,O,,,,,,,,,,,,O,,,,,,,,
ea200infos.pdf,,,O,,,,,,,,,,,,,,,,,,,,
ea200infov.pdf,,,,,,,,,,,,,,,O,,,,,,,,
ea200k.pdf,O,,,,,,,,,O,,,,,O,,,,,,,,
ea200s.pdf,O,,,,,,,,,O,,,,,O,,,,,,,,
ea200v.pdf,O,,,,,,,,,O,,,,,O,,,,,,,,
ea250c.pdf,O,,O,,,,,,,O,,,,,O,,,,,,,,
ea250v.pdf,O,,,,,,,,,O,,,,,O,,,,,,,,
ea300c.pdf,O,,O,,,,,,,,,,,,O,,,,,,,,
ea300infoc.pdf,O,,,,,,,,,,,,,,O,,,,,,,,
ea300infok.pdf,O,,,,,,,,,,,,,,O,,,,,,,,
ea300infos.pdf,O,,,,,,,,,,,,,,O,,,,,,,,
ea300infov.pdf,O,,,,,,,,,,,,,,O,,,,,,,,
ea300k.pdf,O,,,,,,,,,,,,,,O,,,,,,,,
ea309c.pdf,O,,,,,,,,O,,,,,,O,,,,,,,,
ea309k.pdf,O,,,,,,,,O,,,,,,O,,,,,,,,
ea309v.pdf,O,,,,,,,,O,O,,,,,O,,,,,,,,
ea315c.pdf,O,,O,,,,,,,,,,,,O,,,,,,,,
ea315infoc.pdf,O,,,,,,,,,O,,,,,O,,,,,,,,
ea315infok.pdf,O,,,,,,,,,O,,,,,O,,,,,,,,
ea315infos.pdf,O,,,,,,,,,O,,,,,O,,,,,,,,
ea315infov.pdf,O,,,,,,,,,O,,,,,O,,,,,,,,
ea315k.pdf,O,,,,,,,,,,,,,,O,,,,,,,,
ea315s.pdf,O,,,,,,,,,,,,,,O,,,,,,,,
ea316c.pdf,O,,O,,,,,,,,,,,,O,,,,,,,,
ea316k.pdf,O,,,,,,,,,,,,,,O,,,,,,,,
ea316s.pdf,O,,,,,,,,,,,,,,O,,,,,,,,
ea316v.pdf,O,,,,,,,,,,,,,,O,,,,,,,,
ea320c.pdf,O,,O,,,,,,,,,,,,O,,,,,,,,
ea320infoc.pdf,O,,,,,,,,,,,,,,O,,,,,,,,
ea320infok.pdf,O,,,,,,,,,,,,,,O,,,,,,,,
ea320infos.pdf,O,,,,,,,,,,,,,,,,,,,,,,
ea320infov.pdf,O,,,,,,,,,,,,,,O,,,,,,,,
ea320k.pdf,O,,,,,,,,,,,,,,O,,,,,,,,
ea320s.pdf,O,,,,,,,,,,,,,,O,,,,,,,,
ea320v.pdf,O,,,,,,,,,,,,,,O,,,,,,,,
ea330c.pdf,O,,,,,,,,,,,,,,O,,,,,,,,
ea330k.pdf,O,,,,,,,,,,,,,,O,,,,,,,,
ea330v.pdf,O,,,,,,,,,O,,,,,O,,,,,,,,
ea715c.pdf,O,,O,,,O,,,O,,,,O,O,O,,,O,,,,,
ea715k.pdf,O,,O,,,O,,,O,,,,,O,O,,,O,,,,,
ea715k_1.pdf,O,,O,,,O,,,O,,,,,O,O,,,O,,,,,
ea715v.pdf,O,,O,,,,,,O,O,,,,,O,,,,,,,,
ea716c.pdf,,,O,,,,,,,,,,,,O,,,,,,,,
ea716k.pdf,,,,,,,,,,O,,,,,O,,,,,,,,
ea716s.pdf,,,O,,,,,,,,,,,,O,,,,,,,,
ea716v.pdf,,,,,,,,,,,,,,,O,,,,,,,,
ea800c.pdf,,,O,,,,,,,O,,,,,O,,,,,,,,
ea800infoc.pdf,,,O,,,,,,,,,,,,O,,,,,,,,
ea800infok.pdf,,,,,,,,,,,,,,,O,,,,,,,,
ea800infos.pdf,,,O,,,,,,,,,,,,O,,,,,,,,
ea800infov.pdf,,,,,,,,,,,,,,,O,,,,,,,,
ea800k.pdf,,,O,,,,,,,,,,,,O,,,,,,,,
ea800s.pdf,,,O,,,,,,,,,,,,O,,,,,,,,
ea800v.pdf,,,,,,,,,,,,,,,O,,,,,,,,
efs005jvs.pdf,O,O,O,,,,,,,O,,,,,,,,,,,,,
ej130c.pdf,,,O,,,,,,,O,,,,,O,,,,,,,,
ej130k.pdf,,,,,,,,,,,,,,,O,,,,,,,,
ej130s.pdf,,,O,,,,,,,O,,,,,O,,,,,,,,
ej130v.pdf,,,,,,,,,,,,,,,O,,,,,,,,
ej140infoc.pdf,,,,,,,,,O,O,,,,,O,,,,,,,,
ej140infok.pdf,,,,,,,,,O,,,,,,O,,,,,,,,
ej140infos.pdf,,,,,,,,,O,O,,,,,O,,,,,,,,
ej140infov.pdf,,,,,,,,,O,O,,,,,O,,,,,,,,
em100infoc.pdf,O,O,O,,,,,,,O,,O,,,O,,,,,,,,
em100infok.pdf,O,O,O,,,,,,,,,,,,O,,,O,O,,,,
em100infos.pdf,O,O,O,,,,,,,O,,O,,,O,,,,,,,,
em100infov.pdf,O,O,O,,,,,,,O,,O,,,O,,,,,,,,
epo001c.pdf,O,,O,,,O,,O,O,,,,,,O,,,,,,,,
epo001k.pdf,O,,O,,,O,,,O,,,,,,O,,,,,,,,
epo001s.pdf,,,,,,,,,,,,,,,O,,,,,,,,
epo001t.pdf,,,,,,,,,,,,,,,O,,,,,,,,
epo001v.pdf,O,,O,,,,,,,,,,,,O,,,,,,,,
epo002c.pdf,O,,O,,,,,O,,,,,,,O,,,,,,,,
epo002k.pdf,,,,,,,,,,O,,,,,O,,,,,,,,
epo002s.pdf,,,,,,,,,,,,,,,O,,,,,,,,
epo002t.pdf,,,,,,,,,,,,,,,,,,,,,,,
epo002v.pdf,O,,O,,,,,,,,,,,,O,,,,,,,,
fl100a.pdf,O,,,,,,,,,,,,,,O,,,,,,,,
fl100c.pdf,O,,,,,,,,,,,,,,O,,,,,,,,
fl100k.pdf,O,,O,,,,,,,O,,,,,O,,,,,,,,
fl100s.pdf,O,,,,,,,,,,,,,O,O,,,,,,,,
fl100v.pdf,O,,O,,,,,,,O,,,,,O,,,,,,,,
fl105k.pdf,,,,,,,,,O,,,,,,O,,,,,,,,
fl105s.pdf,,,,,,,,,O,,,,,,,,,,,,,,
fl105v.pdf,,,,,,,,,O,O,,,,,O,,,,,,,,
fl107infoc.pdf,O,,O,,,,,,,O,,,,,O,,,,,,,,
fl107infok.pdf,O,,O,,,,,,,O,,,,,O,,,,,,,,
fl107infos.pdf,O,O,O,,,,,,,O,,,,O,O,,,O,,,,,
fl107infov.pdf,O,,O,,,,,,,O,,,,,O,,,,,,,,
fl110a.pdf,O,O,O,,,,,,,O,,,,,O,,,,,,,,
fl110c.pdf,O,O,O,,,,,,,O,,,,O,O,,,,,,,,
fl110k.pdf,O,,O,,,,,,,,,,,,O,,,,,,,,
fl110v.pdf,O,,O,,,,,,,,,,,,O,,,,,,,,
fl115s.pdf,O,,O,,,,,,,O,,,,,O,,,,,,,,
fl117s.pdf,O,,O,,,,,,,,,,,,O,,,,,,,,
fl120a.pdf,O,,,,,,,,,,,,,,O,,,,,,,,
fl120c.pdf,O,,,,,,,,,,,,,,O,,,,,,,,
fl120k.pdf,O,,O,,,,,,,O,,,,,O,,,,,,,,
fl120s.pdf,O,,,,,,,,,,,,,O,O,,,,,,,,
fl120v.pdf,O,,O,,,,,,,O,,,,,O,,,,,,,,
fl130as.pdf,O,,,,,,,,,O,,,,,,,,,,,,,
fl130s.pdf,O,,,,,,,,,O,,,,,O,,,,,,,,
fl140s.pdf,O,O,O,,,,,,,O,,,,O,O,,,O,,,,,
fl141s.pdf,O,,O,,,,,,,O,,,,,O,,,,,,,,
fl142s.pdf,O,O,O,,,O,O,,O,O,,,,,O,,,,,,,,
fl144s.pdf,O,,O,,,,,,,O,,,,,,,,,,,,,
fl145s.pdf,O,,O,,,,,,,,,,,,O,,,,,,,,
fl150c.pdf,O,,,,,,,,,O,,,,O,O,,,,,,,,
fl150k.pdf,O,,,,,,,O,,,,,,O,O,,,,,,,,
fl150s.pdf,O,,O,,,O,,,O,O,,,,,,,,,,O,,,
fl150t.pdf,O,,,,,,,,,,,,,O,O,,,,,,,,
fl150v.pdf,O,,,,,O,,,,O,,,,O,O,,,,,,,,
fl155s.pdf,O,O,O,,,,,,,O,,,,,,,,,,,,,
fl157s.pdf,O,,O,,,O,,,O,,,,,,,,,,,O,,,
fl160s.pdf,O,O,O,,,,,,,O,,,,O,O,,,,,,,,
fl165s.pdf,O,,,,,,,,,O,,,,,O,,,,,,,,
fl180c.pdf,O,,O,,,,,,,O,,,,,O,,,,,,,,
fl180k.pdf,O,,O,,,,,,,O,,,,,O,,,,,,,,
fl180s.pdf,O,O,O,,,O,O,O,,O,,,,O,,,,,,,,,
fl180v.pdf,O,,O,,,,,,,O,,,,,O,,,,,,,,
fl190s.pdf,O,,O,,,,,,,,,,,,O,,,,,,,,
fl191c.pdf,O,,,,,,,,,,,,,,O,,,,,,,,
fl191k.pdf,O,,,,,,,,,,,,,,O,,,,,,,,
fl191s.pdf,O,O,O,,,,,,,O,,,,O,,,,,,,,,
fl191t.pdf,O,,,,,,,,,,,,,,O,,,,,,,,
fl191v.pdf,O,,,,,,,,,,,,,O,O,,,,,,,,
fl192c.pdf,,,,,,,,,O,O,,,,,O,,,,,,,,
fl192k.pdf,,,,,,,,,O,,,,,,O,,,,,,,,
fl192s.pdf,O,,O,,,O,,,O,,,,,,O,,,,,,,,
fl192v.pdf,,,,,,,,,O,,,,,,O,,,,,,,,
fl200s.pdf,O,,,,,,,,,,,,,,O,,,,,,,,
fl210c.pdf,O,O,O,,,,,,,O,,,,O,O,,,O,,,,,
fl210k.pdf,O,,O,,,,,,,,,,,,O,,,,,,,,
fl210v.pdf,O,,O,,,,,,,,,,,,O,,,,,,,,
fl211c.pdf,O,,O,,,,,,,O,,,,,O,,,,,,,,
fl211k.pdf,O,,,,,,,,,O,,,,,O,,,,,,,,
fl211s.pdf,O,,,,,,,,,O,,,,,O,,,,,,,,
fl211v.pdf,O,,,,,,,,,O,,,,,O,,,,,,,,
fl220s.pdf,O,,,,,,,,,,,,,,O,,,,,,,,
fl230s.pdf,O,,,,,,,,,,,,,,O,,,,,,,,
fl235c.pdf,O,,O,,,,,,,O,,,,,O,,,,,,,,
fl235k.pdf,O,,O,,,,,,,O,,,,,O,,,,,,,,
fl235s.pdf,O,,,,,,,,,,,,,,O,,,,,,,,
fl235v.pdf,O,,O,,,,,O,,O,,,,,O,,,,,,,,
fl240s.pdf,O,,O,,,,,,,,,,,,,,,,,,,,
fl250c.pdf,O,,O,,,,,,,O,,,,,,,,,,,,,
fl250k.pdf,O,,O,,,,,,,O,,,,,O,,,,,,,,
fl250s.pdf,O,,,,,,,,,,,,,,O,,,,,,,,
fl250v.pdf,O,,O,,,,,,,O,,,,,O,,,,,,,,
fl260s.pdf,O,,,,,,,,,,,,,O,O,,,,,,,,
fl270s.pdf,O,,,,,,,,,,,,,O,O,,,,,,,,
fl273s.pdf,O,,,,,,,,,,,,,O,O,,,,,,,,
fl274s.pdf,O,,,,,,,,,,,,,O,,,,,,,,,
fl276s.pdf,O,,,,,,,,,,,,,,O,,,,,,,,
fl278s.pdf,O,,O,,,,,,,O,,,,,O,,,,,,,,
fl280s.pdf,O,,,,,,,,,,,,,O,O,,,,,,,,
fl281s.pdf,O,,,,,,,,,,,,,O,O,,,,,,,,
fl285s.pdf,O,,,,,,,,,,,,,O,O,,,,,,,,
fl290s.pdf,O,,,,,,,,,,,,,,O,,,,,,,,
fl300c.pdf,O,,O,,,,,,,O,,,,,O,,,,,,,,
fl300infoc.pdf,,,,,,,,,O,,,,,,O,,,,,,,,
fl300infok.pdf,,,,,,,,,O,,,,,,O,,,,,,,,
fl300infos.pdf,,,,,,,,,,,,,,,O,,,,,,,,
fl300infov.pdf,,,,,,,,,O,O,,,,,O,,,,,,,,
fl300k.pdf,,,O,,,O,,,O,,,,,,O,,,,,,,,
fl300s.pdf,,,O,,,,,,,,,,,,O,,,,,,,,
fl302c.pdf,,,,,,,,,O,O,,,,,,,,,,,,,
fl302k.pdf,,,,,,,,,,,,,,,O,,,,,,,,
fl302s.pdf,,,,,,,,,O,,,,,,,,,,,,,,
fl302v.pdf,,,,,,,,,O,O,,,,,O,,,,,,,,
fl303s.pdf,O,,,,,,,,,,,,,,O,,,,,,,,
fl304infos.pdf,O,,,,,,,,,,,,,,O,,,,,,,,
fl305c.pdf,O,,O,,,,,,,O,,,,,O,,,,,,,,
fl305k.pdf,O,,O,,,,,,,O,,,,,O,,,,,,,,
fl305s.pdf,O,O,O,,,,,,,O,,,,O,,,,,,,,,
fl305v.pdf,O,,O,,,,,,,O,,,,,O,,,,,,,,
fl306s.pdf,O,,,,,,,,,,,,,O,O,,,,,,,,
fl307s.pdf,O,,,,,,,,,,,,,,O,,,,,,,,
fl308s.pdf,O,,,,,,,,,,,,,O,O,,,,,,,,
fl309s.pdf,O,,,,,,,,,,,,,O,O,,,,,,,,
fl310s.pdf,O,,,,,,,,,,,,,,O,,,,,,,,
fl311s.pdf,O,,O,,,,,,,,,,,,O,,,,,,,,
fl312s.pdf,O,O,O,O,,O,O,,O,O,,,,O,O,,,,,,,,
fl313infoc.pdf,O,,O,,,,,,,O,,,,,O,,,,,O,,,
fl313infok.pdf,O,,O,,,O,O,,O,O,,,,,O,,,,,O,,,
fl313infos.pdf,O,O,O,,,O,O,,O,O,,,,O,O,,,,,,,,
fl313infov.pdf,O,,O,,,,,,,O,,,,,O,,,,,O,,,
fl314infoc.pdf,O,,O,,,,,,,O,,,,,O,,,,,O,,,
fl314infok.pdf,O,,O,,,O,O,,O,O,,,,,O,,,,,O,,,
fl314infos.pdf,O,O,O,,,O,O,,O,O,,,,O,O,,,,,,,,
fl314infov.pdf,O,O,O,,,O,O,,O,O,,,,,O,,,O,,,,,
fl320c.pdf,,,,,,,,,O,O,,,,,O,,,,,,,,
fl320infoc.pdf,,,,,,,,,O,O,,,,,O,,,,,,,,
fl320infok.pdf,,,,,,,,,O,,,,,,O,,,,,,,,
fl320infos.pdf,,,O,,,,,,,,,,,,O,,,,,,,,
fl320infov.pdf,,,,,,,,,O,O,,,,,O,,,,,,,,
fl320k.pdf,,,,,,,,,O,,,,,,O,,,,,,,,
fl320s.pdf,O,O,O,,,,,,,,,,,O,O,,,,,,,,
fl320v.pdf,,,,,,,,,O,O,,,,,O,,,,,,,,
fl322s.pdf,O,O,O,,,,,,,O,,,,O,,,,,,,,,
fl323infoc.pdf,O,,O,,,,,,,O,,,,,O,,,,,,,,
fl323infok.pdf,O,,O,,,,,,,O,,,,,O,,,,,,,,
fl323infos.pdf,O,O,O,,,,,,,O,,,,O,O,,,,,,,,
fl323infov.pdf,O,,O,,,,,,,O,,,,,O,,,,,,,,
fl323s.pdf,O,,,,,,,,,,,,,,O,,,,,,,,
fl327s.pdf,O,,O,,,,,,,O,,,,,O,,,,,,,,
fl328c.pdf,O,,,,,O,,,O,O,,,O,O,O,,,O,,,,,
fl328k.pdf,O,,O,,,O,O,O,O,O,,,,,O,,,,,,,,
fl328s.pdf,O,,,,,,,,,,,,,,O,,,,,,,,
fl328v.pdf,O,,,,,O,,,O,,,,,,O,,,,,,,,
fl329infos.pdf,O,O,O,,,,,,,O,,,,O,,,,,,,,,
fl329s.pdf,O,,,,,,,,,,,,,,O,,,,,,,,
fl330infoc.pdf,O,,O,,,,,,,O,,,,,,,,,,,,,
fl330infok.pdf,O,,O,,,,,,,O,,,,,O,,,,,,,,
fl330infov.pdf,O,,O,,,,,,,O,,,,,O,,,,,,,,
fl335infoc.pdf,O,,O,,,,,,,O,,,,,,,,,,,,,
fl335infok.pdf,O,,O,,,,,,,O,,,,,O,,,,,,,,
fl335infov.pdf,O,,O,,,,,,,O,,,,,O,,,,,,,,
fl340c.pdf,O,,O,,,,,,,,,,,,O,,,,,,,,
fl340k.pdf,O,,O,,,,,,,,,,,,O,,,,,,,,
fl340s.pdf,O,,O,,,,,,,,,,,,O,,,,,,,,
fl340v.pdf,O,,O,,,,,,,,,,,,O,,,,,,,,
fl341as.pdf,O,O,O,,,,,,,O,,,,O,O,,,O,,,,,
fl341bs.pdf,O,O,O,,,O,O,,O,O,,,,O,O,,,,,,,,
fl341cs.pdf,O,O,O,,,,,,,O,,,,O,,,,,,,,,
fl341cz.pdf,,,,,,,,,O,,,,,,O,,,,,,,,
fl341ds.pdf,O,O,O,,,,,,,O,,,,O,,,,,,,,,
fl341es.pdf,O,O,O,,,,,,,O,,,,O,,,,,,,,,
fl341k.pdf,,,,,,,,,O,,,,,,O,,,,,,,,
fl341s.pdf,O,,,,,,,,,,,,,,,,,,,,,,
fl341v.pdf,,,,,,,,,O,O,,,,,O,,,,,,,,
fl342c.pdf,,,,,,,,,O,O,,,,,O,,,,,,,,
fl342k.pdf,,,,,,,,,O,O,,,,,,,,,,,,,
fl342s.pdf,,,,,,,,,O,,,,,,,,,,,,,,
fl342v.pdf,,,,,,,,,O,O,,,,,O,,,,,,,,
fl343s.pdf,O,,O,,,O,,O,O,O,,,,,O,,,,,,,,
fl344s.pdf,O,O,O,,,,,,,O,,,,,,,,,,,,,
fl348s.pdf,O,O,O,,,,,,,O,,,,O,,,,,,,,,
fl350c.pdf,O,,O,,,,,,,O,,,,,O,,,,,,,,
fl350k.pdf,O,,O,,,,,,,O,,,,,O,,,,,,,,
fl350s.pdf,O,,O,,,,,,,O,,,,,O,,,,,,,,
fl350t.pdf,O,,O,,,,,,,O,,,,,O,,,,,,,,
fl350v.pdf,O,,O,,,,,,,O,,,,,O,,,,,,,,
fl355c.pdf,,,,,,,,,O,,,,,,O,,,,,,,,
fl355k.pdf,,,,,,,,,O,,,,,,O,,,,,,,,
fl355s.pdf,O,O,O,,,,,,,O,,,,O,,,,,,,,,
fl355v.pdf,,,,,,,,,O,O,,,,,O,,,,,,,,
fl356s.pdf,O,,O,,,,,,,O,,,,,O,,,,,,,,
fl357s.pdf,O,O,O,,,,,,,O,,,,O,,,,,,,,,
fl358s.pdf,O,O,O,,,,,,,O,,,,O,O,,,,,,,,
fl410c.pdf,O,,O,,,,,,,O,,,,,O,,,,,,,,
fl410k.pdf,O,,O,,,,,,,O,,,,,O,,,,,,,,
fl410v.pdf,O,,O,,,,,,,O,,,,,O,,,,,,,,
fl411c.pdf,,,,,,,,,,O,,,,,,,,,,,,,
fl411k.pdf,,,,,,,,,O,,,,,,,,,,,,,,
fl411s.pdf,,,,,,,,,O,,,,,,O,,,,,,,,
fl411v.pdf,,,,,,,,,O,O,,,,,O,,,,,,,,
fl445s.pdf,O,,,,,,,,,,,,,O,O,,,,,,,,
fl478c.pdf,O,,,,,,,,,,,,,,O,,,,,,,,
fl478infoc.pdf,O,,,,,,,,,,,,,,O,,,,,,,,
fl478infok.pdf,O,,,,,,,,,,,,,O,O,,,,,,,,
fl478infos.pdf,O,,,,,,,,,,,,,O,O,,,,,,,,
fl478infot.pdf,O,,,,,,,,,,,,,O,O,,,,,,,,
fl478infov.pdf,O,,,,,,,,,,,,,,O,,,,,,,,
fl478k.pdf,O,,,,,,,,,,,,,O,O,,,,,,,,
fl478s.pdf,O,,,,,,,,,,,,,,O,,,,,,,,
fl478t.pdf,O,,,,,,,,,,,,,O,,,,,,,,,
fl478v.pdf,O,,,,,,,,,,,,,O,O,,,,,,,,
fl490c.pdf,O,,,,,,,,,,,,,,,,,,,,,,
fl490k.pdf,O,,,,,,,,,,,,,,O,,,,,,,,
fl490s.pdf,O,,,,,,,,,,,,,,O,,,,,,,,
fl490t.pdf,O,,,,,,,,O,,,,,,O,,,,,,,,
fl490v.pdf,O,,,,,,,,,O,,,,,O,,,,,,,,
fl530s.pdf,,,,,,,,,O,,,,,,O,,,,,,,,
fl570s.pdf,O,,,,,,,,,,,,,O,O,,,,,,,,
fl575s.pdf,O,,,,,,,,,,,,,O,O,,,,,,,,
fl600c.pdf,,,,,,,,,O,O,,,,,,,,,,,,,
fl600k.pdf,,,,,,,,,O,,,,,,,,,,,,,,
fl600s.pdf,,,,,,,,,O,,,,,,O,,,,,,,,
fl600t.pdf,,,,,,,,,O,,,,,,,,,,,,,,
fl600v.pdf,,,,,,,,,O,O,,,,,O,,,,,,,,
fl610c.pdf,,,,,,,,,O,O,,,,,,,,,,,,,
fl610k.pdf,,,,,,,,,O,,,,,,,,,,,,,,
fl610s.pdf,,,,,,,,,O,,,,,,O,,,,,,,,
fl610t.pdf,,,,,,,,,O,,,,,,O,,,,,,,,
fl610v.pdf,,,,,,,,,O,O,,,,,O,,,,,,,,
fl611c.pdf,O,,O,,,,,,,O,,,,,O,,,,,,,,
fl611k.pdf,O,,O,,,,,,,O,,,,,O,,,,,,,,
fl611s.pdf,O,,O,,,,,,,O,,,,,O,,,,,,,,
fl611t.pdf,O,,O,,,,,,,O,,,,,O,,,,,,,,
fl611v.pdf,O,,O,,,,,,,O,,,,,O,,,,,,,,
fl615s.pdf,O,O,O,,,,,,,O,,,,O,O,,,,,,,,
fl616c.pdf,,,,,,,,,O,O,,,,,,,,,,,,,
fl616k.pdf,,,,,,,,,O,,,,,,,,,,,,,,
fl616s.pdf,,,,,,,,,O,O,,,,,,,,,,,,,
fl616t.pdf,,,,,,,,,O,,,,,,,,,,,,,,
fl616v.pdf,,,,,,,,,O,O,,,,,O,,,,,,,,
fl618s.pdf,O,O,O,,,,,,,O,,,,O,O,,,,,,,,
fl620s.pdf,O,,,,,,,,,,,,,,O,,,,,,,,
fl625c.pdf,O,,O,,,,,,,O,,,,,,,,,,,,,
fl625k.pdf,O,,O,,,,,,,O,,,,,O,,,,,,,,
fl625s.pdf,O,O,O,,,,,,,O,,,,O,O,,,,,,,,
fl625t.pdf,O,,O,,,,,,,O,,,,,O,,,,,,,,
fl625v.pdf,O,,O,,,,,,,O,,,,,O,,,,,,,,
fl626c.pdf,O,O,O,,,,,,,O,,O,,,,,,,,,,,
fl626k.pdf,O,O,O,,,,,,,,,,,,,,,,,,,,
fl626s.pdf,O,O,O,,,,,,,O,,,,,,,,,,,,,
fl626t.pdf,O,O,O,,,,,,,O,,,,,,,,,,,,,
fl626v.pdf,O,O,O,,,,,,,O,,O,,,,,,,,,,,
fl630c.pdf,,,,,,,,,O,O,,,,,,,,,,,,,
fl630k.pdf,,,,,,,,,O,,,,,,,,,,,,,,
fl630s.pdf,,,,,,,,,O,,,,,,O,,,,,,,,
fl630t.pdf,,,,,,,,,O,,,,,,,,,,,,,,
fl630v.pdf,,,,,,,,,O,O,,,,,O,,,,,,,,
fl632infoc.pdf,,,,,,,,,O,O,,,,,O,,,,,,,,
fl632infok.pdf,,,,,,,,,O,,,,,,O,,,,,,,,
fl632infos.pdf,,,,,,,,,O,,,,,,,,,,,,,,
fl632infov.pdf,,,,,,,,,O,O,,,,,O,,,,,,,,
fl632k.pdf,,,,,,,,,O,,,,,,O,,,,,,,,
fl632s.pdf,,,,,,,,,O,O,,,,,O,,,,,,,,
fl632v.pdf,,,,,,,,,O,O,,,,,O,,,,,,,,
fl634s.pdf,O,O,O,,,,,,,O,,,,O,,,,,,,,,
fl635c.pdf,,,,,,,,,O,O,,,,,,,,,,,,,
fl635k.pdf,,,,,,,,,O,O,,,,,,,,,,,,,
fl635s.pdf,,,,,,,,,O,,,,,,O,,,,,,,,
fl635t.pdf,,,,,,,,,O,,,,,,,,,,,,,,
fl635v.pdf,,,,,,,,,O,O,,,,,O,,,,,,,,
fl640c.pdf,,,,,,,,,O,O,,,,,,,,,,,,,
fl640infoc.pdf,,,,,,,,,O,,,,,,O,,,,,,,,
fl640infok.pdf,,,,,,,,,O,,,,,,O,,,,,,,,
fl640infos.pdf,,,,,,,,,O,,,,,,O,,,,,,,,
fl640infot.pdf,,,,,,,,,O,,,,,,O,,,,,,,,
fl640infov.pdf,,,,,,,,,O,O,,,,,O,,,,,,,,
fl640k.pdf,,,,,,,,,O,,,,,,,,,,,,,,
fl640s.pdf,,,,,,,,,O,,,,,,O,,,,,,,,
fl640t.pdf,,,,,,,,,O,,,,,,,,,,,,,,
fl640v.pdf,,,,,,,,,O,O,,,,,O,,,,,,,,
fl643c.pdf,,,,,,,,,O,O,,,,,,,,,,,,,
fl643k.pdf,,,,,,,,,O,,,,,,,,,,,,,,
fl643s.pdf,,,,,,,,,O,,,,,,O,,,,,,,,
fl643t.pdf,,,,,,,,,O,,,,,,,,,,,,,,
fl643v.pdf,,,,,,,,,O,O,,,,,O,,,,,,,,
fl663c.pdf,O,O,O,,,,,,,O,,O,,,,,,,,,,,
fl663k.pdf,O,O,O,,,,,,,,,,,,,,,,,,,,
fl663s.pdf,O,O,O,,,,,,,O,,,,,,,,,,,,,
fl663t.pdf,O,O,O,,,,,,,O,,,,,,,,,,,,,
fl663v.pdf,O,O,O,,,,,,,O,,O,,,,O,,,,,,,
fl665s.pdf,,,,,,,,,O,,,,,,O,,,,,,,,
fl666c.pdf,O,,O,,,,,,,,,,,,,,,,,,,,
fl666k.pdf,O,,O,,,,,,,,,,,,O,,,,,,,,
fl666s.pdf,O,,O,,,,,,,,,,,,,,,,,,,,
fl666t.pdf,O,,O,,,,,,,,,,,,,,,,,,,,
fl666v.pdf,O,,O,,,,,,,,,,,,O,,,,,,,,
fl676c.pdf,O,,,,,,,,,,,,,,,,,,,,,,
fl676infoc.pdf,O,,,,,,,,,,,,,,O,,,,,,,,
fl676infok.pdf,O,,,,,,,,,,,,,,O,,,,,,,,
fl676infos.pdf,O,,,,,,,,O,,,,,,O,,,,,,,,
fl676infot.pdf,O,,,,,,,,O,,,,,,O,,,,,,,,
fl676infov.pdf,O,,,,,,,,,O,,,,,O,,,,,,,,
fl676k.pdf,O,,,,,,,,,,,,,,O,,,,,,,,
fl676t.pdf,O,,,,,,,,O,,,,,,O,,,,,,,,
fl676v.pdf,O,,,,,,,,O,O,,,,,O,,,,,,,,
fl680c.pdf,,,,,,,,,O,,,,,,O,,,,,,,,
fl680k.pdf,,,,,,,,,O,,,,,,O,,,,,,,,
fl680s.pdf,,,,,,,,,O,,,,,,O,,,,,,,,
fl680t.pdf,,,,,,,,,O,,,,,,O,,,,,,,,
fl680v.pdf,,,,,,,,,O,O,,,,,O,,,,,,,,
fl683c.pdf,,,,,,,,,O,,,,,,O,,,,,,,,
fl683k.pdf,,,,,,,,,O,,,,,,O,,,,,,,,
fl683s.pdf,,,,,,,,,O,,,,,,O,,,,,,,,
fl683t.pdf,,,,,,,,,O,,,,,,O,,,,,,,,
fl683v.pdf,,,,,,,,,O,O,,,,,O,,,,,,,,
fl684k.pdf,O,,O,,,,,,,O,,,,,O,,,,,,,,
fl684s.pdf,O,,O,,,,,,,O,,,,,O,,,,,,,,
fl684t.pdf,O,,O,,,,,,,O,,,,,O,,,,,,,,
fl684v.pdf,O,,O,,,,,,,O,,,,,O,,,,,,,,
fl685c.pdf,O,,,,,,,,,,,,,,O,,,,,,,,
fl685k.pdf,O,,,,,,,,,,,,,,O,,,,,,,,
fl685s.pdf,O,,,,,,,,,,,,,O,O,,,,,,,,
fl685t.pdf,O,,,,,,,,,,,,,,,,,,,,,,
fl685v.pdf,O,,,,,,,,,,,,,O,O,,,,,,,,
fl687s.pdf,,,,,,,,,O,,,,,,O,,,,,,,,
fl688c.pdf,,,,,,,,,O,O,,,,,,,,,,,,,
fl688k.pdf,,,,,,,,,O,,,,,,,,,,,,,,
fl688s.pdf,O,,O,,,,,,,O,,,,,O,,,,,,,,
fl688t.pdf,,,,,,,,,O,,,,,,,,,,,,,,
fl688v.pdf,,,,,,,,,O,O,,,,,O,,,,,,,,
fl692s.pdf,,,,,,,,,O,,,,,,O,,,,,,,,
fl693c.pdf,,,,,,,,,O,O,,,,,,,,,,,,,
fl693k.pdf,,,,,,,,,O,,,,,,,,,,,,,,
fl693s.pdf,,,,,,,,,O,O,,,,,O,,,,,,,,
fl693t.pdf,,,,,,,,,O,,,,,,,,,,,,,,
fl693v.pdf,,,,,,,,,O,O,,,,,O,,,,,,,,
fl694c.pdf,O,,O,,,,,,,,,,,,O,,,,,,,,
fl694k.pdf,O,,,,,,,,,,,,,,O,,,,,,,,
fl694s.pdf,O,O,O,,,,,,,O,,,,O,O,,,,,,,,
fl694t.pdf,O,,,,,,,,,,,,,,O,,,,,,,,
fl694v.pdf,O,,,,,,,,,,,,,,O,,,,,,,,
fl800c.pdf,O,,O,,,,,,O,,,,O,O,O,,,O,,,,,
fl800k.pdf,O,,O,,,O,,,O,,,,,O,O,,,O,,,,,
fl800s.pdf,O,,O,,,,,,,,,,,,O,,,,,,,,
fl800v.pdf,O,,O,,,,,,,,,,,,O,,,,,,,,
fl810c.pdf,O,,O,,,O,,,O,O,,,O,O,O,,,O,,,,O,O
fl810s.pdf,O,,O,,,O,,,O,O,,,,,O,,,,,,,O,O
fl810v.pdf,O,,O,,,O,,,O,O,,,,,O,,,,,,,O,O
fl840c.pdf,O,,,,,,,,,O,,,,,O,,,,,,,,
fl840k.pdf,O,,,,,,,,,O,,,,,O,,,,,,,,
fl840s.pdf,O,,,,,,,,,O,,,,,O,,,,,,,,
fl840t.pdf,O,,,,,,,,,O,,,,,O,,,,,,,,
fl840v.pdf,O,,,,,,,,,O,,,,,O,,,,,,,,
fl940c.pdf,O,O,O,,,,,,,O,,O,,,,,,,,,,,
fl940k.pdf,O,O,O,,,,,,,,,,,,,,,,,,,,
fl940s.pdf,O,O,O,,,,,,,O,,,,O,,,,,,,,,
fl940v.pdf,O,O,O,,,,,,,O,,O,,,,,,O,,,,,
fl955infos.pdf,O,O,O,,,,,,,O,,,,,,,,,,,,,
fw001c.pdf,,,,,,,,,O,O,,,,,O,,,,,,,,
fw001gcc.pdf,,,,,,,,,O,O,,,,,O,,,,,,,,
fw001gck.pdf,,,,,,,,,O,O,,,,,O,,,,,,,,
fw001gcs.pdf,O,,O,,,,,,,O,,,,,O,,,,,,,,
fw001gcv.pdf,,,,,,,,,O,O,,,,,O,,,,,,,,
fw001infoc.pdf,O,,,,,O,,,O,O,,,O,O,O,,,O,O,,,,
fw001infok.pdf,O,,O,,,O,,,O,O,,,,O,O,,,O,,,,,
fw001infos.pdf,O,,O,,,O,,,O,,,,,,O,,,,,,,,
fw001infov.pdf,O,,,,,O,,,O,,,,,,O,,,,,,,,
fw001k.pdf,,,,,,,,,O,,,,,,O,,,,,,,,
fw001v.pdf,,,,,,,,,O,O,,,,,O,,,,,,,,
fw002s.pdf,O,O,O,,,,,,,O,,,,O,,,,,,,,,
fw003gcs.pdf,O,,O,,,,,,,O,,,,,O,,,,,,,,
fw003s.pdf,O,,O,,,O,,,O,,,,,,O,,,,,,,,
fw005s.pdf,O,,O,,,O,,,O,,,,,,O,,,,,,,,
fw006gcs.pdf,O,O,O,,,,,,,O,,,,O,,,,,,,,,
fw006s.pdf,O,O,O,,,,,,,O,,,,O,,,,,,,,,
fw007s.pdf,O,O,O,,,,,,,O,,,,O,O,,,,,,,,
fw008gcs.pdf,O,,O,,,,,,,O,,,,,O,,,,,,,,
fw010s.pdf,O,O,O,,,,,,,O,,,,O,,,,,,,,,
fw011s.pdf,O,O,O,,,,,,,O,,,,O,O,,,,,,,,
fw012gcs.pdf,O,,O,,,,,,,O,,,,,O,,,,,,,,
fw012s.pdf,O,,O,,,O,,,O,,,,,,O,,,,,,,,
fw015infoc.pdf,,,,,,,,,,O,,,,,O,,,,,,,O,
fw015infok.pdf,O,,O,,,,,,,,,,,,O,,,,,,,,
fw015infov.pdf,O,,O,,,O,,,O,,,,,,O,,,,,,,O,
fw016gcs.pdf,O,,O,,,,,,,O,,,,,O,,,,,,,,
fw016s.pdf,O,,O,,O,,,,,O,,,,O,,,,,,,,,
gc020ps.pdf,,,,,,,,,,,,,,,O,,,,,,,,
gc020s.pdf,,,,,,,,,,,,,,,O,,,,,,,,
gc022s.pdf,,,,,,,,,,,,,,,O,,,,,,,,
gc110ps.pdf,,,O,,,,,,,,,,,,O,,,,,,,,
gc110s.pdf,,,,,,,,,,O,,,,,O,,,,,,,,
gc111s.pdf,O,,,,,,,,,O,,,,,O,,,,,,,,
gc120c.pdf,,,,,,,,,O,O,,,,,O,,,,,,,,
gc120k.pdf,,,,,,,,,O,,,,,,O,,,,,,,,
gc120s.pdf,,,,,,,,,O,,,,,,,,,,,,,,
gc120v.pdf,,,,,,,,,O,O,,,,,O,,,,,,,,
gc140s.pdf,,,,,,,,,,O,,,,,O,,,,,,,,
gc141s.pdf,O,,,,,,,,,O,,,,,O,,,,,,,,
gc150s.pdf,,,,,,,,,,,,,,,O,,,,,,,,
gc205infoc.pdf,O,,,,,,,,,O,,,,,O,,,,,,,,
gc205infok.pdf,O,,,,,,,,,O,,,,,O,,,,,,,,
gc205infos.pdf,O,,,,,,,,,O,,,,,O,,,,,,,,
gc205infov.pdf,O,,,,,,,,,O,,,,,O,,,,,,,,
gc206infos.pdf,O,,,,,,,,,,,,,,O,,,,,,,,
gc207infok.pdf,O,,,,,,,,,,,,,,O,,,,,,,,
gc207infos.pdf,O,,O,,,,,,,,,,,,O,,,,,,,,
gc207infov.pdf,O,,,,,,,,O,,,,,,O,,,,,,,,
gc210c.pdf,O,,,,,O,,,O,O,,,O,O,O,,,O,,,,,
gc210cas.pdf,,,,,,,,,,,,,,,O,,,,,,,O,
gc210k.pdf,O,,O,,,O,,,O,O,,,,O,O,,,O,,,,,
gc210pc.pdf,,,,,,,,,,,O,,O,O,O,,,O,,,,,
gc210pk.pdf,,,,,,,,,,,O,,,,O,,,,,,,,
gc210ps.pdf,,,,,,,,,,,O,,,,O,,,,,,,,
gc210pv.pdf,O,,O,,,O,O,O,O,O,,,,,O,,,,,O,,,
gc210s.pdf,O,,O,,,O,,,O,O,,,,,O,,,,,,,,
gc210v.pdf,O,,,,,O,,,O,O,,,,,O,,,,,,,,
gc211s.pdf,,,,,,,,,,,,,,,O,,,,,,,,
gc212s.pdf,,,,,,,,,,,,,,,O,,,,,,,,
gc215c.pdf,O,,O,,,,,,,O,,,,,,,,,,,,,
gc215k.pdf,O,,,,,,,,,O,,,,,O,,,,,,,,
gc215s.pdf,O,,,,,,,,,O,,,,,O,,,,,,,,
gc215v.pdf,O,,,,,,,,,O,,,,,O,,,,,,,,
gc220s.pdf,O,O,O,,,,,,,O,,,,O,,,,,,,,,
gc224s.pdf,O,O,O,,,,,,,O,,,,O,,,,,,,,,
gc240c.pdf,O,,O,,,,O,O,,O,,,O,O,O,,,O,,,,,
gc240k.pdf,,,,,,,,,,,O,,,,O,,,,,,,,
gc240s.pdf,O,,O,,,,O,O,,O,,,,,O,,,,,,,,
gc240v.pdf,O,,O,,,,O,O,,O,,,,,O,,,,,,,,
gc248c.pdf,O,,O,,,,O,O,,,,,O,O,O,,,O,,,,,
gc248k.pdf,,,,,,,,,,,O,,,,O,,,,,,,,
gc248s.pdf,O,,O,,,,,,,O,,,,O,,,,,,O,,,
gc248v.pdf,O,,O,,,,O,O,,,,,,,O,,,,,O,,,
gc250s.pdf,,,,,,,,,,O,,,,,O,,,,,,,,
gc310c.pdf,,,,,,,,,,,,,O,O,O,,,O,,,,,
gc310k.pdf,,,,,,,,,,,,,,,O,,,,,,,,
gc310s.pdf,,,,,,,,,,,,,,,O,,,,,,,,
gc310v.pdf,,,,,,,,,,O,,,,,O,,,,,,,,
gc312s.pdf,O,,,,,,,,,O,,,,,O,,,,,,,,
gc314s.pdf,O,,,,,,,,,O,,,,,O,,,,,,,,
gc320s.pdf,O,,,,,,,,,O,,,,,O,,,,,,,,
gc335c.pdf,,,,,,,,,O,O,,,,,O,,,,,,,,
gc335k.pdf,,,,,,,,,O,,,,,,O,,,,,,,,
gc335s.pdf,,,,,,,,,O,O,,,,,O,,,,,,,,
gc335v.pdf,,,,,,,,,O,O,,,,,O,,,,,,,,
gc340c.pdf,,,,,,,,,,,O,,O,O,O,,,O,,,,,
gc340k.pdf,,,,,,,,,,,,,,,O,,,,,,,,
gc340s.pdf,,,,,,,,,,,,,,,O,,,,,,,,
gc340v.pdf,,,,,,,,,,O,,,,,O,,,,,,,,
gc341c.pdf,,,,,,,,,O,,,,,,O,,,,,,,,
gc341k.pdf,,,,,,,,,O,,,,,,O,,,,,,,,
gc341s.pdf,O,O,O,,,,,,,O,,,,,,,,,,,,,
gc341v.pdf,,,,,,,,,O,O,,,,,O,,,,,,,,
gc348s.pdf,O,O,O,,,,,,,O,,,,,,,,,,,,,
gc350s.pdf,O,,,,,,,,,,,,,,O,,,,,,,,
gc505s.pdf,O,O,O,,,,,,,O,,,,O,,,,O,,,,,
gc510s.pdf,O,O,O,,,,,,,O,,,,O,,,,O,,,,,
gdc001c.pdf,O,,,,,,,,,,,,,O,O,,,,,,,,
gdc001k.pdf,O,,,,,O,,,O,,,,,,,,,,O,,,,
gdc001s.pdf,O,,,,,O,,,O,,,,,O,,,,,,,,,
gdc001v.pdf,O,,,,,O,,,O,O,,,,,,,,,O,,,,
gv009c.pdf,O,,O,,,,,,,,,,,,O,,,,,,,,
gv009k.pdf,O,,,,,,,,,,,,,,O,,,,,,,,
gv009s.pdf,O,,,,,,,,,,,,,,,,,,,,,,
gv009v.pdf,O,,,,,,,,,,,,,,O,,,,,,,,
gv020c.pdf,,,,,,,,,O,O,,,,,O,,,,,,,,
gv020infoc.pdf,,,,,,,,,O,O,,,,,O,,,,,,,,
gv020infok.pdf,,,,,,O,,,O,,,,,,O,,,,,,,,
gv020infos.pdf,,,,,,,,,O,,,,,,O,,,,,,,,
gv020infov.pdf,,,,,,,,,O,O,,,,,O,,,,,,,,
gv020k.pdf,,,,,,O,,,O,,,,,,O,,,,,,,,
gv020s.pdf,,,,,,,,,O,,,,,,O,,,,,,,,
gv020v.pdf,,,,,,,,,O,O,,,,,O,,,,,,,,
gv030c.pdf,,,,,,,,,O,,,,,,O,,,,,,,,
gv030k.pdf,,,,,,,,,O,,,,,,O,,,,,,,,
gv030s.pdf,,,O,,,,,,O,O,,,,,O,,,,,,,,
gv030v.pdf,,,,,,,,,O,O,,,,,O,,,,,,,,
gv100c.pdf,,,,,,,,,O,O,,,,,O,,,,,,,,
gv100infoc.pdf,,,,,,,,,O,O,,,,,O,,,,,,,,
gv100infok.pdf,,,,,,,,,O,,,,,,O,,,,,,,,
gv100infos.pdf,,,,,,,,,O,,,,,,O,,,,,,,,
gv100infov.pdf,,,,,,,,,O,O,,,,,O,,,,,,,,
gv100k.pdf,,,,,,,,,O,,,,,,O,,,,,,,,
gv100s.pdf,,,,,,,,,O,O,,,,,O,,,,,,,,
gv109c.pdf,,,,,,,,,O,O,,,,,O,,,,,,,,
gv109k.pdf,,,,,,,,,O,,,,,,O,,,,,,,,
gv109s.pdf,,,,,,,,,O,,,,,,O,,,,,,,,
gv109v.pdf,,,,,,,,,O,O,,,,,O,,,,,,,,
gv110k.pdf,,,,,,,,,O,,,,,,O,,,,,,,,
gv110s.pdf,,,,,,,,,O,O,,,,,O,,,,,,,,
gv110v.pdf,,,,,,,,,O,O,,,,,O,,,,,,,,
gv115c.pdf,O,,O,,,O,,,O,,,,O,O,O,,,O,,,,,
gv115k.pdf,O,,O,,,O,,,O,,,,,O,O,,,O,,,,,
gv115s.pdf,O,,O,,,O,,,O,,,,,,O,,,,,,,,
gv115v.pdf,O,,O,,,O,,,O,,,,,,O,,,,,,,,
gv116c.pdf,,,,,,,,,O,,,,,,O,,,,,,,,
gv116k.pdf,,,,,,,,,O,,,,,,O,,,,,,,,
gv116s.pdf,O,,,,,,,,,O,,,,,O,,,,,,,,
gv116v.pdf,,,,,,,,,O,O,,,,,O,,,,,,,,
gv120c.pdf,,,,,,,,,O,O,,,,,O,,,,,,,,
gv120infok.pdf,,,,,,,,,O,,,,,,O,,,,,,,,
gv120infos.pdf,,,,,,,,,O,,,,,,O,,,,,,,,
gv120infov.pdf,,,,,,,,,O,O,,,,,O,,,,,,,,
gv120k.pdf,,,,,,,,,O,O,,,,,O,,,,,,,,
gv120s.pdf,,,,,,,,,O,O,,,,,O,,,,,,,,
gv120v.pdf,,,,,,,,,O,O,,,,,O,,,,,,,,
gv130c.pdf,,,,,,,,,O,,,,,,O,,,,,,,,
gv130k.pdf,,,,,,,,,O,,,,,,O,,,,,,,,
gv130s.pdf,,,,,,,,O,O,O,,,,,,,,,,,,,
gv130v.pdf,,,,,,,,,O,O,,,,,O,,,,,,,,
gv200infoc.pdf,O,O,O,,,,,,,O,,,,,O,,,,,,,,
gv200infok.pdf,O,O,O,,,,,,,,,,,,O,,,,,,,,
gv200infos.pdf,O,O,O,,,,,,,O,,,,,,,,,,,,,
gv200infov.pdf,O,O,O,,,,,,,O,,,,,O,,,,,,,,
gv250c.pdf,O,O,O,,,O,O,,O,O,,,,,O,,,,,,,,
gv250k.pdf,O,O,O,,,O,O,,O,O,,,,,O,,,,,,,,
gv250s.pdf,O,O,O,,,,,,,O,,,,,,,,,,,,,
gv250v.pdf,O,O,O,,,,,,,O,,,,,O,,,,,,,,
gv620c.pdf,O,,O,,,O,,,O,,,,O,O,O,,,O,,,,,
gv620k.pdf,O,,O,,,O,,,O,,,,,O,O,,,O,,,,,
gv620s.pdf,O,,O,,,O,,,O,,,,,,O,,,,,,,,
gv620v.pdf,O,,O,,,O,,,O,,,,,,O,,,,,,,,
gv700c.pdf,O,,O,,,O,,,O,,,,O,O,O,,,O,,,,,
gv700k.pdf,O,,O,,,O,,,O,,,,,O,O,,,O,,,,,
gv700s.pdf,O,,O,,,,,,,,,,,,O,,,,,,,,
gv700v.pdf,O,,O,,,O,,,O,,,,,,O,,,,,,,,
gv715c.pdf,O,,,,,,,,,O,,,,,O,,,,,,,,
gv715k.pdf,O,,,,,,,,,O,,,,,O,,,,,,,,
gv715v.pdf,O,,,,,,,,,O,,,,,O,,,,,,,,
gv716c.pdf,O,,,,,,,,,O,,,,,O,,,,,,,,
gv716k.pdf,O,,,,,,,,,O,,,,,O,,,,,,,,
gv716v.pdf,O,,,,,,,,,O,,,,,O,,,,,,,,
gv720c.pdf,O,O,O,,,O,O,,O,,,,,,O,,,,,,,,
gv720k.pdf,O,O,O,,,O,O,,O,,,,,,O,,,,,,,,
gv720s.pdf,O,O,O,,,,,,,O,,,,,,,,,,,,,
gv720v.pdf,O,O,O,,,,,,,O,,,,,O,,,,,,,,
icwa005infos.pdf,O,,O,,,,,,,O,,,,,,,,,,,,,
icwa010as.pdf,O,,O,,,,,,,,,,,,O,,,,,,,,
icwa020s.pdf,O,,O,,,O,,,O,,,,,,O,,,,,,,,
icwa030as.pdf,O,O,O,,,,,,,O,,,,O,,,,,,,,,
icwa030s.pdf,O,,O,,,O,,,O,,,,,,O,,,,,,,,
int300c.pdf,O,,O,,,,,,,,,,,,O,,,,,O,,,
int300ct.pdf,O,O,O,,,,,,,,,,,,O,,,,,,,,
int300f.pdf,O,,O,,,O,O,,O,,,,,,O,,,,,O,,,
int300k.pdf,O,,O,,,,,,,,,,,,O,,,,,O,,,
int300p.pdf,O,,O,,,O,O,,O,,,,,,O,,,,,O,,,
int300r.pdf,O,,O,,,,,,,,,,,,O,,,,,O,,,
int300s.pdf,O,,O,,,,,,,,,,,,O,,,,,O,,,
int300tg.pdf,O,,O,,,,,,,,,,,,O,,,,,O,,,
int300v.pdf,O,,O,,,,,,,,,,,,O,,,,,O,,,
jv050infoc.pdf,O,O,O,,,,,,,O,,,,O,O,,,O,,,,,
jv050infocm.pdf,O,O,O,,,,,,,O,,,,O,O,,,O,,,,,
jv050infoh.pdf,O,O,O,,,,,,,O,,,,O,,,,,,,,,
jv050infok.pdf,O,O,O,,,,,,,O,,,,O,O,,,O,,,,,
jv050infor.pdf,O,O,O,,,,,,,O,,,,,O,,,O,,,,,
jv050infos.pdf,O,O,O,,,,,,,O,,,,O,,,,,,,,,
jv050infov.pdf,O,O,O,,,,,,,O,,,,O,O,,,O,,,,,
jv060infoa.pdf,O,,O,,,,,,O,,,,,,O,,,,,,,,
jv060infoc.pdf,O,O,O,,,O,O,,O,O,,,,,O,,,,,,,,
jv060infok.pdf,O,O,O,,,O,O,,O,,,,,,O,,,,,,,,
jv060infos.pdf,O,O,O,,,,,,,O,,,,,,,,,,,,,
jv060infov.pdf,O,O,O,,,,,,,O,,,,,O,,,,,,,,
jv100s.pdf,O,,O,,,O,,,O,,,,,,O,,,,,,,,
jv110s.pdf,O,,O,,,,,,,O,,,,,O,,,,,,,,
jv120s.pdf,O,O,O,,,,,,,O,,,,O,,,,,,,,,
jv121s.pdf,O,O,O,,,,,,,O,,,,O,,,,,,,,,
jv122s.pdf,O,O,O,,,,,,,O,,,,O,,,,,,,,,
jv123s.pdf,O,O,O,,,,,,,O,,,,O,,,,,,,,,
jv124s.pdf,O,O,O,,,,,,,O,,,,O,,,,,,,,,
jv125s.pdf,O,O,O,,,,,,,O,,,,O,,,,,,,,,
jv126s.pdf,O,O,O,,,,,,,O,,,,O,,,,,,,,,
jv127s.pdf,O,O,O,,,,,,,O,,,,O,,,,,,,,,
jv128s.pdf,O,O,O,,,,,,,O,,,,O,,,,,,,,,
jv129s.pdf,O,O,O,,,O,O,,,O,,,,O,,,,,,,,,
jv130infoc.pdf,O,,,,,,,,,O,,,,,O,,,,,,,,
jv130infok.pdf,O,,,,,,,,,O,,,,,O,,,,,,,,
jv130infos.pdf,O,O,O,,,,,,,O,,,,O,O,,,,,,,,
jv130infov.pdf,O,,,,,,,,,O,,,,,O,,,,,,,,
jv132c.pdf,,,,,,,,,O,,,,,,O,,,,,,,,
jv132s.pdf,,,,,,,,,O,,,,,,O,,,,,,,,
jv140s.pdf,O,O,O,,,,,,,O,,,,O,,,,,,,,,
jv141s.pdf,O,O,O,,,,,,,O,,,,,,,,,,,,,
jv150s.pdf,O,O,O,,,,,,,O,,,,O,,,,,,,,,
jv180s.pdf,O,,O,,,,,,,,,,,,O,,,,,,,,
jv185s.pdf,O,,,,,,,,,O,,,,,,,,,,,,,
jv190s.pdf,O,O,O,,,,,,,O,,O,,O,,,,O,,,,,
jv195s.pdf,O,O,O,,,,,,,,,,,,,,,,,,,,
jv200s.pdf,O,O,O,,,,,,,O,,,,O,,,,,,,,,
jv205s.pdf,O,O,O,,,,,,,O,,,,O,,,,,,,,,
jv210c.pdf,O,,O,,,,,,,,,,,,,,,,,,,,
jv210s.pdf,O,,,,,,,,,,,,,,O,,,,,,,,
jv210v.pdf,O,,,,,,,,,,,,,,O,,,,,,,,
jv212s.pdf,O,O,O,,,,,,,O,,,,,,,,,,,,,
jv214infok.pdf,O,,,,,,,,,O,,,,,O,,,,,,,,
jv214infos.pdf,O,O,O,,,,,,,O,,,,O,O,,,,,,,,
jv217infoc.pdf,O,,,,,,,,,,,,,,O,,,,,,,,
jv217infos.pdf,O,O,O,,,,,,,O,,,,,,,,,,,,,
jv218s.pdf,O,O,O,,,,,,,O,,,,O,O,,,,,,,,
jv219s.pdf,O,O,O,,,,,,,O,,,,,,,,,,,,,
jv222s.pdf,O,O,O,,,,,,,O,,,,,,,,,,,,,
jv225s.pdf,O,O,O,,,,,,,O,,,,O,O,,,,,,,,
jv228infos.pdf,O,,,,,,,,,,,,,,,,,,,,,,
jv245c.pdf,O,,O,,,,,,,O,,,,,O,,,,,,,,
jv245k.pdf,O,,O,,,,,,,O,,,,,O,,,,,,,,
jv245s.pdf,O,,O,,,,,,,O,,,,,O,,,,,,,,
jv245v.pdf,O,,O,,,,,,,O,,,,,O,,,,,,,,
jv247c.pdf,O,,O,,,,,,,O,,,,,O,,,,,,,,
jv247k.pdf,O,,,,,,,,,O,,,,,O,,,,,,,,
jv247s.pdf,O,,,,,,,,,O,,,,,O,,,,,,,,
jv247v.pdf,O,,,,,,,,,O,,,,,O,,,,,,,,
jv249c.pdf,,,,,,,,,O,O,,,,,O,,,,,,,,
jv249k.pdf,,,,,,,,,O,,,,,,O,,,,,,,,
jv249s.pdf,,,,,,,,,O,,,,,,O,,,,,,,,
jv249v.pdf,,,,,,,,,O,O,,,,,O,,,,,,,,
jv250c.pdf,O,,O,,,,,,,O,,,,,O,,,,,,,,
jv250k.pdf,O,,,,,,,,,O,,,,,O,,,,,,,,
jv250s.pdf,O,,,,,,,,,O,,,,,O,,,,,,,,
jv250v.pdf,O,,,,,,,,,O,,,,,O,,,,,,,,
jv251c.pdf,O,,O,,,,,,,O,,,,,O,,,,,,,,
jv251k.pdf,O,,O,,,,,,,O,,,,,O,,,,,,,,
jv251s.pdf,O,,,,,,,,,O,,,,,O,,,,,,,,
jv251v.pdf,O,,O,,,,,,,O,,,,,O,,,,,,,,
jv253c.pdf,O,,O,,,,,,,O,,,,,O,,,,,,,,
jv253k.pdf,O,,O,,,,,,,O,,,,,O,,,,,,,,
jv253s.pdf,O,,,,,,,,,O,,,,,O,,,,,,,,
jv253v.pdf,O,,O,,,,,,,O,,,,,O,,,,,,,,
jv255c.pdf,,,,,,,,,O,,,,,,O,,,,,,,,
jv255k.pdf,,,,,,,,,O,,,,,,O,,,,,,,,
jv255s.pdf,O,,,,,,,,,O,,,,,O,,,,,,,,
jv255v.pdf,,,,,,,,,O,O,,,,,O,,,,,,,,
jv257c.pdf,O,O,O,,,,,,,O,,,,,O,,,O,,,,,
jv257k.pdf,O,O,O,,,,,,,O,,,,,O,,,O,,,,,
jv257s.pdf,O,O,O,,,,,,,O,,,,O,,,,,,,,,
jv257v.pdf,O,O,O,,,,,,,O,,,,,O,,,O,,,,,
jv258c.pdf,O,,O,,,,,,,O,,,,,O,,,,,,,,
jv258k.pdf,O,,O,,,,,,,O,,,,,O,,,,,,,,
jv258s.pdf,O,,,,,,,,,O,,,,,O,,,,,,,,
jv258v.pdf,O,,O,,,,,,,O,,,,,O,,,,,,,,
jv259c.pdf,,,,,,,,,O,,,,,,O,,,,,,,,
jv259k.pdf,,,,,,,,,O,,,,,,O,,,,,,,,
jv259s.pdf,O,,,,,,,,,O,,,,,O,,,,,,,,
jv259v.pdf,,,,,,,,,O,O,,,,,,,,,,,,,
jv260c.pdf,O,,O,,,,,,,O,,,,,O,,,,,,,,
jv260k.pdf,O,,O,,,,,,,O,,,,,O,,,,,,,,
jv260s.pdf,O,,,,,,,,,O,,,,,O,,,,,,,,
jv260v.pdf,O,,O,,,,,,,O,,,,,O,,,,,,,,
jv265c.pdf,,,,,,,,,O,,,,,,O,,,,,,,,
jv265k.pdf,,,,,,,,,O,,,,,,O,,,,,,,,
jv265s.pdf,O,,,,,,,,,O,,,,,O,,,,,,,,
jv265v.pdf,,,,,,,,,O,O,,,,,O,,,,,,,,
jv268c.pdf,O,,O,,,,,,,O,,,,,O,,,,,,,,
jv268k.pdf,O,,O,,,,,,,O,,,,,O,,,,,,,,
jv268s.pdf,O,,,,,,,,,O,,,,,O,,,,,,,,
jv268v.pdf,O,,O,,,,,,,O,,,,,O,,,,,,,,
jv270c.pdf,O,,O,,,,,,,O,,,,,O,,,,,,,,
jv270infoc.pdf,O,,,,,,,,,,,,,,O,,,,,,,,
jv270infok.pdf,O,,,,,,,,,,,,,,O,,,,,,,,
jv270infos.pdf,O,,,,,,,,,,,,,,O,,,,,,,,
jv270infot.pdf,O,,,,,,,,,,,,,,O,,,,,,,,
jv270infov.pdf,O,,,,,,,,,O,,,,,O,,,,,,,,
jv270k.pdf,O,,O,,,,,,,O,,,,,O,,,,,,,,
jv270s.pdf,O,,,,,,,,,O,,,,,O,,,,,,,,
jv270t.pdf,O,,,,,,,,,O,,,,,O,,,,,,,,
jv270v.pdf,O,,O,,,,,,,O,,,,,O,,,,,,,,
jv272c.pdf,O,,O,,,,,,,,,,,,O,,,,,,,,
jv272k.pdf,O,,O,,,,,,,,,,,,O,,,,,,,,
jv272s.pdf,O,,,,,,,,,,,,,,O,,,,,,,,
jv272v.pdf,O,,O,,,,,,,,,,,,O,,,,,,,,
jv274c.pdf,O,,O,,,,,,,O,,,,,O,,,,,,,,
jv274k.pdf,O,,O,,,,,,,O,,,,,O,,,,,,,,
jv274s.pdf,O,,,,,,,,,,,,,,O,,,,,,,,
jv274v.pdf,O,,O,,,,,,,O,,,,,O,,,,,,,,
jv280s.pdf,O,O,O,,,,,,,O,,,,O,,,,,,,,,
jv285s.pdf,O,,O,,,O,,,O,O,,,,,O,,,,,,,,
jv290infoc.pdf,O,O,O,,,,,,,O,,,,,,,,O,,,,,
jv290infok.pdf,O,O,O,,,,,,,O,,,,,,,,O,,,,,
jv290infos.pdf,O,O,O,,,,,,,O,,,,O,,,,,,,,,
jv290infov.pdf,O,O,O,,,,,,,O,,,,,,,,,,,,,
jv296s.pdf,O,O,O,,,,,,,O,,,,O,,,,,,,,,
jv297s.pdf,O,O,O,,,,,,,O,,,,O,O,,,,,,,,
jv298s.pdf,O,O,O,,,,,,,O,,,,O,,,,,,,,,
jv299c.pdf,O,O,O,,,,,,,O,,,,,O,,,O,,,,,
jv299k.pdf,O,O,O,,,,,,,O,,O,,,O,,,O,,,,,
jv299s.pdf,O,O,O,,,,,,,O,,,,O,O,,,O,O,,,,
jv299v.pdf,O,O,O,,,,,,,O,,,,O,O,,,O,,,,,
jv300s.pdf,O,O,O,,,,,,,O,,,,O,,,,,,,,,
jv305s.pdf,O,O,O,,,,,,,O,,,,O,,,,,,,,,
jv310s.pdf,O,,O,,,O,,,O,O,,,,,O,,,,,,,,
jv326infoc.pdf,O,,,,,,,,,,,,,,,,,,,,,,
jv326infos.pdf,O,O,O,,,,,,,O,,,,,,,,,,,,,
jv330c.pdf,O,O,O,,,O,O,,O,,,,,,O,,,,,,,,
jv330k.pdf,O,O,O,,,O,O,,O,O,,,,,O,,,,,,,,
jv330s.pdf,O,O,O,,,,,,,O,,,,,O,,,,,,,,
jv330v.pdf,O,O,O,,,,,,,O,,,,,O,,,,,,,,
jv350infos.pdf,O,,,,,,,,,,,,,,O,,,,,,,,
jv352infok.pdf,O,,,,,,,,,,,,,,O,,,,,,,,
jv352infos.pdf,O,,O,,,,,,,,,,,,O,,,,,,,,
jv352infov.pdf,O,,,,,,,,O,,,,,,O,,,,,,,,
jv357s.pdf,O,O,O,,,,,,,O,,,,O,,,,,,,,,
jv364s.pdf,O,,O,,,O,,,O,,,,,,O,,,,,,,,
jv365s.pdf,O,,O,,,,,,,O,,,,,O,,,,,,,,
jv400s.pdf,O,,,,,,,,,O,,,,,O,,,,,,,,
jv410s.pdf,O,,,,,,,,,O,,,,,O,,,,,,,,
jv459as.pdf,O,,,,,,,,,O,,,,,,,,,,,,,
jv463s.pdf,O,,O,,,O,,,O,O,,,,,O,,,,,,,,
jv464infoc.pdf,O,O,O,,,O,O,,O,O,,,,,O,,,,,,,,
jv464infok.pdf,O,O,O,,,O,O,,O,,,,,,O,,,,,,,,
jv464infos.pdf,O,O,O,,,O,O,,O,O,,,,,O,,,,,,,,
jv464infov.pdf,O,O,O,,,,,,,O,,,,,O,,,,,,,,
jv500s.pdf,O,O,O,,,,,,,O,,,,O,,,,,,,,,
jv501s.pdf,O,O,O,,,,,,,O,,,,O,,,,,,,,,
jv505s.pdf,O,O,O,,,,,,,O,,,,O,,,,,,,,,
jv520s.pdf,O,O,O,,,,,,,O,,,,O,,,,,,,,,
jv530s.pdf,O,O,O,,,,,,,,,,,,,,,,,,,,
jv531s.pdf,O,O,O,,,,,,,,,,,,,,,,,,,,
jv535as.pdf,O,,O,,,,,,,O,,,,,O,,,,,,,,
jv535infos.pdf,O,,O,,,,,,,O,,,,,O,,,,,,,,
jv535s.pdf,O,,O,,,,,,,O,,,,,O,,,,,,,,
jv536s.pdf,O,O,O,,,,,,,O,,,,O,,,,,,,,,
jv537s.pdf,O,O,O,,,,,,,O,,,,O,O,,,,,,,,
jv539s.pdf,O,O,O,,,,,,,O,,,,O,O,,,,,,,,
jv540s.pdf,O,O,O,,,,,,,O,,,,O,,,,,,,,,
jv550s.pdf,O,O,O,,,,,,,O,,,,,,,,,,,,,
jv552s.pdf,O,O,O,,,,,,,O,,,,,,,,,,,,,
jv575s.pdf,O,O,O,,,,,,,O,,O,,O,,,,O,,,,,
jv580s.pdf,O,O,O,,,,,,,O,,O,,O,,,,O,,,,,
jv590s.pdf,O,,O,,,O,O,,O,O,,,,,,,,,,O,O,O,
jv600s.pdf,O,,O,,,O,,,O,,,,,,O,,,,,,,,
jv610s.pdf,O,O,O,,,O,O,,,O,,,,O,,,,,,,,,
jv611s.pdf,O,O,O,,,O,O,,,O,,,,O,,,,,,,,,
jv615s.pdf,O,O,O,,,,,,,O,,,,O,,,,,,,,,
jv618s.pdf,O,,O,,,O,,,O,,,,,,O,,,,,,,,
jv620s.pdf,O,O,O,,,,,,,O,,,,O,,,,,,,,,
jv625s.pdf,O,O,O,,,,,,,O,,,,,,,,,,,,,
jv635s.pdf,O,O,O,,,,,,,O,,,,,,,,,,,,,
jv710s.pdf,,,,,,,,,,,,,,,O,,,,,,,,
jv735s.pdf,O,O,O,,,,,,,O,,,,,,,,,,,,,
jv740s.pdf,O,O,O,,,,,,,O,,,,O,,,,,,,,,
jv750s.pdf,O,O,O,,,,,,,O,,O,,O,O,,,O,,,,,
jv755s.pdf,O,O,O,,,,,,,O,,,,O,,,,,,,,,
jv790c.pdf,,,,,,,,,,,,,,,O,,,,,,,,
jv790k.pdf,,,O,,,,,,,,,,,,O,,,,,,,,
jv790s.pdf,,,O,,,,,,,,,,,,O,,,,,,,,
jv792c.pdf,,,,,,,,,,,,,,,O,,,,,,,,
jv792k.pdf,,,O,,,,,,,,,,,,O,,,,,,,,
jv792s.pdf,,,O,,,,,,,,,,,,,,,,,,,,
jv800c.pdf,O,,O,,,,,,O,,,,O,O,O,,,O,,,,,
jv800k.pdf,O,,O,,,,,,O,,,,,O,O,,,O,,,,,
jv800s.pdf,O,,O,,,O,,,O,O,,,,,O,,,,,,,,
jv800v.pdf,O,,O,,,,,,O,,,,,,O,,,,,,,,
jv805infos.pdf,O,,,,,,,,,,,,,,,,,,,,,,
jv820c.pdf,O,,O,,,,,,,O,,,O,O,O,,,O,,,,,
jv820k.pdf,O,,O,,,O,,,O,,,,,O,O,,,O,,,,,
jv820s.pdf,O,,O,,,,,,,,,,,,O,,,,,,,,
jv820v.pdf,O,,O,,,,,,,,,,,,O,,,,,,,,
jv822s.pdf,O,,O,,,O,,,O,,,,,,O,,,,,,,,
jv826s.pdf,O,O,O,,,,,,,O,,,,O,,,,,,,,,
la400a.pdf,O,,O,,,,,,,,,,,,O,,,,,,,,
la400c.pdf,O,,,,,O,,,O,O,,,O,O,,,,O,,,,,
la400f.pdf,O,,O,,,,,,,,,,,,O,,,,,,,,
la400h.pdf,O,,,,,O,,,O,,,,,,,,,,,,,,
la400k.pdf,O,,O,,,,,,,,,,,O,O,,,O,,,,,
la400p.pdf,O,,O,,,,,,,,,,,,O,,,,,,,,
la400r.pdf,O,O,O,,,,,,,O,,,,,,,,,,,,,
la400s.pdf,O,O,O,,,,,,,O,,,,,,,,,,,,,
la400v.pdf,O,O,O,,,,,,,O,,,,,,,,,,,,,
la450a.pdf,O,,O,,,,,,,,,,,,O,,,,,,,,
la450f.pdf,O,,O,,,,,,,,,,,,O,,,,,,,,
la450h.pdf,O,,,,,,,,,,,,,,,,,,,,,,
la450k.pdf,O,,O,,,,,,,,,,,O,O,,,O,,,,,
la450p.pdf,O,,O,,,,,,,,,,,,O,,,,,,,,
la450r.pdf,O,O,O,,,,,,,O,,,,,,,,,,,,,
la450s.pdf,O,O,O,,,,,,,O,,,,,,,,,,,,,
la450v.pdf,O,O,O,,,,,,,O,,,,,,,,,,,,,
mc025s.pdf,O,O,O,,,,,,,O,,,,O,,,,,,,,,
mc410c.pdf,O,,O,,,,,,,O,,,,,O,,,,,,,,
mc410infoc.pdf,O,,O,,,,,,,O,,,,,O,,,,,,,,
mc410infok.pdf,O,,O,,,,,,,O,,,,,O,,,,,,,,
mc410infos.pdf,O,,O,,,,,,O,O,,,,,O,,,,,,,,
mc410infov.pdf,O,,O,,,,,,,O,,,,,O,,,,,,,,
mc410k.pdf,O,,O,,,,,,,O,,,,,O,,,,,,,,
mc410s.pdf,O,,O,,,,,,O,O,,,,,O,,,,,,,,
mc410v.pdf,O,,O,,,,,,,O,,,,,O,,,,,,,,
mil100s.pdf,O,,O,,,,,,O,O,,,,,O,,,,,,,,
mil100v.pdf,,,,,,,,,O,O,,,,,,,,,,,,,
nc400infoc.pdf,,,,,,,,,,,,,,,O,,,,,,,,
nc400infok.pdf,,,,,,,,,,,,,,,O,,,,,,,,
nc400infos.pdf,,,,,,,,,,,,,,,O,,,,,,,,
nc400infov.pdf,,,,,,,,,,O,,,,,O,,,,,,,,
ra010c.pdf,O,,O,,,,,,,O,,,,,O,,,,,,,,
ra010k.pdf,O,,O,,,,,,,O,,,,,O,,,,,,,,
ra010s.pdf,O,,O,,,,,,,O,,,,,O,,,,,,,,
ra010v.pdf,O,,O,,,,,,,O,,,,,O,,,,,,,,
ra015c.pdf,O,,O,,,,,,,O,,,,,O,,,,,,,,
ra015k.pdf,O,,O,,,,,,,O,,,,,O,,,,,,,,
ra015s.pdf,O,,O,,,,,,,O,,,,,O,,,,,,,,
ra015v.pdf,O,,O,,,,,,,O,,,,,O,,,,,,,,
ra020c.pdf,O,,O,,,,,,,O,,,,,O,,,,,,,,
ra020k.pdf,O,,O,,,,,,,O,,,,,O,,,,,,,,
ra020s.pdf,O,,O,,,,,,,O,,,,,O,,,,,,,,
ra020v.pdf,O,,O,,,,,,,O,,,,,O,,,,,,,,
rt100infoc.pdf,,,,,,,,,O,,,,,,O,,,,,,,,
rt100infok.pdf,,,,,,,,,O,,,,,,O,,,,,,,,
rt100infos.pdf,,,,,,,,,O,,,,,,O,O,,,,,,,
rt120infoc.pdf,,,,,,,,,O,,,,,,O,,,,,,,,
rt120infok.pdf,,,,,,,,,O,,,,,,O,,,,,,,,
rt120infos.pdf,,,,,,,,,O,,,,,,O,O,,,,,,,
rt120infov.pdf,,,,,,,,,O,O,,,,,O,,,,,,,,
sc100infos.pdf,O,,O,,,,,,,O,,,,,O,,,,,,,,
sc104ck.pdf,,,,,,,,,O,,,,,,O,,,,,,,,
sc104cs.pdf,,,,,,,,,O,,,,,,O,,,,,,,,
sc104cv.pdf,,,,,,,,,O,O,,,,,O,,,,,,,,
sc136infoc.pdf,,,,,,,,,O,O,,,,,O,,,,,,,,
sc136infok.pdf,,,,,,,,,O,,,,,,O,,,,,,,,
sc136infos.pdf,,,,,,,,,O,O,,,,,O,,,,,,,,
sc136infov.pdf,,,,,,,,,O,O,,,,,O,,,,,,,,
sc200infoc.pdf,,,,,,,,,O,,,,,,O,,,,,,,,
sc200infok.pdf,,,,,,,,,O,,,,,,O,,,,,,,,
sc200infos.pdf,,,,,,,,,O,,,,,,O,O,,,,,,,
sc200infov.pdf,,,,,,,,,O,O,,,,,O,,,,,,,,
ser001ac.pdf,,,,,,,,,O,,,,,,O,,,,,,,,
ser001ak.pdf,,,,,,,,,O,,,,,,O,,,,,,,,
ser001as.pdf,,,,,,,,,O,,,,,,O,,,,,,,,
ser001av.pdf,,,,,,,,,O,O,,,,,O,,,,,,,,
ser001c.pdf,,,,,,,,,O,,,,,,O,,,,,,,,
ser001k.pdf,,,,,,,,,O,,,,,,O,,,,,,,,
ser001s.pdf,O,,O,,,O,,,O,,,,,,O,,,,,,,,
ser001v.pdf,,,,,,,,,O,O,,,,,O,,,,,,,,
sum100k.pdf,O,,,,,O,,,O,,,,,O,O,,,O,,,,,
sum100s.pdf,O,,,,,O,,,O,,,,,,O,,,,,,,,
sum100v.pdf,O,,,,,O,,,O,,,,,,O,,,,,,,,
sum130c.pdf,,,,,,,,,O,,,,,,O,,,,,,,,
sum130k.pdf,,,,,,,,,O,,,,,,O,,,,,,,,
sum130s.pdf,,,,,,O,,,O,O,,,,,O,,,,,,,,
sum130v.pdf,,,,,,,,,O,O,,,,,O,,,,,,,,
sv715c.pdf,,,,,,,,,O,,,,,,O,,,,,,,,
sv715k.pdf,,,,,,,,,O,,,,,,O,,,,,,,,
sv715s.pdf,,,,,,,,,,,,,,,O,,,,,,,,
sv715v.pdf,,,,,,,,,O,O,,,,,O,,,,,,,,
sv716c.pdf,,,,,,,,,O,,,,,,O,,,,,,,,
sv716k.pdf,,,,,,,,,O,,,,,,O,,,,,,,,
sv716s.pdf,,,,,,,,,,,,,,,O,,,,,,,,
sv716v.pdf,,,,,,,,,O,O,,,,,O,,,,,,,,
tr200c.pdf,,,,,,,,,,,,,,,O,,,,,,,,
tr200s.pdf,,,,,,,,,,,,,,,O,,,,,,,,
tr200v.pdf,,,,,,,,,,O,,,,,O,,,,,,,,
tr300s.pdf,,,,,,,,O,,,,,,,O,,,,,,,,
tr310s.pdf,,,,,,,,O,,,,,,,O,,,,,,,,
tr320c.pdf,,,O,,,,,,O,,,,,,O,,,,,,,,
tr320k.pdf,,,O,,,,,,O,,,,,,O,,,,,,,,
tr320s.pdf,O,,O,,,,O,,,,,,,,O,,,,,,,,
tr320v.pdf,,,O,,,,,,O,O,,,,,O,,,,,,,,
tr321c.pdf,,,,,,,,O,O,O,,,,,O,,,,,,,,
tr321k.pdf,,,,,,,,,O,,,,,,O,,,,,,,,
tr321s.pdf,O,,O,,,,,,,,,,,,O,,,,,,,,
tr321v.pdf,,,,,,,,O,O,O,,,,,O,,,,,,,,
ud105s.pdf,O,,O,,,,,,,,,,,,O,,,,,,,,
ud110hs.pdf,O,,,,,,,,,,,,,,O,,,,,,,,
ud110s.pdf,O,,,,,,,,,,,,,,O,,,,,,,,
wg002c.pdf,,,,,,,,,O,,,,,,O,,,,,,,,
wg002k.pdf,,,,,,,,,O,,,,,,O,,,,,,,,
wg002s.pdf,,,,,,,,,O,,,,,,O,,,,,,,,
wg002v.pdf,,,,,,,,,O,O,,,,,O,,,,,,,,
wg003c.pdf,,,,,,,,,O,,,,,,O,,,,,,,,
wg003k.pdf,,,,,,,,,O,,,,,,O,,,,,,,,
wg003s.pdf,O,,O,,,,,,,O,,,,,O,,,,,,,,
wg003v.pdf,,,,,,,,,O,O,,,,,O,,,,,,,,
wg004c.pdf,,,,,,,,,O,,,,,,O,,,,,,,,
wg004k.pdf,,,,,,,,,O,,,,,,O,,,,,,,,
wg004s.pdf,,,,,,,,,O,,,,,,O,,,,,,,,
wg004v.pdf,,,,,,,,,O,O,,,,,O,,,,,,,,
wg022c.pdf,,,,,,,,,O,,,,,,O,,O,,,,,,
wg022k.pdf,,,,,,,,,O,,,,,,O,,,,,,,,
wg022s.pdf,,,,,,,,,O,,,,,,O,,,,,,,,
wg022v.pdf,,,,,,,,,O,O,,,,,O,,,,,,,,
wg030c.pdf,,,,,,,,,O,,,,,,O,,,,,,,,
wg030k.pdf,,,,,,,,,O,,,,,,O,,,,,,,,
wg030s.pdf,,,,,,,,,O,,,,,,O,,,,,,,,
wg030v.pdf,,,,,,,,,O,O,,,,,O,,,,,,,,
wv100infoc.pdf,,,,,,,,,O,,,,,,O,,,,,,,,
wv100infok.pdf,,,,,,,,,O,,,,,,O,,,,,,,,
wv100infos.pdf,,,,,,,,,O,,,,,,O,O,,,,,,,
wv100infov.pdf,,,,,,,,,O,O,,,,,O,,,,,,,,
wv100k.pdf,,,,,,,,,O,,,,,,O,,O,,,,,,
wv100s.pdf,,,,,,,,,O,,,,,,O,,,,,,,,
wv100v.pdf,,,,,,,,,O,O,,,,,O,,,,,,,,
wv109c.pdf,,,,,,,,,O,,,,,,O,,,,,,,,
wv109k.pdf,,,,,,,,,O,,,,,,O,,,,,,,,
wv109s.pdf,,,,,,,,,O,,,,,,O,,,,,,,,
wv109v.pdf,,,,,,,,,O,O,,,,,O,,,,,,,,
wv110c.pdf,,,,,,,,,O,,,,,,O,,,,,,,,
wv110k.pdf,,,,,,,,,O,,,,,,O,,,,,,,,
wv110s.pdf,,,,,,,,,O,,,,,,O,,,,,,,,
wv110v.pdf,,,,,,,,,O,O,,,,,O,,,,,,,,
wv115c.pdf,,,,,,,,,O,,,,,,O,,,,,,,,
wv115k.pdf,,,,,,,,,O,,,,,,O,,,,,,,,
wv115s.pdf,,,,,,,,,O,,,,,,O,,,,,,,,
wv115v.pdf,,,,,,,,,O,O,,,,,O,,,,,,,,
wv116c.pdf,,,,,,,,,O,,,,,,O,,,,,,,,
wv116k.pdf,,,,,,,,,O,,,,,,O,,,,,,,,
wv116s.pdf,,,,,,,,,O,,,,,,O,,,,,,,,
wv116v.pdf,,,,,,,,,O,O,,,,,O,,,,,,,,
wv120c.pdf,,,,,,,,,O,,,,,,O,,,,,,,,
wv120infoc.pdf,,,,,,,,,O,,,,,,O,,,,,,,,
wv120infok.pdf,,,,,,,,,O,,,,,,O,,,,,,,,
wv120infos.pdf,,,,,,,,,O,,,,,,O,O,,,,,,,
wv120infov.pdf,,,,,,,,,O,O,,,,,O,,,,,,,,
wv120k.pdf,,,,,,,,,O,,,,,,O,,,,,,,,
wv120s.pdf,,,,,,,,,O,,,,,,O,,,,,,,,
wv120v.pdf,,,,,,,,,O,O,,,,,O,,,,,,,,
wv130c.pdf,,,,,,,,,O,,,,,,O,,,,,,,,
wv130k.pdf,,,,,,,,,O,,,,,,O,,,,,,,,
wv130s.pdf,,,,,,,,,O,,,,,,O,,,,,,,,
wv130v.pdf,,,,,,,,,O,O,,,,,,,,,,,,,
wv610c.pdf,,,,,,,,,O,,,,,,O,,,,,,,,
wv610k.pdf,,,,,,,,,O,,,,,,O,,,,,,,,
wv610s.pdf,,,,,,,,,O,,,,,,O,,,,,,,,
wv610v.pdf,,,,,,,,,O,O,,,,,O,,,,,,,,
wv715c.pdf,O,,O,,,O,,,O,,,,O,O,O,,,O,,,,,
wv715k.pdf,O,,O,,,O,,,O,,,,,O,O,,,O,,,,,
wv715s.pdf,O,,,,,,,,,,,,,,O,,,,,,,,
wv715v.pdf,O,,O,,,,,,O,,,,,,O,,,,,,,,
wv716c.pdf,O,,O,,,O,,,O,,,,O,O,O,,,O,,,,,
wv716k.pdf,O,,O,,,O,,,O,,,,,O,O,,,O,,,,,
wv716s.pdf,,,,,,,,,,,,,,,O,,,,,,,,
wv716v.pdf,O,,O,,,,,,O,,,,,,O,,,,,,,,
wv800infos.pdf,O,,,,,,,,O,,,,,,,,,,,,,,
wv800s.pdf,O,,,,,,,,,,,,,,O,,,,,,,,
