font-issues/files/courts/default/2025-03/epo002k.pdf,105,File is encrypted and could not be opened for writing
font-issues/files/courts/default/2024-11/dv710c.pdf,105,File is encrypted and could not be opened for writing
font-issues/files/courts/default/2024-11/fl100c.pdf,105,File is encrypted and could not be opened for writing
font-issues/files/courts/default/2024-11/fl840k.pdf,105,File is encrypted and could not be opened for writing
font-issues/files/courts/default/2024-11/dv840k.pdf,105,File is encrypted and could not be opened for writing
font-issues/files/courts/default/2024-11/dv716c.pdf,105,File is encrypted and could not be opened for writing
font-issues/files/courts/default/2024-11/ea320infoc.pdf,105,File is encrypted and could not be opened for writing
font-issues/files/courts/default/2024-11/ea800k.pdf,105,File is encrypted and could not be opened for writing
font-issues/files/courts/default/2024-11/dv700c.pdf,105,File is encrypted and could not be opened for writing
font-issues/files/courts/default/2024-11/dv800infok.pdf,105,File is encrypted and could not be opened for writing
font-issues/files/courts/default/2024-11/ea315k.pdf,105,File is encrypted and could not be opened for writing
font-issues/files/courts/default/2024-11/fl478c.pdf,105,File is encrypted and could not be opened for writing
font-issues/files/courts/default/2024-11/fl191k.pdf,105,File is encrypted and could not be opened for writing
font-issues/files/courts/default/2024-11/ea200k.pdf,105,File is encrypted and could not be opened for writing
font-issues/files/courts/default/2024-11/dv800infoc.pdf,105,File is encrypted and could not be opened for writing
font-issues/files/courts/default/2024-11/fl685k.pdf,105,File is encrypted and could not be opened for writing
font-issues/files/courts/default/2024-11/fl342k.pdf,105,File is encrypted and could not be opened for writing
font-issues/files/courts/default/2024-11/ea320infok.pdf,105,File is encrypted and could not be opened for writing
font-issues/files/courts/default/2024-11/nc400infoc.pdf,105,File is encrypted and could not be opened for writing
font-issues/files/courts/default/2024-11/gv715c.pdf,105,File is encrypted and could not be opened for writing
font-issues/files/courts/default/2024-11/de310c.pdf,105,File is encrypted and could not be opened for writing
font-issues/files/courts/default/2024-11/ea330c.pdf,105,File is encrypted and could not be opened for writing
font-issues/files/courts/default/2024-11/dv840c.pdf,105,File is encrypted and could not be opened for writing
font-issues/files/courts/default/2024-11/wg002k.pdf,105,File is encrypted and could not be opened for writing
font-issues/files/courts/default/2024-11/fl840c.pdf,105,File is encrypted and could not be opened for writing
font-issues/files/courts/default/2024-11/dv730c.pdf,105,File is encrypted and could not be opened for writing
font-issues/files/courts/default/2024-11/fl680k.pdf,105,File is encrypted and could not be opened for writing
font-issues/files/courts/default/2024-11/fl300infok.pdf,105,File is encrypted and could not be opened for writing
font-issues/files/courts/default/2024-11/dv710k.pdf,105,File is encrypted and could not be opened for writing
font-issues/files/courts/default/2024-11/fl120c.pdf,105,File is encrypted and could not be opened for writing
font-issues/files/courts/default/2024-11/dv730k.pdf,105,File is encrypted and could not be opened for writing
font-issues/files/courts/default/2024-11/ea309k.pdf,105,File is encrypted and could not be opened for writing
font-issues/files/courts/default/2024-11/dv715k.pdf,105,File is encrypted and could not be opened for writing
font-issues/files/courts/default/2024-11/fl676infok.pdf,105,File is encrypted and could not be opened for writing
font-issues/files/courts/default/2024-11/gv116k.pdf,105,File is encrypted and could not be opened for writing
font-issues/files/courts/default/2024-11/fl676k.pdf,105,File is encrypted and could not be opened for writing
font-issues/files/courts/default/2024-11/jv270infoc.pdf,105,File is encrypted and could not be opened for writing
font-issues/files/courts/default/2024-11/fl304infos.pdf,105,File is encrypted and could not be opened for writing
font-issues/files/courts/default/2024-11/gc340k.pdf,105,File is encrypted and could not be opened for writing
font-issues/files/courts/default/2024-11/gv716k.pdf,105,File is encrypted and could not be opened for writing
font-issues/files/courts/default/2024-11/care120k.pdf,105,File is encrypted and could not be opened for writing
font-issues/files/courts/default/2024-11/sc104ck.pdf,105,File is encrypted and could not be opened for writing
font-issues/files/courts/default/2024-11/jv130infoc.pdf,105,File is encrypted and could not be opened for writing
font-issues/files/courts/default/2024-11/ea330k.pdf,105,File is encrypted and could not be opened for writing
font-issues/files/courts/default/2024-11/ea300infoc.pdf,105,File is encrypted and could not be opened for writing
font-issues/files/courts/default/2024-11/jv217infoc.pdf,105,File is encrypted and could not be opened for writing
font-issues/files/courts/default/2024-11/gv715k.pdf,105,File is encrypted and could not be opened for writing
font-issues/files/courts/default/2024-11/dv720k.pdf,105,File is encrypted and could not be opened for writing
font-issues/files/courts/default/2024-11/gv716c.pdf,105,File is encrypted and could not be opened for writing
font-issues/files/courts/default/2024-11/ea320k.pdf,105,File is encrypted and could not be opened for writing
font-issues/files/courts/default/2024-11/jv214infok.pdf,105,File is encrypted and could not be opened for writing
font-issues/files/courts/default/2024-11/gc341k.pdf,105,File is encrypted and could not be opened for writing
font-issues/files/courts/default/2024-11/fl676c.pdf,105,File is encrypted and could not be opened for writing
font-issues/files/courts/default/2024-11/care100c.pdf,105,File is encrypted and could not be opened for writing
font-issues/files/courts/default/2024-11/wg004k.pdf,105,File is encrypted and could not be opened for writing
font-issues/files/courts/default/2024-11/ea316k.pdf,105,File is encrypted and could not be opened for writing
font-issues/files/courts/default/2024-11/fl676infoc.pdf,105,File is encrypted and could not be opened for writing
font-issues/files/courts/default/2024-11/dv720c.pdf,105,File is encrypted and could not be opened for writing
font-issues/files/courts/default/2024-11/fl192k.pdf,105,File is encrypted and could not be opened for writing
font-issues/files/courts/default/2024-11/ea309c.pdf,105,File is encrypted and could not be opened for writing
font-issues/files/courts/default/2024-11/ea300infok.pdf,105,File is encrypted and could not be opened for writing
font-issues/files/courts/default/2024-11/ea300k.pdf,105,File is encrypted and could not be opened for writing
font-issues/files/courts/default/2024-11/dv700k.pdf,105,File is encrypted and could not be opened for writing
font-issues/files/courts/default/2024-11/ej130k.pdf,105,File is encrypted and could not be opened for writing
font-issues/files/courts/default/2024-11/dv716k.pdf,105,File is encrypted and could not be opened for writing
font-issues/files/courts/default/2024-11/dv715c.pdf,105,File is encrypted and could not be opened for writing
font-issues/files/courts/default/2024-11/nc400infok.pdf,105,File is encrypted and could not be opened for writing
font-issues/files/courts/default/2024-11/jv130infok.pdf,105,File is encrypted and could not be opened for writing
font-issues/files/courts/default/2024-11/fl685c.pdf,105,File is encrypted and could not be opened for writing
font-issues/files/courts/default/2024-11/fl191c.pdf,105,File is encrypted and could not be opened for writing
font-issues/files/courts/default/2024-11/jv247k.pdf,105,File is encrypted and could not be opened for writing
font-issues/files/courts/default/2024-11/jv270infok.pdf,105,File is encrypted and could not be opened for writing
font-issues/files/courts/default/2024-11/ea120k.pdf,105,File is encrypted and could not be opened for writing
font-issues/files/private/courts/2025-06/jv132c.pdf,105,File is encrypted and could not be opened for writing
font-issues/files/private/courts/2025-06/mil100c.pdf,105,File is encrypted and could not be opened for writing
font-issues/files/private/courts/2025-06/cr321k.pdf,105,File is encrypted and could not be opened for writing
font-issues/files/private/courts/2025-06/jv132k.pdf,105,File is encrypted and could not be opened for writing
font-issues/files/private/courts/2025-06/mil100k.pdf,105,File is encrypted and could not be opened for writing
font-issues/files/private/courts/2025-09/sc200infoc.pdf,105,File is encrypted and could not be opened for writing
font-issues/files/private/courts/2025-07/rt120infoc.pdf,105,File is encrypted and could not be opened for writing
font-issues/files/private/courts/2025-07/wv100infoc.pdf,105,File is encrypted and could not be opened for writing
font-issues/files/private/courts/2025-07/wv115c.pdf,105,File is encrypted and could not be opened for writing
font-issues/files/private/courts/2025-07/ser001ak.pdf,105,File is encrypted and could not be opened for writing
font-issues/files/private/courts/2025-07/wg022c.pdf,105,File is encrypted and could not be opened for writing
font-issues/files/private/courts/2025-07/wg022k.pdf,105,File is encrypted and could not be opened for writing
font-issues/files/private/courts/2025-07/wv100infok.pdf,105,File is encrypted and could not be opened for writing
font-issues/files/private/courts/2025-07/wg002k.pdf,105,File is encrypted and could not be opened for writing
font-issues/files/private/courts/2025-07/ser001ac.pdf,105,File is encrypted and could not be opened for writing
font-issues/files/private/courts/2025-07/app015infoc.pdf,105,File is encrypted and could not be opened for writing
font-issues/files/private/courts/2025-07/wv610c.pdf,105,File is encrypted and could not be opened for writing
font-issues/files/private/courts/2025-07/wv610k.pdf,105,File is encrypted and could not be opened for writing
font-issues/files/private/courts/2025-07/wg002c.pdf,105,File is encrypted and could not be opened for writing
font-issues/files/private/courts/2025-07/rt100infoc.pdf,105,File is encrypted and could not be opened for writing
font-issues/files/private/courts/2025-07/tr321k.pdf,105,File is encrypted and could not be opened for writing
font-issues/files/private/courts/2025-07/fw015infoc.pdf,105,File is encrypted and could not be opened for writing
font-issues/files/private/courts/2025-07/rt100infok.pdf,105,File is encrypted and could not be opened for writing
font-issues/files/private/courts/2025-07/wv120infok.pdf,105,File is encrypted and could not be opened for writing
font-issues/files/private/courts/2025-07/wv109c.pdf,105,File is encrypted and could not be opened for writing
font-issues/files/private/courts/2025-07/sc200infoc.pdf,105,File is encrypted and could not be opened for writing
font-issues/files/private/courts/2025-07/wg004k.pdf,105,File is encrypted and could not be opened for writing
font-issues/files/private/courts/2025-07/wv116c.pdf,105,File is encrypted and could not be opened for writing
font-issues/files/private/courts/2025-07/rt120infok.pdf,105,File is encrypted and could not be opened for writing
font-issues/files/private/courts/2025-07/cr102c.pdf,105,File is encrypted and could not be opened for writing
font-issues/files/private/courts/2025-07/wv115k.pdf,105,File is encrypted and could not be opened for writing
font-issues/files/private/courts/2025-07/wv116k.pdf,105,File is encrypted and could not be opened for writing
font-issues/files/private/courts/2025-07/wg004c.pdf,105,File is encrypted and could not be opened for writing
font-issues/files/private/courts/2025-07/sc200infok.pdf,105,File is encrypted and could not be opened for writing
font-issues/files/private/courts/2025-07/wv120infoc.pdf,105,File is encrypted and could not be opened for writing
font-issues/files/private/courts/2025-07/wg030k.pdf,105,File is encrypted and could not be opened for writing
font-issues/files/private/courts/2025-07/wv120k.pdf,105,File is encrypted and could not be opened for writing
font-issues/files/private/courts/file/ea120infok.pdf,105,File is encrypted and could not be opened for writing
font-issues/files/private/courts/solicitation-request-document/ens-rfp-payeedatarecord-20090601.pdf,105,File is encrypted and could not be opened for writing
font-issues/files/private/courts/2025-05/dv315k.pdf,105,File is encrypted and could not be opened for writing
font-issues/files/private/courts/2025-05/fl342k.pdf,105,File is encrypted and could not be opened for writing
font-issues/files/private/courts/2025-10/jv790c.pdf,105,File is encrypted and could not be opened for writing
font-issues/files/private/courts/2025-10/cr164c.pdf,105,File is encrypted and could not be opened for writing
font-issues/files/private/courts/2025-05/gv130k.pdf,105,File is encrypted and could not be opened for writing
font-issues/files/private/courts/2025-10/cr112c.pdf,105,File is encrypted and could not be opened for writing
font-issues/files/private/courts/2025-05/gv100infok.pdf,105,File is encrypted and could not be opened for writing
font-issues/files/private/courts/2025-10/jv792c.pdf,105,File is encrypted and could not be opened for writing
font-issues/files/private/courts/2025-05/dv305k.pdf,105,File is encrypted and could not be opened for writing
font-issues/files/private/courts/2025-10/cr110c.pdf,105,File is encrypted and could not be opened for writing
font-issues/files/private/courts/2025-05/fl632infok.pdf,105,File is encrypted and could not be opened for writing
font-issues/files/private/courts/2025-05/gc120k.pdf,105,File is encrypted and could not be opened for writing
font-issues/files/private/courts/2025-05/fl105k.pdf,105,File is encrypted and could not be opened for writing
font-issues/files/private/courts/2025-05/gv100k.pdf,105,File is encrypted and could not be opened for writing
font-issues/files/private/courts/2025-05/fl632k.pdf,105,File is encrypted and could not be opened for writing
font-issues/files/private/courts/2025-05/fl192k.pdf,105,File is encrypted and could not be opened for writing
font-issues/files/private/courts/2025-05/fl320infok.pdf,105,File is encrypted and could not be opened for writing
font-issues/files/private/courts/2025-05/dv310k.pdf,105,File is encrypted and could not be opened for writing
font-issues/files/private/courts/2025-05/dv330k.pdf,105,File is encrypted and could not be opened for writing
font-issues/files/private/courts/2025-05/gv109k.pdf,105,File is encrypted and could not be opened for writing
font-issues/files/private/courts/2025-05/gv120infok.pdf,105,File is encrypted and could not be opened for writing
font-issues/files/private/courts/2025-05/fw001k.pdf,105,File is encrypted and could not be opened for writing
font-issues/files/private/courts/2025-05/fl320k.pdf,105,File is encrypted and could not be opened for writing
font-issues/files/private/courts/2025-05/dv320k.pdf,105,File is encrypted and could not be opened for writing
font-issues/files/private/courts/2025-05/dv316k.pdf,105,File is encrypted and could not be opened for writing
font-issues/files/private/courts/2025-05/fw001gck.pdf,105,File is encrypted and could not be opened for writing
font-issues/files/private/courts/2025-05/dv300k.pdf,105,File is encrypted and could not be opened for writing
font-issues/files/courts/default/2025-03/ea130k.pdf,105,File is encrypted and could not be opened for writing
font-issues/files/courts/default/2024-11/fl600k.pdf,105,File is encrypted and could not be opened for writing
font-issues/files/courts/default/2024-11/gc310k.pdf,105,File is encrypted and could not be opened for writing
font-issues/files/courts/default/2024-11/dv140c.pdf,105,File is encrypted and could not be opened for writing
font-issues/files/courts/default/2024-11/dv105k.pdf,105,File is encrypted and could not be opened for writing
font-issues/files/courts/default/2024-11/jv250k.pdf,105,File is encrypted and could not be opened for writing
font-issues/files/private/courts/2025-09/ej140infok.pdf,105,File is encrypted and could not be opened for writing
font-issues/files/private/courts/2025-09/sc136infok.pdf,105,File is encrypted and could not be opened for writing
font-issues/files/private/courts/2025-07/wv130c.pdf,105,File is encrypted and could not be opened for writing
font-issues/files/private/courts/2025-07/wv110c.pdf,105,File is encrypted and could not be opened for writing
font-issues/files/private/courts/2025-07/wv100k.pdf,105,File is encrypted and could not be opened for writing
font-issues/files/private/courts/2025-07/wv130k.pdf,105,File is encrypted and could not be opened for writing
font-issues/files/private/courts/2025-07/wv110k.pdf,105,File is encrypted and could not be opened for writing
font-issues/files/private/courts/2025-05/gc335k.pdf,105,File is encrypted and could not be opened for writing
font-issues/files/private/courts/2025-10/cr101c.pdf,105,File is encrypted and could not be opened for writing
font-issues/files/courts/default/2024-11/jv352infok.pdf,105,File is encrypted and could not be opened for writing
font-issues/files/courts/default/2024-11/gc207infok.pdf,105,File is encrypted and could not be opened for writing
font-issues/files/private/courts/2025-07/app001infoc.pdf,105,File is encrypted and could not be opened for writing
font-issues/files/private/courts/solicitation-request-document/wcm-rfp.pdf,105,File is encrypted and could not be opened for writing
font-issues/files/courts/default/2024-11/fl694k.pdf,105,File is encrypted and could not be opened for writing
font-issues/files/courts/default/2024-11/fl211k.pdf,105,File is encrypted and could not be opened for writing
font-issues/files/courts/default/2024-11/ea315infoc.pdf,105,File is encrypted and could not be opened for writing
font-issues/files/courts/default/2024-11/care115k.pdf,105,File is encrypted and could not be opened for writing
font-issues/files/courts/default/2024-11/care116k.pdf,105,File is encrypted and could not be opened for writing
font-issues/files/courts/default/2024-11/jv326infoc.pdf,105,File is encrypted and could not be opened for writing
font-issues/files/courts/default/2024-11/gv009k.pdf,105,File is encrypted and could not be opened for writing
font-issues/files/courts/default/2024-11/fl490c.pdf,105,File is encrypted and could not be opened for writing
font-issues/files/courts/default/2024-11/fl478infoc.pdf,105,File is encrypted and could not be opened for writing
font-issues/files/courts/default/2024-11/care113k.pdf,105,File is encrypted and could not be opened for writing
font-issues/files/courts/default/2024-11/tr200c.pdf,105,File is encrypted and could not be opened for writing
font-issues/files/courts/default/2024-11/fl490k.pdf,105,File is encrypted and could not be opened for writing
font-issues/files/courts/default/2024-11/ea315infok.pdf,105,File is encrypted and could not be opened for writing
font-issues/files/private/courts/solicitation-request-document/refm-2014-03-br-attachment-b-ccc-basupgrade-bridging-document.pdf,105,File is encrypted and could not be opened for writing
font-issues/files/private/courts/solicitation-request-document/refm-2014-03-br-attachment-gmhoj-hvacbas-upgrade.pdf,105,File is encrypted and could not be opened for writing
