courts/default/2024-12/btb24-1g-5.pdf,b'Structure element not found.'
courts/default/2024-12/btb24-1h-3.pdf,b'Invalid page object.'
courts/default/2024-12/btb24-1g-10.pdf,b'Structure element not found.'
courts/default/2024-12/btb24-1g-9.pdf,b'Structure element not found.'
courts/default/2024-12/btb24-1g-8.pdf,b'Structure element not found.'
private/courts/file/dwc-7-posting-instructions-mpn-members.pdf,Fix worker exited with code -11
courts/default/2024-10/lpa-neogov-ma-201607-amendment-2.pdf,b'Template is invalid or incomplete.'
private/courts/solicitation-request-document/cfcc-02-16-lv-attachment-5-darfur-certification.pdf,b'Template is invalid or incomplete.'
private/courts/solicitation-request-document/cjs-2020-01-lv-attachment-8-notice-intent-apply.pdf,Fix worker exited with code -11
private/courts/opinion-citing/s230051-link9.pdf,b'Structure element not found.'
private/courts/opinion-citing/s230051-link19.pdf,b'Structure element not found.'
courts/default/2024-08/juvicustody2c.pdf,TimeoutError: function took longer than 500 s.
courts/default/2024-12/btb24-1g-4.pdf,b'Structure element not found.'
courts/default/2024-12/btb_23_1p_1.pdf,b'Invalid page object.'
courts/default/2024-12/btb24-precon-2e-12.pdf,b'Template is invalid or incomplete.'
courts/default/2024-12/btb24-1g-2.pdf,b'Structure element not found.'
courts/default/2024-12/sf-family-treatment-center-information.pdf,Fix worker exited with code -11
courts/default/2024-12/btb24-1g-11.pdf,b'Structure element not found.'
courts/default/2024-12/btb_23_precon_usable_1.pdf,b'Invalid page object.'
courts/default/2024-12/btb24-1h-4.pdf,b'Invalid page object.'
courts/default/2024-12/btb24-4b-3.pdf,b'Structure element not found.'
courts/default/2024-12/btb_23_3d_3.pdf,b'Invalid page object.'
courts/default/2024-12/btb_23_3d_2.pdf,b'Invalid page object.'
courts/default/2024-12/los-angeles-sch1-2425.pdf,b'Template is invalid or incomplete.'
courts/default/2025-03/PROP. 63 MHSA INFORMATION SHEET A GUIDE FOR COURTS TO ACCESS FUNDING.pdf,Fix worker exited with code -11
courts/default/2024-10/progressive_lpa_ma-201311_amendment_4.pdf,b'Template is invalid or incomplete.'
courts/default/2024-10/calaveras-sch1-2223.pdf,b'Template is invalid or incomplete.'
courts/default/2024-10/san-diego-sch1-2324.pdf,b'Template is invalid or incomplete.'
courts/default/2024-10/qfs-1920-q3-sonoma.pdf,Fix worker exited with code -11
courts/default/2024-10/santabarbara-sch1-1819.pdf,b'Template is invalid or incomplete.'
courts/default/2024-10/san-benito-sch1-2021.pdf,b'Template is invalid or incomplete.'
courts/default/2024-10/qfs-2122-q1-sonoma.pdf,Fix worker exited with code -11
courts/default/2024-10/modoc-sch1-1718.pdf,b'Template is invalid or incomplete.'
private/courts/air-filtration-devices-wildfires-policy.pdf,Fix worker exited with code -11
private/courts/file/tuolumne-sch1-2425.pdf,b'Template is invalid or incomplete.'
private/courts/file/prop_1_fact_sheet_2024_04_10.pdf,Fix worker exited with code -11
private/courts/file/air-filtration-devices-wildfires-policy.pdf,Fix worker exited with code -11
private/courts/file/prop_1_fact_sheet_2024_04_10_0.pdf,Fix worker exited with code -11
private/courts/file/ctac-20150805-rps-minutes.pdf,Fix worker exited with code -11
private/courts/file/tcbac-20190807-noticeandagenda.pdf,TimeoutError: function took longer than 500 s.
private/courts/file/los-angeles-sch1-2425.pdf,b'Template is invalid or incomplete.'
private/courts/file/binder1_128.pdf,b'Template is invalid or incomplete.'
private/courts/file/ror-24-25-q3-sanjoaquin.pdf,TimeoutError: function took longer than 500 s.
private/courts/solicitation-request-document/hr-tc-2016-04-ml-attachment-6.pdf,b'Template is invalid or incomplete.'
private/courts/file/famjuv-tcbac-waac-20180910-ab1058-publiccomment.pdf,b'Template is invalid or incomplete.'
private/courts/solicitation-request-document/hr-2020-24-cd-attachment-9-ca-map-regions.pdf,b'Template is invalid or incomplete.'
private/courts/solicitation-request-document/tcas-sapc-2016-01-ml-attachment-8.pdf,b'Template is invalid or incomplete.'
private/courts/solicitation-request-document/attachment-8-maps-2025-04-rp-bidder-declaration.pdf,b'Template is invalid or incomplete.'
private/courts/solicitation-request-document/hr-2016-03-ml-attachment-6.pdf,b'Template is invalid or incomplete.'
private/courts/solicitation-request-document/it-dms-2016-01-mds-attachment-4.pdf,b'Template is invalid or incomplete.'
private/courts/solicitation-request-document/jcc-2018-01-cd-attachment-9-building-moving-policy-shipping-instructions.pdf,b'Template is invalid or incomplete.'
private/courts/solicitation-request-document/jcc-2019-01-cd-attachment-9-moving-policy.pdf,b'Template is invalid or incomplete.'
private/courts/solicitation-request-document/jbcp-2013-05-br-plans-sketches-willows.pdf,TimeoutError: function took longer than 500 s.
private/courts/solicitation-request-document/cr-2019-04-lv-attach-6-payee-data-record-form.pdf,b'Template is invalid or incomplete.'
private/courts/solicitation-request-document/modular-rfp-att2.pdf,TimeoutError: function took longer than 500 s.
private/courts/solicitation-request-document/hr-hrems-2017-03-ml-attachment-6-payee-data-record-form.pdf,b'Template is invalid or incomplete.'
private/courts/itc/spr12-02.pdf,Fix worker exited with code -11
private/courts/opinion-citing/s230051-link8.pdf,b'Structure element not found.'
private/courts/opinion-citing/s230051-link25.pdf,b'Structure element not found.'
private/courts/opinion-citing/s230899-link3.pdf,b'Structure element not found.'
private/courts/opinion-citing/s230051-link20.pdf,b'Structure element not found.'
private/courts/opinion-citing/s230051-link21.pdf,b'Structure element not found.'
private/courts/opinion-citing/s230051-link24.pdf,b'Structure element not found.'
private/courts/opinion-citing/s082101-link1.pdf,b'Template is invalid or incomplete.'
private/courts/opinion-citing/s230051-link23.pdf,b'Structure element not found.'
private/courts/opinion-citing/s230051-link22.pdf,b'Structure element not found.'
private/courts/opinion-citing/s238544-link5.pdf,b'Template is invalid or incomplete.'
private/courts/opinion-citing/s230051-link15.pdf,b'Invalid page object.'
private/courts/opinion-citing/s262530-link2.pdf,b'Template is invalid or incomplete.'
private/courts/opinion-citing/s230051-link3.pdf,b'Structure element not found.'
private/courts/opinion-citing/s230051-link7.pdf,b'Structure element not found.'
private/courts/opinion-citing/s230051-link10.pdf,b'Structure element not found.'
private/courts/opinion-citing/s230051-link17.pdf,b'Structure element not found.'
private/courts/opinion-citing/s230051-link6.pdf,b'Structure element not found.'
private/courts/opinion-citing/s082101-link3.pdf,b'Template is invalid or incomplete.'
private/courts/opinion-citing/s230051-link2.pdf,b'Structure element not found.'
private/courts/opinion-citing/s230051-link4.pdf,b'Structure element not found.'
private/courts/opinion-citing/s082101-link2.pdf,b'Template is invalid or incomplete.'
private/courts/opinion-citing/s230051-link13.pdf,b'Structure element not found.'
courts/default/2024-08/ab1058-2019-understanding-military-handouts.pdf,b'Template is invalid or incomplete.'
courts/default/2024-12/06-colusa-fy-23-24-q4-qfs.pdf,Fix worker exited with code -11
courts/default/2024-12/37-san-diego-fy-23-24-q4-qfs.pdf,b'Template is invalid or incomplete.'
courts/default/2024-12/10-fresno-fy-2024-25-q1-qfs.pdf,b'Template is invalid or incomplete.'
courts/default/2024-12/28-napa-fy-23-24-q4-qfs.pdf,Fix worker exited with code -11
courts/default/2024-12/btb24-4b-5.pdf,b'Template is invalid or incomplete.'
courts/default/2024-12/btb_23_2m_4.pdf,b'Structure element not found.'
courts/default/2024-12/btb_23_3d_5.pdf,b'Invalid page object.'
courts/default/2024-12/capcon-spr08.pdf,TimeoutError: function took longer than 500 s.
courts/default/2024-12/capcon1104se.pdf,TimeoutError: function took longer than 500 s.
courts/default/2024-12/btb24-4b-2.pdf,b'Structure element not found.'
courts/default/2024-12/btb_23_3d_4.pdf,b'Invalid page object.'
courts/default/2024-12/btb24-2j-12.pdf,b'Template is invalid or incomplete.'
courts/default/2024-12/10-fresno-fy-23-24-q4-qfs.pdf,b'Template is invalid or incomplete.'
courts/default/2024-12/28-napa-fy-2024-25-q1-qfs.pdf,Fix worker exited with code -11
courts/default/2024-10/qfs-1819-q4-fresno.pdf,b'Template is invalid or incomplete.'
courts/default/2024-10/54-tulare-fy-23-24-q1-qfs.pdf,b'Template is invalid or incomplete.'
courts/default/2024-12/capcon1102se.pdf,TimeoutError: function took longer than 500 s.
courts/default/2024-10/22-mariposa-fy22-23-q3-qfs.pdf,b'Template is invalid or incomplete.'
courts/default/2024-10/qfs-2122-q4-sandiego.pdf,b'Template is invalid or incomplete.'
courts/default/2024-10/merced-fy-22-23-q2-qfs.pdf,b'Template is invalid or incomplete.'
courts/default/2024-10/humboldt-fy-22-23-q2-qfs.pdf,b'Template is invalid or incomplete.'
courts/default/2024-10/39-san-joaquin-fy-23-24-q1-qfs.pdf,b'Template is invalid or incomplete.'
courts/default/2024-10/qfs-2122-q1-riverside.pdf,b'Template is invalid or incomplete.'
courts/default/2024-10/28-napa-fy-23-24-q3-qfs.pdf,Fix worker exited with code -11
courts/default/2024-10/qfs-2021-q1-sanluisobispo.pdf,b'Template is invalid or incomplete.'
courts/default/2024-10/qfs-2223-q1-sierra.pdf,b'Template is invalid or incomplete.'
courts/default/2024-10/lpa-audiovisual-user-instructions.pdf,b'Template is invalid or incomplete.'
courts/default/2024-10/qfs-2021-q3-santabarbara.pdf,b'Template is invalid or incomplete.'
courts/default/2024-10/28-napa-fy-23-24-q2-qfs.pdf,Fix worker exited with code -11
courts/default/2024-10/7a-1920-colusa.pdf,b'Template is invalid or incomplete.'
courts/default/2024-10/mariposa-fy-22-23-q2-qfs.pdf,b'Template is invalid or incomplete.'
courts/default/2024-10/age1201.pdf,b'Invalid PDF page.'
courts/default/2024-10/13-imperial-fy-23-24-q1-qfs.pdf,b'Template is invalid or incomplete.'
courts/default/2024-10/modoc-fy-22-23-q2-qfs.pdf,b'Template is invalid or incomplete.'
courts/default/2024-10/qfs-2021-q2-kings.pdf,Fix worker exited with code -11
courts/default/2024-10/28-napa-fy-23-24-q1-qfs.pdf,Fix worker exited with code -11
courts/default/2024-10/colusa-fy-22-23-q2-qfs.pdf,Fix worker exited with code -11
courts/default/2024-10/qfs-2122-q4-sonoma.pdf,Fix worker exited with code -11
courts/default/2024-10/22-mariposa-fy-23-24-q1-qfs.pdf,b'Template is invalid or incomplete.'
private/courts/file/7a-2526-amador.pdf,b'Template is invalid or incomplete.'
private/courts/file/7a-2526-alpine.pdf,b'Template is invalid or incomplete.'
private/courts/file/10-fresno-fy-2024-25-q1-qfs.pdf,b'Template is invalid or incomplete.'
private/courts/file/crs-sp-467-rfp-hotel-multiple-awards-room-room-block.pdf,TimeoutError: function took longer than 500 s.
private/courts/file/tehama-fy-2024-25-q3-qfs.pdf,b'Template is invalid or incomplete.'
private/courts/file/tcbac-20200325-materials.pdf,Fix worker exited with code -11
private/courts/file/7a-2526-plumas.pdf,b'Template is invalid or incomplete.'
private/courts/file/behavioral-health-services-act-information-sheet.pdf,Fix worker exited with code -11
private/courts/file/response_lpa-86287_amd01-fe.pdf,b'Template is invalid or incomplete.'
private/courts/file/28-napa-fy-2024-25-q1-qfs.pdf,Fix worker exited with code -11
private/courts/solicitation-request-document/preconstruct-risk-lakeport-rfp-attachk.pdf,TimeoutError: function took longer than 500 s.
private/courts/opinion-citing/s277487-link5.pdf,b'Template is invalid or incomplete.'
private/courts/opinion-citing/s247278-link1.pdf,b'Invalid page object.'
private/courts/opinion-citing/s230051-link11.pdf,b'Structure element not found.'
private/courts/opinion-citing/s230051-link14.pdf,b'Structure element not found.'
private/courts/opinion-citing/s230051-link16.pdf,b'Structure element not found.'
private/courts/opinion-citing/s230051-link12.pdf,b'Structure element not found.'
courts/default/2024-08/aocbrief_human_traficking.pdf,b'Invalid PDF page.'
courts/default/2024-12/itema4.pdf,Fix worker exited with code -11
courts/default/2024-12/btb24-2l-3.pdf,b'Structure element not found.'
courts/default/2024-12/lr-2017-pc1170-report.pdf,b'Template is invalid or incomplete.'
courts/default/2024-12/btb_23_1a_14.pdf,Fix worker exited with code -11
courts/default/2024-12/jc-121211-item3.pdf,Fix worker exited with code -11
courts/default/2024-12/btb23_fri_writs_2.pdf,b'Invalid page object.'
courts/default/2024-12/7a-2425-san-joaquin.pdf,b'Template is invalid or incomplete.'
courts/default/2024-12/btb24-2a-1.pdf,b'Template is invalid or incomplete.'
courts/default/2024-12/jc-20121214-itema2.pdf,Fix worker exited with code -11
courts/default/2024-12/btb24-3j-1.pdf,b'Structure element not found.'
courts/default/2024-12/lr-2017-state-tc-imf-modernization-fund.pdf,b'Template is invalid or incomplete.'
courts/default/2024-12/refrept.pdf,TimeoutError: function took longer than 500 s.
courts/default/2024-12/santaclara-county-dually-involved-youth-protocol_2020.pdf,b'Template is invalid or incomplete.'
courts/default/2024-10/20110909item1.pdf,Fix worker exited with code -11
courts/default/2024-10/lpa-ma-2022-04-telelanguage.pdf,b'Template is invalid or incomplete.'
courts/default/2024-10/humanscale_ma-sf202101_ergoiq_final_fully-executed_07-02-21.pdf,b'Template is invalid or incomplete.'
courts/default/2024-10/7a-2324-santa-clara.pdf,TimeoutError: function took longer than 500 s.
courts/default/2024-10/jc-20141212-itema5.pdf,Fix worker exited with code -11
courts/default/2024-10/7a-1617-contracosta.pdf,TimeoutError: function took longer than 500 s.
courts/default/2024-10/7a-1920-losangeles.pdf,TimeoutError: function took longer than 500 s.
courts/default/2024-10/7a-2324-san-diego.pdf,b'Template is invalid or incomplete.'
courts/default/2024-10/lpa-justice-av-solutions-audio-visual-services-1034501.pdf,b'Template is invalid or incomplete.'
courts/default/2024-10/7a-1314-orange.pdf,TimeoutError: function took longer than 500 s.
private/courts/file/itac-20160216-rps-materials-open.pdf,Fix worker exited with code -11
private/courts/file/itema4.pdf,Fix worker exited with code -11
courts/default/2024-10/7a-2223-orange.pdf,TimeoutError: function took longer than 500 s.
private/courts/file/executiveandplanning-20230825-mm.pdf,b'Template is invalid or incomplete.'
courts/default/2024-10/7a-2223-santaclara.pdf,TimeoutError: function took longer than 500 s.
courts/default/2024-10/yuba_7a.pdf,TimeoutError: function took longer than 500 s.
private/courts/file/7a-2526-san-diego.pdf,TimeoutError: function took longer than 500 s.
private/courts/file/combined_ciap_meeting_materials_20240827_revisedpdf.pdf,Fix worker exited with code -11
courts/default/2024-10/7a-1617-losangeles.pdf,TimeoutError: function took longer than 500 s.
private/courts/file/20110909item1.pdf,Fix worker exited with code -11
private/courts/file/tcbac-20200602-materials.pdf,Fix worker exited with code -11
private/courts/file/cfac-20230725-materials.pdf,b'Template is invalid or incomplete.'
private/courts/file/tcbac-20180405-materials.pdf,b'Template is invalid or incomplete.'
private/courts/file/jc-121211-item3.pdf,Fix worker exited with code -11
private/courts/file/tcbac-20200220-fms-materials.pdf,Fix worker exited with code -11
private/courts/file/paf-20170228-materials-post.pdf,Fix worker exited with code -11
private/courts/file/ctac-20150701-rps-materials.pdf,Fix worker exited with code -11
private/courts/file/forum-20180607-materials_0.pdf,Fix worker exited with code -11
private/courts/file/attachment-3-peninsula-corporate-menu.pdf,b'Template is invalid or incomplete.'
private/courts/file/jc-20121214-itema2.pdf,Fix worker exited with code -11
private/courts/file/pclc-20170223-materials.pdf,Fix worker exited with code -11
private/courts/file/forum-20180607-materials.pdf,Fix worker exited with code -11
private/courts/file/2011legsumary_forweb.pdf,b'Template is invalid or incomplete.'
private/courts/file/rules-20230629-materials.pdf,Fix worker exited with code -11
private/courts/file/paf-20250617-lasc-materials_0.pdf,Fix worker exited with code -11
private/courts/solicitation-request-document/jbcp-2016-07-cp-attachment-1.pdf,TimeoutError: function took longer than 500 s.
private/courts/solicitation-request-document/it-2020-64-rb-exhibit-d-regional-map-and-jbe-listing.pdf,b'Template is invalid or incomplete.'
private/courts/solicitation-request-document/fso-la-metro-elevator-2017-11-jp-attach-s-bid-set-drawings-dated-11-01-2017.pdf,TimeoutError: function took longer than 500 s.
private/courts/solicitation-request-document/bap-2023-19-sb-attachment-8-specifications-and-samples.pdf,b'Template is invalid or incomplete.'
private/courts/solicitation-request-document/appendix-i-redacted-sample-actuarial-report.pdf,b'Template is invalid or incomplete.'
private/courts/solicitation-request-document/bap-2022-07-sb-attachment-8_specifications-and-samples.pdf,b'Template is invalid or incomplete.'
private/courts/solicitation-request-document/susanville-gencontractors-rfq-attachb1.pdf,TimeoutError: function took longer than 500 s.
private/courts/itc/spr24-14.pdf,b'Template is invalid or incomplete.'
private/courts/2024-11/SantaClara-County-Dually-Involved-Youth-Protocol_2020.pdf,b'Template is invalid or incomplete.'
private/courts/opinion-citing/s277072-link3.pdf,b'Structure element not found.'
courts/default/2024-08/ab1058-2020-parentage-handout.pdf,b'Template is invalid or incomplete.'
courts/default/2024-12/7a-2425-san-bernardino.pdf,TimeoutError: function took longer than 500 s.
courts/default/2024-12/7a-2425-santa-clara.pdf,TimeoutError: function took longer than 500 s.
courts/default/2024-12/btb25-precondv-17.pdf,TimeoutError: function took longer than 500 s.
courts/default/2024-12/7a-2425-los-angeles.pdf,TimeoutError: function took longer than 500 s.
courts/default/2024-10/staples-contract--commercial-llc-lpa-ma-2022-06.pdf,TimeoutError: function took longer than 500 s.
courts/default/2024-10/madera_qfs1fy0910.pdf,TimeoutError: function took longer than 500 s.
courts/default/2024-10/lassen-qfs2.pdf,TimeoutError: function took longer than 500 s.
courts/default/2024-10/sacramento_7a.pdf,TimeoutError: function took longer than 500 s.
courts/default/2024-10/7a-1314-sacramento.pdf,TimeoutError: function took longer than 500 s.
courts/default/2024-10/7a-2122-santaclara.pdf,TimeoutError: function took longer than 500 s.
courts/default/2024-10/7a-1415-orange.pdf,TimeoutError: function took longer than 500 s.
courts/default/2024-10/7a-2223-losangeles.pdf,TimeoutError: function took longer than 500 s.
courts/default/2024-10/7a-1617-sacramento.pdf,TimeoutError: function took longer than 500 s.
courts/default/2024-10/jc-20140822-itemc.pdf,Fix worker exited with code -11
courts/default/2024-10/7a-1718-sacramento.pdf,TimeoutError: function took longer than 500 s.
courts/default/2024-10/los_angeles_7a.pdf,TimeoutError: function took longer than 500 s.
courts/default/2024-10/7a-1819-sacramento.pdf,TimeoutError: function took longer than 500 s.
courts/default/2024-10/c347a.pdf,TimeoutError: function took longer than 500 s.
courts/default/2024-10/orange_7a.pdf,TimeoutError: function took longer than 500 s.
courts/default/2024-10/7a-1920-orange.pdf,TimeoutError: function took longer than 500 s.
courts/default/2024-10/7a-1516-orange.pdf,TimeoutError: function took longer than 500 s.
courts/default/2024-10/7a-2122-orange.pdf,TimeoutError: function took longer than 500 s.
courts/default/2024-10/7a-1920-sacramento.pdf,TimeoutError: function took longer than 500 s.
courts/default/2024-10/7a-1819-losangeles.pdf,TimeoutError: function took longer than 500 s.
courts/default/2024-10/sacramento-7a-1011.pdf,TimeoutError: function took longer than 500 s.
courts/default/2024-10/7a-2122-losangeles.pdf,TimeoutError: function took longer than 500 s.
courts/default/2024-10/c437a.pdf,TimeoutError: function took longer than 500 s.
courts/default/2024-10/san_diego_7a.pdf,TimeoutError: function took longer than 500 s.
courts/default/2024-10/sacramento-7a-1213.pdf,TimeoutError: function took longer than 500 s.
courts/default/2024-10/7a-2223-sacramento.pdf,TimeoutError: function took longer than 500 s.
courts/default/2024-10/c197a.pdf,TimeoutError: function took longer than 500 s.
courts/default/2024-10/7a-1819-orange.pdf,TimeoutError: function took longer than 500 s.
courts/default/2024-10/7a-1920-santaclara.pdf,TimeoutError: function took longer than 500 s.
courts/default/2024-10/los_angeles_q4_2008-09.pdf,TimeoutError: function took longer than 500 s.
courts/default/2024-10/response-technologies-lpa-86287.pdf,b'Template is invalid or incomplete.'
courts/default/2024-10/sacramento-7a-1112.pdf,TimeoutError: function took longer than 500 s.
courts/default/2024-10/7a-1718-losangeles.pdf,TimeoutError: function took longer than 500 s.
courts/default/2024-10/7a-1617-orange.pdf,TimeoutError: function took longer than 500 s.
courts/default/2024-10/7a-1516-sacramento.pdf,TimeoutError: function took longer than 500 s.
courts/default/2024-10/7a-1415-sacramento.pdf,TimeoutError: function took longer than 500 s.
private/courts/file/forum-20170817-materials.pdf,Fix worker exited with code -11
private/courts/file/7a-2526-san-bernardino.pdf,TimeoutError: function took longer than 500 s.
courts/default/2024-10/7a-2324-los-angeles.pdf,TimeoutError: function took longer than 500 s.
private/courts/file/tcfmac-20141215-meeting-materials.pdf,Fix worker exited with code -11
private/courts/file/forum-20150211-materials.pdf,Fix worker exited with code -11
private/courts/file/ciap_20250224_materials.pdf,Fix worker exited with code -11
private/courts/file/ma-2024-09-avidex-industries-llc.pdf,b'Template is invalid or incomplete.'
private/courts/file/forum-20180816-materials.pdf,b'Structure element not found.'
private/courts/file/7a-2526-kern.pdf,TimeoutError: function took longer than 500 s.
private/courts/file/jctc-20150721-materials.pdf,Fix worker exited with code -11
private/courts/file/cfac-20150528-materials.pdf,Fix worker exited with code -11
private/courts/file/7a-2526-santa-clara.pdf,TimeoutError: function took longer than 500 s.
private/courts/solicitation-request-document/ifb-it-2023-10-sb-qa.pdf,b'Template is invalid or incomplete.'
private/courts/solicitation-request-document/preliminary-schedule-id20210602.pdf,TimeoutError: function took longer than 500 s.
private/courts/solicitation-request-document/rfp-fs-2021-02-bd-attachment-p4-64-e1-re-roofing-spec-and-100cd-drawings.pdf,TimeoutError: function took longer than 500 s.
courts/default/2024-12/itema13_0.pdf,Fix worker exited with code -11
courts/default/2024-12/itema13_0_0.pdf,Fix worker exited with code -11
courts/default/2024-12/jc-20121214-info3.pdf,Fix worker exited with code -11
courts/default/2024-12/btb25-4d-01.pdf,b'Invalid PDF page.'
courts/default/2024-12/btb24-4l-5.pdf,Fix worker exited with code -11
courts/default/2024-08/courttoolkit-tribalstatefederal-adminclerks.pdf,b'Structure element not found.'
courts/default/2024-10/plumas_q4_2007-08.pdf,TimeoutError: function took longer than 500 s.
courts/default/2024-10/santa_clara_q4_2007-08.pdf,TimeoutError: function took longer than 500 s.
courts/default/2024-10/del_norte_q4_2007-08.pdf,TimeoutError: function took longer than 500 s.
courts/default/2024-10/lake_q4_2007-08.pdf,TimeoutError: function took longer than 500 s.
courts/default/2024-10/napa_q4_2007-08.pdf,TimeoutError: function took longer than 500 s.
courts/default/2024-10/marin_q4_2007-08.pdf,TimeoutError: function took longer than 500 s.
courts/default/2024-10/san_benito_q4_2007-08.pdf,TimeoutError: function took longer than 500 s.
courts/default/2024-10/tuolumne_q4_2007-08.pdf,TimeoutError: function took longer than 500 s.
courts/default/2024-10/placer_q4_2007-08.pdf,TimeoutError: function took longer than 500 s.
courts/default/2024-10/kings_q4_2007-08.pdf,TimeoutError: function took longer than 500 s.
courts/default/2024-10/santa_cruz_q4_2007-08.pdf,TimeoutError: function took longer than 500 s.
courts/default/2024-10/modoc_q4_2007-08.pdf,TimeoutError: function took longer than 500 s.
courts/default/2024-10/san_francisco_q4_2007-08.pdf,TimeoutError: function took longer than 500 s.
courts/default/2024-10/santa_barbara_q4_2007-08.pdf,TimeoutError: function took longer than 500 s.
courts/default/2024-10/nevada_q4_2007-08.pdf,TimeoutError: function took longer than 500 s.
courts/default/2024-10/calaveras_q4_2007-08.pdf,TimeoutError: function took longer than 500 s.
courts/default/2024-10/jc-20150728-itema2.pdf,Fix worker exited with code -11
courts/default/2024-10/mendocino_q4_2007-08.pdf,TimeoutError: function took longer than 500 s.
courts/default/2024-10/mono_q4_2007-08.pdf,TimeoutError: function took longer than 500 s.
courts/default/2024-10/imperial_q4_2007-08.pdf,TimeoutError: function took longer than 500 s.
courts/default/2024-10/ventura_q4_2007-08.pdf,TimeoutError: function took longer than 500 s.
courts/default/2024-10/inyo_q4_2007-08.pdf,TimeoutError: function took longer than 500 s.
courts/default/2024-10/san_joaquin_q4_2007-08.pdf,TimeoutError: function took longer than 500 s.
courts/default/2024-10/tehama_q4_2007-08.pdf,TimeoutError: function took longer than 500 s.
courts/default/2024-10/trinity_q4_2007-08.pdf,TimeoutError: function took longer than 500 s.
courts/default/2024-10/sutter_q4_2007-08.pdf,TimeoutError: function took longer than 500 s.
courts/default/2024-10/fresno_q4_2007-08.pdf,TimeoutError: function took longer than 500 s.
courts/default/2024-10/siskiyou_q4_2007-08.pdf,TimeoutError: function took longer than 500 s.
courts/default/2024-10/7a-2122-ventura.pdf,TimeoutError: function took longer than 500 s.
courts/default/2024-10/stanislaus_q4_2007-08.pdf,TimeoutError: function took longer than 500 s.
courts/default/2024-10/el_dorado_q4_2007-08.pdf,TimeoutError: function took longer than 500 s.
courts/default/2024-10/alpine_q4_2007-08.pdf,TimeoutError: function took longer than 500 s.
courts/default/2024-10/monterey_q4_2007-08.pdf,TimeoutError: function took longer than 500 s.
courts/default/2024-10/colusa_q4_2007-08.pdf,TimeoutError: function took longer than 500 s.
courts/default/2024-10/mariposa_q4_2007-08.pdf,TimeoutError: function took longer than 500 s.
courts/default/2024-10/madera_q4_2007-08.pdf,TimeoutError: function took longer than 500 s.
courts/default/2024-10/lassen_q4_2007-08.pdf,TimeoutError: function took longer than 500 s.
courts/default/2024-10/7a-2122-sacramento.pdf,TimeoutError: function took longer than 500 s.
courts/default/2024-10/humboldt_q4_2007-08.pdf,TimeoutError: function took longer than 500 s.
courts/default/2024-10/san_bernardino_q4_2007-08.pdf,TimeoutError: function took longer than 500 s.
courts/default/2024-10/contra_costa_q4_2007-08.pdf,TimeoutError: function took longer than 500 s.
courts/default/2024-10/solano_q4_2007-08.pdf,TimeoutError: function took longer than 500 s.
courts/default/2024-10/yuba_q4_2007-08.pdf,TimeoutError: function took longer than 500 s.
courts/default/2024-10/7a-2324-san-bernardino.pdf,TimeoutError: function took longer than 500 s.
courts/default/2024-10/tulare_q4_2007-08.pdf,TimeoutError: function took longer than 500 s.
courts/default/2024-10/butte_q4_2007-08.pdf,TimeoutError: function took longer than 500 s.
courts/default/2024-10/shasta_q4_2007-08.pdf,TimeoutError: function took longer than 500 s.
courts/default/2024-10/sierra_q4_2007-08.pdf,TimeoutError: function took longer than 500 s.
courts/default/2024-10/san_mateo_q4_2007-08.pdf,TimeoutError: function took longer than 500 s.
courts/default/2024-10/san_diego_q4_2007-08.pdf,TimeoutError: function took longer than 500 s.
courts/default/2024-10/san_luis_obispo_q4_2007-08.pdf,TimeoutError: function took longer than 500 s.
courts/default/2024-10/orange_q4_2007-08.pdf,TimeoutError: function took longer than 500 s.
courts/default/2024-10/7a-1819-siskiyou.pdf,TimeoutError: function took longer than 500 s.
courts/default/2024-10/los_angeles_q4_2007-08.pdf,TimeoutError: function took longer than 500 s.
courts/default/2024-10/sacramento_q4_2007-08.pdf,TimeoutError: function took longer than 500 s.
private/courts/file/20100827item6_0.pdf,Fix worker exited with code -11
private/courts/file/itac-20161202-materials.pdf,Fix worker exited with code -11
courts/default/2024-10/alameda_q4_2007-08.pdf,TimeoutError: function took longer than 500 s.
courts/default/2024-10/riverside_q4_2007-08.pdf,TimeoutError: function took longer than 500 s.
courts/default/2024-10/kern_q4_2007-08.pdf,TimeoutError: function took longer than 500 s.
courts/default/2024-10/sonoma_q4_2007-08.pdf,TimeoutError: function took longer than 500 s.
courts/default/2024-10/jc-20130823-itemj.pdf,Fix worker exited with code -11
courts/default/2024-10/glenn_q4_2007-08.pdf,TimeoutError: function took longer than 500 s.
courts/default/2024-10/merced_q4_2007-08.pdf,TimeoutError: function took longer than 500 s.
courts/default/2024-10/yolo_q4_2007-08.pdf,TimeoutError: function took longer than 500 s.
private/courts/file/jc-20121214-info3.pdf,Fix worker exited with code -11
private/courts/file/forum-20150820-ebinder.pdf,b'Structure element not found.'
private/courts/file/ctac-20150327-materials-public.pdf,b'Structure element not found.'
private/courts/file/forum-20151008-materials.pdf,b'Structure element not found.'
private/courts/file/itema13.pdf,Fix worker exited with code -11
private/courts/file/itac-20151020-rps-materials.pdf,Fix worker exited with code -11
private/courts/file/20100827item6.pdf,Fix worker exited with code -11
private/courts/file/tcfmac-20160404-meeting-materials.pdf,TimeoutError: function took longer than 500 s.
private/courts/file/forum-20170216-orientationpacket.pdf,b'Structure element not found.'
private/courts/file/forum-20180412-materials.pdf,Fix worker exited with code -11
private/courts/file/forum-20170413-materials.pdf,b'Structure element not found.'
private/courts/solicitation-request-document/rfp-fs-sp-2020-16-jp-attachment-3-regional-pricing-work.pdf,TimeoutError: function took longer than 500 s.
private/courts/solicitation-request-document/rfpfs202203mb-attach-8-project-documents-addendum-5.pdf,b'Template is invalid or incomplete.'
private/courts/solicitation-request-document/rfpfs202301mb-attach-14-fire-sprinkler-study_0.pdf,TimeoutError: function took longer than 500 s.
private/courts/solicitation-request-document/rfpfs202301mb-attach-14-fire-sprinkler-study.pdf,TimeoutError: function took longer than 500 s.
private/courts/solicitation-request-document/rfp-fs-sp-2019-03-jp-attachment-3-regional-pricing-work.pdf,TimeoutError: function took longer than 500 s.
courts/default/2024-10/jc-directives-facility-cost-benefit-analysis-report-and-appendices.pdf,TimeoutError: function took longer than 500 s.
courts/default/2024-08/empprept.pdf,TimeoutError: function took longer than 500 s.
courts/default/2024-12/judicial-branch-contracts-under-code-19209.pdf,TimeoutError: function took longer than 500 s.
courts/default/2024-08/jourvol1.pdf,TimeoutError: function took longer than 500 s.
courts/default/2024-12/jc-121311-itemm.pdf,Fix worker exited with code -11
courts/default/2024-10/jc-20140627-itemf.pdf,Fix worker exited with code -11
courts/default/2024-10/jc-20130226-itemp.pdf,Fix worker exited with code -11
courts/default/2024-10/jc-directive-26-feb-2013.pdf,Fix worker exited with code -11
courts/default/2024-10/jc-20130823-circulating-attach1a.pdf,TimeoutError: function took longer than 500 s.
courts/default/2024-10/jc-20120727-itemb-1a.pdf,TimeoutError: function took longer than 500 s.
courts/default/2024-08/btb20jun4effectedoutcomept2of2.pdf,TimeoutError: function took longer than 500 s.
courts/default/2024-10/jc-20120124-itemc.pdf,TimeoutError: function took longer than 500 s.
courts/default/2024-10/jc-20120831-itemd.pdf,Fix worker exited with code -11
courts/default/2024-10/jc-20131025-minutes.pdf,Fix worker exited with code -11
private/courts/file/cjcac-20161014-materials.pdf,Fix worker exited with code -11
private/courts/file/tcfmac-20210129-open-materials.pdf,b'Invalid PDF page.'
private/courts/file/rules-20231207-materials.pdf,TimeoutError: function took longer than 500 s.
private/courts/file/rules-20250410-materials.pdf,TimeoutError: function took longer than 500 s.
private/courts/file/tcfmac-20161014-materials.pdf,TimeoutError: function took longer than 500 s.
private/courts/file/forum-20160609-materials.pdf,Fix worker exited with code -11
private/courts/file/forum-20161215-materials.pdf,b'Invalid page object.'
private/courts/facilities-deferred-maintenance-report-fy-2018-19.pdf,TimeoutError: function took longer than 500 s.
private/courts/file/rules-20211008-materials.pdf,Fix worker exited with code -11
private/courts/file/tcbac-20190321-materials.pdf,Fix worker exited with code -11
private/courts/file/rupro-20150320-materials.pdf,b'Template is invalid or incomplete.'
private/courts/file/jc-20120831-itemd_1.pdf,Fix worker exited with code -11
private/courts/file/rules-20220922-materials.pdf,TimeoutError: function took longer than 500 s.
private/courts/file/tcfmac-20220718-open-materials.pdf,TimeoutError: function took longer than 500 s.
private/courts/file/forum-20201008-materialsr.pdf,TimeoutError: function took longer than 500 s.
private/courts/file/rules-20241205-materials_0.pdf,TimeoutError: function took longer than 500 s.
private/courts/file/rules-20240806-materials.pdf,Fix worker exited with code -11
private/courts/file/rules-20211209-materials.pdf,TimeoutError: function took longer than 500 s.
private/courts/file/jbbc-20200528-materials.pdf,b'Template is invalid or incomplete.'
private/courts/file/jc-121311-itemm.pdf,Fix worker exited with code -11
private/courts/file/tcbac-20150323-materials.pdf,TimeoutError: function took longer than 500 s.
private/courts/file/rules-20241205-materials_1.pdf,TimeoutError: function took longer than 500 s.
private/courts/file/tcbac-20190228-fms-materials.pdf,Fix worker exited with code -11
private/courts/file/rules-20221116-materials.pdf,TimeoutError: function took longer than 500 s.
private/courts/file/jbwcp-20160317-materials.pdf,TimeoutError: function took longer than 500 s.
private/courts/file/paf-20160309-materials.pdf,Fix worker exited with code -11
private/courts/file/executiveandplanning-20221118-mm.pdf,TimeoutError: function took longer than 500 s.
private/courts/file/tcfmac-20170721-material.pdf,TimeoutError: function took longer than 500 s.
private/courts/file/tcfmac-20241025-open-session-materials-rev1.pdf,TimeoutError: function took longer than 500 s.
private/courts/file/tcfmac-20210719-open-materials.pdf,TimeoutError: function took longer than 500 s.
private/courts/file/tcfmac-20150522-meeting-materials.pdf,TimeoutError: function took longer than 500 s.
private/courts/file/tcfmac-20170519-materials.pdf,TimeoutError: function took longer than 500 s.
private/courts/file/eandp-20150407-mm.pdf,TimeoutError: function took longer than 500 s.
private/courts/file/jbwcp-20200218-materials.pdf,TimeoutError: function took longer than 500 s.
private/courts/file/tcbac-supplemental-materials-20140116.pdf,TimeoutError: function took longer than 500 s.
private/courts/file/tcfmac-20240719-open-session-materialspdf.pdf,TimeoutError: function took longer than 500 s.
private/courts/file/20250214-jbwcp-ac-materials.pdf,Fix worker exited with code -11
private/courts/file/jc-20120831-itemd.pdf,Fix worker exited with code -11
private/courts/file/rules-20241205-materials.pdf,TimeoutError: function took longer than 500 s.
private/courts/file/tcfmac-20180525-open-materials.pdf,TimeoutError: function took longer than 500 s.
private/courts/file/tcfmac-20180720-five_year_master_plan.pdf,TimeoutError: function took longer than 500 s.
private/courts/file/tcfmac-20241025-open-session-materials-rev1pdf.pdf,TimeoutError: function took longer than 500 s.
private/courts/file/forum-20150611-materials.pdf,Fix worker exited with code -11
private/courts/file/executiveandplanning-20240905-mmpdf.pdf,Fix worker exited with code -11
private/courts/file/materials.pdf,TimeoutError: function took longer than 500 s.
private/courts/solicitation-request-document/fso-la-metro-elevator-2017-11-jp-attach-r-project-manual-dated-11-01-2017.pdf,b'Template is invalid or incomplete.'
private/courts/file/tcfmac-20230717-open-session-materials.pdf,TimeoutError: function took longer than 500 s.
private/courts/solicitation-request-document/jbcp-refm-av-2016-12-jp-cal-tc-facilities-standards-2011.pdf,TimeoutError: function took longer than 500 s.
private/courts/file/facilities-deferred-maintenance-report-fy-2018-19.pdf,TimeoutError: function took longer than 500 s.
private/courts/file/tcfmac-20150717-open-meeting-materials.pdf,TimeoutError: function took longer than 500 s.
private/courts/solicitation-request-document/rfp-isd-06192012-slo_exhibit-c-jbsis-implementation-manual.pdf,TimeoutError: function took longer than 500 s.
private/courts/solicitation-request-document/4-12-kings-exhibit-c-jbsis-implementation-manual.pdf,TimeoutError: function took longer than 500 s.
private/courts/itc/ctcfs2011.pdf,TimeoutError: function took longer than 500 s.
private/courts/file/tcfmac-20160722-materials.pdf,TimeoutError: function took longer than 500 s.
private/courts/itc/rules-20250410-materials.pdf,TimeoutError: function took longer than 500 s.
private/courts/itc/sp15-01.pdf,Fix worker exited with code -11
private/courts/solicitation-request-document/rfp-fs-sp-2019-03-jp-attachment-3-region-pricing-workbook.pdf,TimeoutError: function took longer than 500 s.
private/courts/solicitation-request-document/rfp-fs-sp-2019-03-jp-attachment-3-regional-pricing-worksheet-addendum-1.pdf,TimeoutError: function took longer than 500 s.
private/courts/opinion-citing/s267522-link2.pdf,Fix worker exited with code -11
private/courts/solicitation-request-document/rfp-fs-sp-2019-03-jp-attachment-3-regional-pricing-worksheet-addendum-3.pdf,TimeoutError: function took longer than 500 s.
courts/default/2024-10/ccr-17-18-ebinder.pdf,b'Structure element not found.'
private/courts/file/rupro-20181019-materials.pdf,TimeoutError: function took longer than 500 s.
courts/default/2024-12/btb24-2l-2.pdf,b'Invalid page object.'
courts/default/2024-10/jc-20150821-itemc.pdf,TimeoutError: function took longer than 500 s.
courts/default/2024-10/ccr-18-19-ebinder.pdf,b'Structure element not found.'
private/courts/file/deferred-maintenance-report-fy-2026-27.pdf,TimeoutError: function took longer than 500 s.
courts/default/2024-12/lr-jbcl-semiannual-contract-report-08-01-2013.pdf,TimeoutError: function took longer than 500 s.
private/courts/facilities-deferred-maintenance-report-fy-2019-20.pdf,TimeoutError: function took longer than 500 s.
private/courts/file/rupro-20170224-materials.pdf,TimeoutError: function took longer than 500 s.
private/courts/file/rules-20230329-materials.pdf,TimeoutError: function took longer than 500 s.
courts/default/2024-12/lr_semiannualcontractreport-jan-june-2012.pdf,TimeoutError: function took longer than 500 s.
private/courts/file/cfac-20241105-materials.pdf,TimeoutError: function took longer than 500 s.
private/courts/file/rupro-20160414-materials.pdf,TimeoutError: function took longer than 500 s.
private/courts/file/rupro-20150908-materials.pdf,TimeoutError: function took longer than 500 s.
private/courts/file/rupro-20180405-materials.pdf,TimeoutError: function took longer than 500 s.
private/courts/file/rupro-20170726-materials.pdf,TimeoutError: function took longer than 500 s.
private/courts/file/compiled-appendices-pt-1-appx-d-draft-mitigated-negative-declaration.pdf,TimeoutError: function took longer than 500 s.
private/courts/file/deferredmaintenance-fy2025-26.pdf,TimeoutError: function took longer than 500 s.
private/courts/file/rules-20220330-materials.pdf,TimeoutError: function took longer than 500 s.
private/courts/file/cfac-20241105-materials_1.pdf,TimeoutError: function took longer than 500 s.
private/courts/file/cfac-20241105-materials_0.pdf,TimeoutError: function took longer than 500 s.
private/courts/file/tcfmac-20180720-open-materials.pdf,TimeoutError: function took longer than 500 s.
private/courts/file/rules-20250313-materials_0.pdf,TimeoutError: function took longer than 500 s.
private/courts/file/facilities-deferred-maintenance-report-fy-2019-20.pdf,TimeoutError: function took longer than 500 s.
private/courts/file/rules-20250313-materials.pdf,TimeoutError: function took longer than 500 s.
private/courts/file/rules-20250411-materials.pdf,TimeoutError: function took longer than 500 s.
private/courts/file/eandp-20150615-mm1.pdf,TimeoutError: function took longer than 500 s.
private/courts/file/cfac-20191001-materials.pdf,TimeoutError: function took longer than 500 s.
private/courts/file/tcbac-20150310-res-appendices_0.pdf,TimeoutError: function took longer than 500 s.
private/courts/file/rules-20240328-materials_0.pdf,TimeoutError: function took longer than 500 s.
private/courts/file/eandp-20150108-mm.pdf,Fix worker exited with code -11
private/courts/file/rules-20240328-materials.pdf,TimeoutError: function took longer than 500 s.
private/courts/file/rupro-20160907-materials.pdf,TimeoutError: function took longer than 500 s.
private/courts/file/rupro-20160318-materials.pdf,TimeoutError: function took longer than 500 s.
private/courts/solicitation-request-document/rfpfs202203mb-rfp-attach-9-support-documents-a9-addendum-6.pdf,TimeoutError: function took longer than 500 s.
private/courts/file/tcbac-20150310-res-appendices.pdf,TimeoutError: function took longer than 500 s.
private/courts/file/sandiego_final_eir_appendices_f.pdf,TimeoutError: function took longer than 500 s.
private/courts/file/rules-20250904-materials.pdf,TimeoutError: function took longer than 500 s.
private/courts/solicitation-request-document/rfpfs202203mb-rfp-attach-9-support-documents-a9-addendum-7.pdf,TimeoutError: function took longer than 500 s.
private/courts/file/rules-20240813-materials.pdf,TimeoutError: function took longer than 500 s.
private/courts/solicitation-request-document/rfpfs202203mb-rfp-attach-9-support-documents-a1-through-a8-addendum-7.pdf,TimeoutError: function took longer than 500 s.
courts/default/2024-10/jc-20150626-item2.pdf,b'Structure element not found.'
courts/default/2024-10/jc-20150821-info1.pdf,Fix worker exited with code -11
private/courts/facilities-deferred-maintenance-report-fy-2020-21.pdf,TimeoutError: function took longer than 500 s.
courts/default/2024-10/jc-directives-20160714-status-report.pdf,Fix worker exited with code -11
private/courts/facilities-deferred-maintenance-report-fy-2022-23.pdf,TimeoutError: function took longer than 500 s.
private/courts/facilities-deferred-maintenance-report-fy-2021-22.pdf,TimeoutError: function took longer than 500 s.
courts/default/2024-10/jc-20150417-itemj.pdf,TimeoutError: function took longer than 500 s.
courts/default/2024-10/jc-directives-20171023-status-report.pdf,Fix worker exited with code -11
private/courts/file/tcfmac-20210830-open-materials.pdf,TimeoutError: function took longer than 500 s.
courts/default/2024-12/calcrim_2024_edition.pdf,TimeoutError: function took longer than 500 s.
private/courts/file/rules-20230822-materials.pdf,TimeoutError: function took longer than 500 s.
private/courts/file/eandp-20141120-mm.pdf,TimeoutError: function took longer than 500 s.
private/courts/file/rupro-20180501-materials.pdf,TimeoutError: function took longer than 500 s.
private/courts/file/rules-20250911-materials.pdf,TimeoutError: function took longer than 500 s.
private/courts/file/rupro-20161118-materials.pdf,TimeoutError: function took longer than 500 s.
private/courts/file/tcfmac-202308-28-open-materials.pdf,TimeoutError: function took longer than 500 s.
private/courts/file/rupro-20200409-materials.pdf,TimeoutError: function took longer than 500 s.
private/courts/file/facilities-deferred-maintenance-report-fy-2021-22.pdf,TimeoutError: function took longer than 500 s.
private/courts/file/compiled-appendices-pt-2-appx-e-g-draft-mitigated-negative-declaration.pdf,TimeoutError: function took longer than 500 s.
private/courts/file/tcfmac-20240826-open-session-materials-web-version.pdf,TimeoutError: function took longer than 500 s.
private/courts/file/tcfmac-20220829-open-materials.pdf,TimeoutError: function took longer than 500 s.
private/courts/file/elkins-commentchart_0.pdf,TimeoutError: function took longer than 500 s.
private/courts/file/eandp-20150615-mm2.pdf,b'Structure element not found.'
private/courts/file/rupro-20190821-materials.pdf,TimeoutError: function took longer than 500 s.
private/courts/file/tcfmac-20250815-open-session-materials.pdf,TimeoutError: function took longer than 500 s.
private/courts/file/rupro-20180823-materials.pdf,TimeoutError: function took longer than 500 s.
private/courts/file/forum-20180215-materials.pdf,Fix worker exited with code -11
private/courts/file/rupro-20150416-materials.pdf,TimeoutError: function took longer than 500 s.
private/courts/file/tcfmac-20200831-materials.pdf,TimeoutError: function took longer than 500 s.
private/courts/file/tcfmac-20240826-open-session-materials_web_versionpdf.pdf,TimeoutError: function took longer than 500 s.
private/courts/file/eandp-20151008-mm1.pdf,TimeoutError: function took longer than 500 s.
private/courts/file/civilcasecoord_2018topresent_jccp-log.pdf,TimeoutError: function took longer than 500 s.
private/courts/file/eandp-20141009-mm.pdf,TimeoutError: function took longer than 500 s.
private/courts/file/eandp-20150810-mm2.pdf,Fix worker exited with code -11
private/courts/file/rules-20220823-materials.pdf,TimeoutError: function took longer than 500 s.
private/courts/file/eandp-20151008-mm2.pdf,Fix worker exited with code -11
private/courts/file/civilcasecoordarchive_2017andolder_jccplog.pdf,TimeoutError: function took longer than 500 s.
private/courts/file/eandp-2015031213-mm.pdf,Fix worker exited with code -11
private/courts/file/rupro-20190410-materials.pdf,TimeoutError: function took longer than 500 s.
private/courts/file/facilities-deferred-maintenance-report-fy-2022-23.pdf,TimeoutError: function took longer than 500 s.
private/courts/file/facilities-deferred-maintenance-report-fy-2020-21.pdf,TimeoutError: function took longer than 500 s.
private/courts/file/elkins-commentchart.pdf,TimeoutError: function took longer than 500 s.
private/courts/file/rules-20200820-materials.pdf,TimeoutError: function took longer than 500 s.
private/courts/file/civilcasecoord_2018topresent_jccplog.pdf,TimeoutError: function took longer than 500 s.
private/courts/solicitation-request-document/attach-8-project-documents.pdf,TimeoutError: function took longer than 500 s.
private/courts/2025-05/Appendix_Compressed_051525.pdf,TimeoutError: function took longer than 500 s.
courts/default/2024-12/judicial_council_of_california_civil_jury_instructions_2020_0.pdf,TimeoutError: function took longer than 500 s.
courts/default/2024-12/judicial_council_of_california_civil_jury_instructions_2024_0.pdf,TimeoutError: function took longer than 500 s.
courts/default/2024-12/judicial_council_of_california_civil_jury_instructions_2022_edition_0.pdf,TimeoutError: function took longer than 500 s.
courts/default/2024-12/judicial_council_of_california_civil_jury_instructions-2023-archived_0.pdf,TimeoutError: function took longer than 500 s.
private/courts/2024-08/Judicial_Council_of_California_Civil_Jury_Instructions-2023-archived.pdf,TimeoutError: function took longer than 500 s.
private/courts/2024-08/judicial_council_of_california_civil_jury_instructions_2024.pdf,TimeoutError: function took longer than 500 s.
private/courts/2024-08/Judicial_Council_of_California_Civil_Jury_Instructions_2020.pdf,TimeoutError: function took longer than 500 s.
private/courts/2024-08/Judicial_Council_of_California_Civil_Jury_Instructions_2022_edition.pdf,TimeoutError: function took longer than 500 s.
private/courts/file/judicial_council_of_california_civil_jury_instructions_2025.pdf,TimeoutError: function took longer than 500 s.
private/courts/file/judicial_council_of_california_civil_jury_instructions_2026.pdf,TimeoutError: function took longer than 500 s.
private/courts/file/judicial_council_of_california_civil_jury_instructions_2024.pdf,TimeoutError: function took longer than 500 s.
private/courts/solicitation-request-document/judicial_council_of_california_civil_jury_instructions_2020.pdf,TimeoutError: function took longer than 500 s.
private/courts/solicitation-request-document/attachment-9-performance-criteria-documents.pdf,TimeoutError: function took longer than 500 s.
