file,6.2,7.1,7.10,7.15,7.18.1,7.18.3,7.18.4,7.18.5,7.2,7.20,7.21.3.1,7.21.3.2,7.21.3.3,7.21.4.1,7.21.5,7.21.6,7.21.7,7.21.8,7.3,7.5,7.9
adopt050infoc.pdf,,O,,,,,,,,,,,,,,,,,,,
adopt050infok.pdf,,O,,,,,,,,,,,,,,,,,,,
adopt050infos.pdf,,O,,,,,,,,,,,,,,,,,,,
adopt050infov.pdf,,O,,,,,,,,,,,,,,,,,,,
adopt200c.pdf,,O,,,,,,,,,,,,,,,,,,,
adopt200k.pdf,,O,,,,,,,,,,,,,,,,,,,
adopt200s.pdf,,O,,,,,,,,,,,,,,,,,,,
adopt200v.pdf,,O,,,,O,O,,,,,,,,,,,,O,,
adopt203c.pdf,,O,,,,,,,,,,,,,,,,,,,
adopt203k.pdf,,O,,,,,,,,,,,,,,,,,,,
adopt203s.pdf,,O,,,,,,,,,,,,,,,,,,,
adopt210c.pdf,,O,,,,,,,,,,,,,,,,,,,
adopt210k.pdf,,O,,,,,,,,,,,,,,,,,,,
adopt210s.pdf,,O,,,,,,,,,,,,,,,,,,,
adopt215c.pdf,,O,,,,,,,,,,,,,,,,,,,
adopt215k.pdf,,O,,,,,,,,,,,,,,,,,,,
adopt215s.pdf,,O,,,,,,,,,,,,,,,,,,,
adopt216s.pdf,O,O,,,,,,,O,,,,,O,,,O,,,,
adopt230c.pdf,,,,,,,,,,,,,,,,,,,,,
adopt230k.pdf,,O,,,,,,,,,,,,,,,,,,,
adopt230s.pdf,,O,,,,,,,,,,,,,,,,,,,
adopt310c.pdf,,,,,,,,,,,,,,,,,,,,,
adopt310k.pdf,,O,,,,,,,,,,,,,,,,,,,
app001infoc.pdf,,,,,,,,,,,,,,,,,,,,,
app001infok.pdf,,O,,,,,,,,,,,,,,,,,,,
app001infos.pdf,,O,,,,,,,,,,,,,,,,,,,
app001infov.pdf,,O,,,,,,,O,,,,,,,,,,,,
app015infoc.pdf,,,,,,,,,,,,,,,,,,,,,
app015infok.pdf,,O,,,,,,,,,,,,,,,,,,,
app015infos.pdf,,O,,,,,,,,,,,,,,,,,,,
app015infov.pdf,,O,,,,,,,,,,,,,,,,,,,
app016gcs.pdf,,O,,,,,,,,,,,,,,,,,,,
app016s.pdf,,O,,O,,,,,O,,,,,O,,,,,,,
care050infoc.pdf,,O,,,,,,,,,,,,,,,,,,,
care050infof.pdf,,,,,,,,,O,,,,,,,,,,,,
care050infok.pdf,,O,,,,,,,,,,,,,,,,,,,
care050infos.pdf,,,,,,,,,,,,,,,,,,,,,
care050infov.pdf,,O,,,,O,O,O,,,,,,,,,,,,O,
care060infoc.pdf,,O,,,,,,,,,,,,,,,,,,,
care060infof.pdf,,,,,,,,,,,,,,,,,,,,,
care060infok.pdf,,O,,,,,,,,,,,,,,,,,,,
care060infos.pdf,,O,,,,,,,,,,,,,,,,,,,
care060infov.pdf,,O,,,,,,,O,,,,,,,,,,,,
care100c.pdf,,,,,,,,,,,,,,,,,,,,,
care100cm.pdf,,O,,,,,,,,,,,,,,,,,,,
care100f.pdf,,,,,,,,,,,,,,,,,,,,,
care100k.pdf,,O,,,,,,,,,,,,,,,,,,,
care100s.pdf,,O,,,,,,,,,,,,,,,,,,,
care100t.pdf,,O,,,,,,,,,,,,,,,,,,,
care100v.pdf,,O,,,,O,O,O,,,,,,,,,,,O,,
care101c.pdf,,O,,,,,,,,,,,,,,,,,,,
care101cm.pdf,,O,,,,,,,,,,,,,,,,,,,
care101f.pdf,,O,,,,,,,,,,,,,,,,,,,
care101k.pdf,,O,,,,,,,,,,,,,,,,,,,
care101s.pdf,,O,,,,,,,,,,,,,,,,,,,
care101t.pdf,,,,,,,,,,,,,,,,,,,,,
care101v.pdf,,O,,,,,,,O,,,,,,,,,,,,
care102c.pdf,,O,,,,,,,,,,,,,,,,,,,
care102f.pdf,,,,,,,,,,,,,,,,,,,,,
care102k.pdf,,O,,,,,,,,,,,,,,,,,,,
care102s.pdf,,O,,,,,,,,,,,,,,,,,,,
care103c.pdf,,,,,,,,,,,,,,,,,,,,,
care103f.pdf,,,,,,,,,,,,,,,,,,,,,
care103k.pdf,,O,,,,,,,,,,,,,,,,,,,
care103s.pdf,,,,,,,,,,,,,,,,,,,,,
care103v.pdf,,O,,,,,,,,,,,,,,,,,,,
care107c.pdf,,O,,,,,,,,,,,,,,,,,,,
care107f.pdf,,,,,,,,,,,,,,,,,,,,,
care107k.pdf,,O,,,,,,,,,,,,,,,,,,,
care107s.pdf,,O,,,,,,,,,,,,,,,,,,,
care107v.pdf,,O,,,,,,,,,,,,,,,,,,,
care110c.pdf,,O,,,,,,,,,,,,,,,,,,,
care110f.pdf,,,,,,,,,,,,,,,,,,,,,
care110k.pdf,,O,,,,,,,,,,,,,,,,,,,
care110s.pdf,,O,,,,,,,,,,,,,,,,,,,
care110v.pdf,,O,,,,,,,,,,,,,,,,,,,
care111c.pdf,,O,,,,,,,,,,,,,,,,,,,
care111f.pdf,,O,,,,,,,,,,,,,,,,,,,
care111k.pdf,,O,,,,,,,,,,,,,,,,,,,
care111s.pdf,,O,,,,,,,,,,,,,,,,,,,
care111v.pdf,,O,,,,,,,,,,,,,,,,,,,
care113c.pdf,,O,,,,,,,,,,,,,,,,,,,
care113f.pdf,,,,,,,,,,,,,,,,,,,,,
care113k.pdf,,,,,,,,,,,,,,,,,,,,,
care113s.pdf,,,,,,,,,,,,,,,,,,,,,
care115c.pdf,,O,,,,,,,,,,,,,,,,,,,
care115f.pdf,,,,,,,,,,,,,,,,,,,,,
care115k.pdf,,,,,,,,,,,,,,,,,,,,,
care115s.pdf,,,,,,,,,,,,,,,,,,,,,
care115v.pdf,,,,,,,,,,,,,,,,,,,,,
care116c.pdf,,O,,,,,,,,,,,,,,,,,,,
care116f.pdf,,,,,,,,,,,,,,,,,,,,,
care116k.pdf,,,,,,,,,,,,,,,,,,,,,
care116s.pdf,,,,,,,,,,,,,,,,,,,,,
care116v.pdf,,,,,,,,,,,,,,,,,,,,,
care118c.pdf,,,,,,,,,,,,,,,,,,,,,
care118f.pdf,,,,,,,,,,,,,,,,,,,,,
care118k.pdf,,O,,,,,,,,,,,,,,,,,,,
care118s.pdf,,O,,,,,,,,,,,,,,,,,,,
care119c.pdf,,,,,,,,,,,,,,,,,,,,,
care119f.pdf,,,,,,,,,,,,,,,,,,,,,
care119k.pdf,,O,,,,,,,,,,,,,,,,,,,
care119s.pdf,,O,,,,,,,,,,,,,,,,,,,
care120c.pdf,,O,,,,,,,,,,,,,,,,,,,
care120f.pdf,,,,,,,,,,,,,,,,,,,,,
care120k.pdf,,,,,,,,,,,,,,,,,,,,,
care120s.pdf,,,,,,,,,,,,,,,,,,,,,
care120v.pdf,,,,,,,,,,,,,,,,,,,,,
ch100c.pdf,,O,,,,,,,,,,,,,,,,,,,
ch100infoc.pdf,,O,,,,,,,,,,,,,,,,,,,
ch100infok.pdf,,O,,,,,,,,,,,,,,,,,,,
ch100infos.pdf,,O,,,,,,,,,,,,,,,,,,,
ch100infov.pdf,,O,,,,,,,,,,,,,,,,,,,
ch100k.pdf,,O,,,,,,,,,,,,,,,,,,,
ch100s.pdf,,O,,,,,,,,,,,,,,,,,,,
ch100v.pdf,,O,,,,,,,O,,,,,,,,,,,,
ch109c.pdf,,O,,,,,,,,,,,,,,,,,,,
ch109k.pdf,,O,,,,,,,,,,,,,,,,,,,
ch109s.pdf,,O,,,,,,,,,,,,,,,,,,,
ch109v.pdf,,O,,,,,,,,,,,,,,,,,,,
ch110c.pdf,,O,,,,,,,,,,,,,,,,,,,
ch110k.pdf,,O,,,,,,,,,,,,,,,,,,,
ch110s.pdf,,O,,,,,,,,,,,,,,,,,,,
ch110v.pdf,,O,,,,,,,,,,,,,,,,,,,
ch115infoc.pdf,,O,,,,,,O,,,,,O,O,,,O,,,,
ch115infos.pdf,,O,,,,,,,,,,,,,,,,,,,
ch115infov.pdf,,O,,,,,,,,,,,,,,,,,,,
ch115k.pdf,,O,,,,,,,,,O,,,O,,,O,,,,
ch115v.pdf,,O,,,,,,,,,,,,,,,,,,,
ch116c.pdf,,O,,,,,,,,,,,,,,,,,,,
ch116k.pdf,,O,,,,,,,,,,,,,,,,,,,
ch116s.pdf,,O,,,,,,,,,,,,,,,,,,,
ch116v.pdf,,O,,,,,,,,,,,,,,,,,,,
ch120c.pdf,,O,,,,,,,,,,,,,,,,,,,
ch120infoc.pdf,,O,,,,,,,,,,,,,,,,,,,
ch120infok.pdf,,O,,,,,,,,,,,,,,,,,,,
ch120infos.pdf,,O,,,,,,,,,,,,,,,,,,,
ch120infov.pdf,,O,,,,,,,,,,,,,,,,,,,
ch120k.pdf,,O,,,,,,,,,,,,,,,,,,,
ch120s.pdf,,O,,,,,,,,,,,,,,,,,,,
ch120v.pdf,,O,,,,,,,,,,,,,,,,,,,
ch130c.pdf,,O,,,,,,,,,,,,,,,,,,,
ch130k.pdf,,O,,,,,,,,,,,,,,,,,,,
ch130s.pdf,,O,,,,,,,,,,,,,,,,,,,
ch130v.pdf,,O,,,,,,,,,,,,,,,,,,,
ch160c.pdf,,O,,,,,,,,,,,,,,,,,,,
ch160k.pdf,,O,,,,,,,,,,,,,,,,,,,
ch160s.pdf,,O,,,,,,,,,,,,,,,,,,,
ch160v.pdf,,O,,,,,,,,,,,,,,,,,,,
ch165c.pdf,,O,,,,,,,,,,,,,,,,,,,
ch165k.pdf,,O,,,,,,,,,,,,,,,,,,,
ch165v.pdf,,O,,,,,,,,,,,,,,,,,,,
ch170c.pdf,,O,,,,,,,,,,,,,,,,,,,
ch170k.pdf,,O,,,,,,,,,,,,,,,,,,,
ch170s.pdf,,O,,,,,,,,,,,,,,,,,,,
ch170v.pdf,,O,,,,,,,,,,,,,,,,,,,
ch175c.pdf,,O,,,,,,,,,,,,,,,,,,,
ch175k.pdf,,O,,,,,,,,,,,,,,,,,,,
ch175s.pdf,,O,,,,,,,,,,,,,,,,,,,
ch175v.pdf,,O,,,,,,,,,,,,,,,,,,,
ch200c.pdf,,O,,,,,,,,,,,,,,,,,,,
ch200infoc.pdf,,O,,,,,,,,,,,,,,,,,,,
ch200infok.pdf,,O,,,,,,,,,,,,,,,,,,,
ch200infos.pdf,,O,,,,,,,,,,,,,,,,,,,
ch200infov.pdf,,O,,,,,,,,,,,,,,,,,,,
ch200k.pdf,,O,,,,,,,,,,,,,,,,,,,
ch200s.pdf,,,,,,,,,,,,,,,,,,,,,
ch200v.pdf,,,,,,,O,,,,,,,,,,,,,,
ch250c.pdf,,O,,,,,,,,,,,O,O,,,O,,,,
ch250k.pdf,,O,,,,,,,,,O,,,O,,,O,,,,
ch250s.pdf,,O,,,,,,,,,,,,,,,,,,,
ch250v.pdf,,O,,,,,,,,,,,,,,,,,,,
ch700c.pdf,,O,,,,,,,,,,,O,O,,,O,,,,
ch700k.pdf,,O,,,,,,,,,O,,,O,,,O,,,,
ch700s.pdf,,O,,,,,,,,,,,,,,,,,,,
ch700v.pdf,,O,,,,,,,,,,,,,,,,,,,
ch710c.pdf,,O,,,,,,,,,,,O,O,,,O,,,,
ch710k.pdf,,O,,,,,,,,,O,,,O,,,O,,,,
ch710s.pdf,,O,,,,,,O,,,,,,,,,,,,,
ch710v.pdf,,O,,,,,,,,,,,,,,,,,,,
ch715c.pdf,,O,,,,,,,,,,,O,O,,,O,,,,
ch715k.pdf,,O,,,,,,,,,O,,,O,,,O,,,,
ch715s.pdf,,,,,,,,,,,,,,,,,,,,,
ch715v.pdf,,O,,,,,,,,,,,,,,,,,,,
ch716c.pdf,,O,,,,,,,,,,,O,O,,,O,,,,
ch716s.pdf,,,,,,,,,,,,,,,,,,,,,
ch716v.pdf,,O,,,,,,,,,,,,,,,,,,,
ch730c.pdf,,O,,,,,,,,,,,,,,,,,O,,
ch730k.pdf,,O,,,,,,,,,,,,,,,,,O,,
ch730s.pdf,O,O,,,,,,,O,,,,,O,,,,,,,
ch730v.pdf,,O,,,,,,,,,,,,,,,,,O,,
ch800c.pdf,,O,,,,,,,,,,,,,,,,,,,
ch800infoc.pdf,,O,,,,,,,,,,,,,,,,,,,
ch800infok.pdf,,O,,,,,,,,,,,,,,,,,,,
ch800infos.pdf,,,,,,,,,,,,,,,,,,,,,
ch800infov.pdf,,O,,,,,,,,,,,,,,,,,,,
ch800k.pdf,,O,,,,,,,,,,,,,,,,,,,
ch800s.pdf,,O,,,,,,,,,,,,,,,,,,,
ch800v.pdf,,O,,,,,,,,,,,,,,,,,,,
clets001c.pdf,,O,,,,,,,,,,,,,,,,,,,
clets001k.pdf,,O,,,,,,,,,,,,,,,,,,,
clets001s.pdf,,O,,,,,,,,,,,,,,,,,,,
clets001t.pdf,,O,,,,,,,,,,,,,,,,,,,
clets001v.pdf,,O,,,,,,,,,,,,,,,,,,,
cr101c.pdf,,,,,,,,,,,,,,,,,,,,,
cr101k.pdf,,O,,,,,,,,,,,,,,,,,,,
cr101s.pdf,,O,,,,,,,,,,,,,,,,,,,
cr101v.pdf,,,,,,,,,O,,,,,,,,,,,,
cr102c.pdf,,,,,,,,,,,,,,,,,,,,,
cr102k.pdf,,O,,,,,,,,,,,,,,,,,,,
cr102s.pdf,,O,,,,,,,,,,,,,,,,,,,
cr102v.pdf,,O,,,,,,,,,,,,,,,,,,,
cr110c.pdf,,,,,,,,,,,,,,,,,,,,,
cr110k.pdf,,O,,,,,,,,,,,,,,,,,,,
cr110s.pdf,,O,,,,,,,,,,,,,,,,,,,
cr112c.pdf,,,,,,,,,,,,,,,,,,,,,
cr112k.pdf,,O,,,,,,,,,,,,,,,,,,,
cr112s.pdf,,O,,,,,,,,,,,,,,,,,,,
cr115c.pdf,,O,,,,,,,,,,,,,,,,,,,
cr115k.pdf,,O,,,,,,,,,,,,,,,,,,,
cr115s.pdf,,O,,,,,,,,,,,,,,,,,,,
cr115v.pdf,,O,,,,,,,,,,,,,,,,,,,
cr117c.pdf,,O,,,,,,,,,,,,,,,,,,,
cr117k.pdf,,O,,,,,,,,,,,,,,,,,,,
cr117s.pdf,,O,,,,,,,,,,,,,,,,,,,
cr117v.pdf,,O,,,,,,,,,,,,,,,,,,,
cr141infoc.pdf,,O,,,,,,,,,,,,,,,,,,,
cr141infok.pdf,,O,,,,,,,,,,,,,,,,,,,
cr141infos.pdf,,O,,,,,,,,,,,,,,,,,,,
cr141infov.pdf,,O,,,,,,,,,,,,,,,,,,,
cr160c.pdf,,O,,,,,,,,,,,,,,,,,,,
cr160k.pdf,,O,,,,,,,,,,,,,,,,,,,
cr160s.pdf,,O,,,,,,,,,,,,,,,,,,,
cr160v.pdf,,O,,,,,,,,O,,,,,,,,,,,
cr161c.pdf,,O,,,,,,,,,,,,,,,,,,,
cr161k.pdf,,O,,,,,,,,,,,,,,,,,,,
cr161s.pdf,,O,,,,,,,,,,,,,,,,,,,
cr161v.pdf,,O,,,,,,,,O,,,,,,,,,,,
cr162c.pdf,,O,,,,,,,,,,,,,,,,,,,
cr162k.pdf,,O,,,,,,,,,,,,,,,,,,,
cr162s.pdf,,O,,,,,,,,,,,,,,,,,,,
cr162v.pdf,,O,,,,,,,,,,,,,,,,,,,
cr164c.pdf,,,,,,,,,,,,,,,,,,,,,
cr164k.pdf,,O,,,,,,,,,,,,,,,,,,,
cr164s.pdf,,O,,,,,,,,,,,,,,,,,,,
cr180s.pdf,,O,,,,,,,,,,,,,,,,,,,
cr181s.pdf,,O,,,,,,,,,,,,,,,,,,,
cr187s.pdf,,O,,,,,,,,,,,,,,,,,,,
cr188s.pdf,,O,,,,,,,,,,,,,,,,,,,
cr210s.pdf,,O,,,,,,,,,,,,,,,,,,,
cr320c.pdf,,O,,,,,,,,,,,,,,,,,,,
cr320s.pdf,,O,,,,O,,,,,,,,,,,,,,,
cr320v.pdf,,O,,,,,,,O,,,,,,,,,,,,
cr321c.pdf,,,,,,,O,,,,,,,,,,,,,,
cr321k.pdf,,,,,,,,,,,,,,,,,,,,,
cr321s.pdf,,O,,,,,,,,,,,,,,,,,,,
cr321v.pdf,,,,,,,O,,O,,,,,,,,,,,,
cr409c.pdf,,O,,,,,,,,,,,O,O,,,O,,,,
cr409infoc.pdf,,O,,,,,,,,,,,O,O,,,O,,,,
cr409infok.pdf,,O,,,,,,,,,O,,,O,,,O,,,,
cr409infos.pdf,,O,,,,,,,,,,,,,,,,,,,
cr409infov.pdf,,O,,,,,,,,,,,,,,,,,,,
cr409k.pdf,,O,,,,,,,,,O,,,O,,,O,,,,
cr409s.pdf,,O,,,,,,,,,,,,,,,,,,,
cr410c.pdf,O,O,,,,,,,O,,,,,,,,,,,,
cr410k.pdf,O,O,,,,,,,O,,,,,,,,,,,,
cr410s.pdf,,O,,,,O,,O,,,,,,,,,,,O,,
cr410v.pdf,O,O,,,,,,,O,,,,,,,,,,,,
cr415infos.pdf,,,,,,,,,,,,,,,,,,,,,
cr415s.pdf,,,,,,,,,,,,,,,,,,,,,
cr416s.pdf,,,,,,,,,,,,,,,,,,,,,
cr418s.pdf,,,,,,,,,,,,,,,,,,,,,
dal001c.pdf,,,,,,,,,,,,,,O,,,,,,,
dal001k.pdf,,,,,,,,,,,,,,O,,,,,,,
dal001s.pdf,,,,,,,,,,,,,,O,,,,,,,
dal001v.pdf,,O,,,,,,,,,,,,O,,,,,,,
de200s.pdf,,,,,,,,,,,,,,,,,,,,,
de300c.pdf,,,,,,,,,,,,,,,,,,,,,
de300k.pdf,,O,,,,,,,,,,,,,,,,,,,
de300s.pdf,,O,,,,,,,,,,,,,,,,,,,
de305c.pdf,,O,,,,,,,,,,,,,,,,,,,
de305k.pdf,,O,,,,,,,,,,,,,,,,,,,
de305s.pdf,,O,,,,,,,,,,,,,,,,,,,
de305v.pdf,,O,,,,,,,,,,,,,,,,,,,
de310c.pdf,,,,,,,,,,,,,,,,,,,,,
de310k.pdf,,O,,,,,,,,,,,,,,,,,,,
de310s.pdf,,O,,,,,,,,,,,,,,,,,,,
de315c.pdf,,,,,,,,,,,,,,,,,,,,,
de315k.pdf,,O,,,,,,,,,,,,,,,,,,,
de315s.pdf,,O,,,,,,,,,,,,,,,,,,,
dv100c.pdf,,O,,,,,,,,,,,,,,,,,,,
dv100k.pdf,,,,,,,,,,,,,,,,,O,,,,
dv100s.pdf,,O,,,,,,,,,,,,,,,,,,,
dv100t.pdf,,,,,,,,,,,,,,,,,,,,,
dv100v.pdf,,O,,,,,,,,,,,,,,,,,,,
dv101c.pdf,O,O,,,,,,,O,,,,,,,,,,,,
dv101k.pdf,,O,,,,,,,,,,,,,,,,,O,,
dv101s.pdf,O,O,,,,,,,O,,,,,,,,,,,,
dv101v.pdf,,O,,,,,,,,,,,,,,,,,O,,
dv105ac.pdf,,O,,,,,,,,,,,,,,,,,,,
dv105ak.pdf,,O,,,,,,,,,,,,,,,,,,,
dv105as.pdf,,O,,,,,,,,,,,,,,,,,,,
dv105at.pdf,,,,,,,,,,,,,,,,,,,,,
dv105av.pdf,,O,,,,,,,,,,,,,,,,,,,
dv105c.pdf,,,,,,,,,O,,,,,,,,,,,,
dv105infoc.pdf,,O,,,,,,,,,,,,,,,,,,,
dv105infok.pdf,,O,,,,,,,,,,,,,,,,,,,
dv105infos.pdf,,O,,,,,,,,,,,,,,,,,,,
dv105infot.pdf,,O,,,,,,,,,,,,,,,,,,,
dv105infov.pdf,,,,,,,,,,,,,,,,,,,,,
dv105k.pdf,,,,,,,,,,,,,,,,,,,,,
dv105s.pdf,,,,,,,,,,,,,,,,,,,,,
dv105t.pdf,,,,,,,,,O,,,,,,,,,,,,
dv105v.pdf,,,,,,,,,O,,,,,,,,,,,,
dv108c.pdf,,O,,,,,,,,,,,,,,,,,,,
dv108k.pdf,,O,,,,,,,,,,,,,,,,,,,
dv108s.pdf,,O,,,,,,,,,,,,,,,,,,,
dv108v.pdf,,O,,,,,,,,,,,,,,,,,,,
dv109c.pdf,,O,,,,,,,,,,,,,,,,,,,
dv109k.pdf,,O,,,,,,,,,,,,,,,,,,,
dv109s.pdf,,,,,,,,,,,,,,,,,,,,,
dv109t.pdf,,,,,,,,,,,,,,,,,,,,,
dv110c.pdf,,O,,,,,,,,,,,,,,,,,,,
dv110s.pdf,,,,,,,,,,,,,,,,,,,,,
dv110t.pdf,,O,,,,,O,,,,,,,,,,,,,,
dv110v.pdf,,O,,,,,,,,,,,,,,,,,,,
dv112c.pdf,,O,,,,,,,,,,,,,,,,,O,,
dv112k.pdf,,O,,,,,,,,,,,,,,,,,O,,
dv112s.pdf,O,O,,,,,,,O,,,,,O,,,,,,,
dv112v.pdf,,O,,,,,,,,,,,,,,,,,O,,
dv115c.pdf,,O,,,,,,,,,,,O,O,,,O,,,,
dv115infoc.pdf,,O,,,,,,,,,,,,,,,,,,,
dv115infok.pdf,,O,,,,,,,,,,,,,,,,,,,
dv115infos.pdf,,O,,,,,,,,,,,,,,,,,,,
dv115infov.pdf,,,,,,,,,,,,,,,,,,,,,
dv115k.pdf,,O,,,,,,,,,O,,,O,,,O,,,,
dv115s.pdf,,O,,,,,,,,,,,,,,,,,,,
dv115v.pdf,,O,,,,,,,,,,,,,,,,,,,
dv116c.pdf,,O,,,,,,,,,,,,,,,,,,,
dv116k.pdf,,O,,,,,,,,,,,,,,,,,,,
dv116s.pdf,,O,,,,,,,,,,,,,,,,,,,
dv116v.pdf,,O,,,,,,,,,,,,,,,,,,,
dv120c.pdf,,O,,,,,,,,,,,,,,,,,,,
dv120infoc.pdf,,O,,,,,,,,,,,,,,,,,,,
dv120infok.pdf,,O,,,,,,,,,,,,,,,,,,,
dv120infos.pdf,,O,,,,,,,,,,,,,,,,,,,
dv120infot.pdf,,O,,,,,,,,,,,,,,,,,,,
dv120infov.pdf,,,,,,,,,,,,,,,,,,,,,
dv120k.pdf,,O,,,,,,,,,,,,,,,,,,,
dv120s.pdf,,O,,,,,,,,,,,,,,,,,,,
dv120t.pdf,,O,,,,,,,,,,,,,,,,,,,
dv120v.pdf,,,,,,,,,,,,,,,,,,,,,
dv125c.pdf,,O,,,,,,,,,,,,,,,,,,,
dv125k.pdf,,O,,,,,,,,,,,,,,,,,,,
dv125s.pdf,,O,,,,,,,,,,,,,,,,,,,
dv125v.pdf,,O,,,,,,,,,,,,,,,,,,,
dv130c.pdf,,O,,,,,,,,,,,,,,,,,,,
dv130k.pdf,,O,,,,,,,,,,,,,,,,,,,
dv130s.pdf,,O,,,,,,,,,,,,,,,,,,,
dv130t.pdf,,O,,,,,,,,,,,,,,,,,,,
dv130v.pdf,,,,,,,,,,,,,,,,,,,,,
dv140c.pdf,,,,,,,,,,,,,,,,,,,,,
dv140k.pdf,,,,,,,,,,,,,,,,,,,,,
dv140s.pdf,,,,,,,,,O,,,,,,,,,,,,
dv140t.pdf,,,,,,,,,O,,,,,,,,,,,,
dv140v.pdf,,,,,,,,,,,,,,,,,,,,,
dv145c.pdf,,O,,,,,,,,,,,,,,,,,,,
dv145k.pdf,,O,,,,,,,,,,,,,,,,,,,
dv145s.pdf,,O,,,,,,,,,,,,,,,,,,,
dv145v.pdf,,O,,,,,,,,,,,,,,,,,,,
dv150c.pdf,,O,,,,,,,,,,,,,,,,,,,
dv150s.pdf,,O,,,,,,,,,,,,,,,,,,,
dv150t.pdf,,O,,,,,,,,,,,,,,,,,,,
dv150v.pdf,,,,,,,,,,,,,,,,,,,,,
dv160infos.pdf,,O,,,,,,,,,,,,,,,,,,,
dv160k.pdf,,O,,,,,,,,,,,,,,,,,,,
dv160s.pdf,,O,,,,,,,,,,,,,,,,,,,
dv160v.pdf,,O,,,,,,,,,,,,,,,,,,,
dv165c.pdf,,O,,,,,,,,,,,,,,,,,,,
dv165k.pdf,,O,,,,,,,,,,,,,,,,,,,
dv165s.pdf,,O,,,,,,,,,,,,,,,,,,,
dv170c.pdf,,O,,,,,,,,,,,,,,,,,,,
dv170k.pdf,,O,,,,,,,,,,,,,,,,,,,
dv170s.pdf,,O,,,,,,,,,,,,,,,,,,,
dv170v.pdf,,O,,,,,,,,,,,,,,,,,,,
dv175c.pdf,,O,,,,,,,,,,,,,,,,,,,
dv175k.pdf,,O,,,,,,,,,,,,,,,,,,,
dv175s.pdf,,O,,,,,,,,,,,,,,,,,,,
dv175v.pdf,,O,,,,,,,,,,,,,,,,,,,
dv180c.pdf,O,O,,,O,O,O,,O,,,,,O,,,,,,,
dv180k.pdf,,O,,,O,O,O,,O,,,,,O,,,,,O,,
dv180s.pdf,O,O,,,O,O,O,,O,,,,,O,,,,,,,
dv180v.pdf,,O,,,O,O,O,,O,,,,,O,,O,,,O,,
dv200c.pdf,,O,,,,,,,,,,,,,,,,,,,
dv200infoc.pdf,,O,,,,O,,,,,,,O,O,,,O,,,,
dv200infok.pdf,,O,,,,,,,,,O,,,O,,,O,,,,
dv200infov.pdf,,O,,,,,,,,,,,,,,,,,,,
dv200k.pdf,,O,,,,,,,,,,,,,,,,,,,
dv200s.pdf,,O,,,,,,,,,,,,,,,,,,,
dv200t.pdf,,,,,,,,,,,,,,,,,,,,,
dv200v.pdf,,O,,,,,,,,,,,,,,,,,,,
dv205infoc.pdf,,O,,,,,,O,,,,,O,O,,,O,,,,
dv205infok.pdf,,O,,,,,,,,,O,,,O,,,O,,,,
dv205infos.pdf,,O,,,,,,O,,,,,,,,,,,,,
dv210c.pdf,,O,,,,,,,,,,,O,O,,,O,,,,
dv210k.pdf,,O,,,,,,,,,O,,,O,,,O,,,,
dv210v.pdf,,O,,,,,,,,,,,,,,,,,,,
dv250k.pdf,,O,,,,,,,,,O,,,O,,,O,,,,
dv250s.pdf,,O,,,,,,,,,,,,,,,,,,,
dv250v.pdf,,O,,,,O,,,,,,,,,,,,,,,
dv300c.pdf,,O,,,,,,,,,,,,,,,,,,,
dv300infoc.pdf,,O,,,,,,,,,,,,,,,,,,,
dv300infok.pdf,,O,,,,,,,,,,,,,,,,,,,
dv300infos.pdf,,O,,,,,,,,,,,,,,,,,,,
dv300infot.pdf,,O,,,,,,,,,,,,,,,,,,,
dv300infov.pdf,,O,,,,,,,,,,,,,,,,,,,
dv300k.pdf,,,,,,,,,,,,,,,,,,,,,
dv300s.pdf,,O,,,,,,,,,,,,,,,,,,,
dv300t.pdf,,,,,,,,,,,,,,,,,,,,,
dv305c.pdf,,O,,,,O,,,,,,,,,,,,,,,
dv305k.pdf,,,,,,,,,,,,,,,,,,,,,
dv305s.pdf,,O,,,,,,,,,,,,,,,,,,,
dv305t.pdf,,,,,,,,,,,,,,,,,,,,,
dv305v.pdf,,O,,,,,,,,,,,,,,,,,,,
dv310c.pdf,,O,,,,,,,,,,,,,,,,,,,
dv310k.pdf,,,,,,,,,,,,,,,,,,,,,
dv310s.pdf,,O,,,,,,,,,,,,,,,,,,,
dv310t.pdf,,,,,,,,,,,,,,,,,,,,,
dv310v.pdf,,O,,,,,,,,,,,,,,,,,,,
dv315c.pdf,,O,,,,,,,,,,,,,,,,,,,
dv315k.pdf,,,,,,,,,,,,,,,,,,,,,
dv315s.pdf,,O,,,,,,,,,,,,,,,,,,,
dv315t.pdf,,,,,,,,,,,,,,,,,,,,,
dv315v.pdf,,O,,,,,,,,,,,,,,,,,,,
dv316c.pdf,,O,,,,,,,,,,,,,,,,,,,
dv316k.pdf,,,,,,,,,,,,,,,,,,,,,
dv316s.pdf,,O,,,,,,,,,,,,,,,,,,,
dv316t.pdf,,O,,,,,,,,,,,,,,,,,,,
dv316v.pdf,,O,,,,,,,,,,,,,,,,,,,
dv320c.pdf,,O,,,,,O,,,,,,,,,,,,,,
dv320k.pdf,,,,,,,,,,,,,,,,,,,,,
dv320s.pdf,,O,,,,,,,,,,,,,,,,,,,
dv320t.pdf,,,,,,,,,,,,,,,,,,,,,
dv320v.pdf,,O,,,,,,,,,,,,,,,,,,,
dv325c.pdf,,O,,,,,,,,,,,,,,,,,,,
dv325k.pdf,,O,,,,,,,,,,,,,,,,,,,
dv325t.pdf,,,,,,,,,,,,,,,,,,,,,
dv325v.pdf,,O,,,,,,,,,,,,,,,,,,,
dv330c.pdf,,O,,,,,,,,,,,,,,,,,,,
dv330k.pdf,,,,,,,,,,,,,,,,,,,,,
dv330s.pdf,,O,,,,,,,,,,,,,,,,,,,
dv330t.pdf,,,,,,,,,,,,,,,,,,,,,
dv330v.pdf,,O,,,,,,,,,,,,,,,,,,,
dv500infoc.pdf,,O,,,,,,,,,,,,,,,,,,,
dv500infok.pdf,,O,,,,,,,,,,,,,,,,,,,
dv500infos.pdf,,O,,,,,,,,,,,,,,,,,,,
dv500infot.pdf,,O,,,,,,,,,,,,,,,,,,,
dv500infov.pdf,,O,,,,,,,,,,,,,,,,,,,
dv505infoc.pdf,,O,,,,,,,,,,,,,,,,,,,
dv505infok.pdf,,O,,,,,,,,,,,,,,,,,,,
dv505infos.pdf,,O,,,,,,,,,,,,,,,,,,,
dv505infot.pdf,,,,,,,,,,,,,,,,,,,,,
dv520infoc.pdf,,O,,,,,,,,,,,,,,,,,,,
dv520infok.pdf,,O,,,,,,,,,,,,,,,,,,,
dv520infos.pdf,,O,,,,,,,,,,,,,,,,,,,
dv520infot.pdf,,,,,,,,,,,,,,,,,,,,,
dv520infov.pdf,,O,,,,,,,,,,,,,,,,,,,
dv530infoc.pdf,,O,,,,,,,,,,,,,,,,,,,
dv530infok.pdf,,O,,,,,,,,,,,,,,,,,,,
dv530infos.pdf,,O,,,,,,,,,,,,,,,,,,,
dv530infot.pdf,,,,,,,,,,,,,,,,,,,,,
dv530infov.pdf,,O,,,,,,,,,,,,,,,,,,,
dv570c.pdf,O,O,,,,,,,O,,,,,,,,O,,,,
dv570k.pdf,O,O,,,,,,,O,,,,,,,,O,,,,
dv570s.pdf,O,O,,,,,,,O,,,,,,,,O,,,,
dv570v.pdf,O,O,,,,,,,O,,,,,,,,O,,,,
dv600c.pdf,O,O,,,,,,,O,,,,,,,,,,,,
dv600k.pdf,O,O,,,,,,,O,,,,,,,,,,,,
dv600s.pdf,O,O,,,,,,,O,,,,,O,,,,,,,
dv600v.pdf,O,O,,,,,,,O,,,,,,,,,,,,
dv630c.pdf,O,O,,,,O,,O,,,,,,,,,,,,,
dv630k.pdf,O,O,,,,O,,O,O,,,,,,,,,,,,
dv630s.pdf,O,O,,,,O,,O,O,,,,,,,,,,,,
dv630v.pdf,O,O,,,,,,,O,,,,,,,,,,,,
dv700c.pdf,,,,,,,,,,,,,,,,,,,,,
dv700infoc.pdf,,O,,,,,,,,,,,,,,,,,,,
dv700infok.pdf,,O,,,,,,,,,,,,,,,,,,,
dv700infos.pdf,,O,,,,,,,,,,,,,,,,,,,
dv700infot.pdf,,O,,,,,,,,,,,,,,,,,,,
dv700infov.pdf,,,,,,,,,,,,,,,,,,,,,
dv700k.pdf,,,,,,,,,,,,,,,,,,,,,
dv700s.pdf,,,,,,,,,,,,,,,,,,,,,
dv700t.pdf,,,,,,,,,,,,,,,,,,,,,
dv700v.pdf,,,,,,,,,O,,,,,,,,,,,,
dv710c.pdf,,,,,,,,,,,,,,,,,,,,,
dv710k.pdf,,,,,,,,,,,,,,,,,,,,,
dv710s.pdf,,,,,,,,,,,,,,,,,,,,,
dv710t.pdf,,,,,,,,,,,,,,,,,,,,,
dv710v.pdf,,,,,,,,,O,,,,,,,,,,,,
dv715c.pdf,,,,,,,,,,,,,,,,,,,,,
dv715k.pdf,,,,,,,,,,,,,,,,,,,,,
dv715s.pdf,,,,,,,,,,,,,,,,,,,,,
dv715t.pdf,,,,,,,,,,,,,,,,,,,,,
dv715v.pdf,,,,,,,,,O,,,,,,,,,,,,
dv716c.pdf,,,,,,,,,,,,,,,,,,,,,
dv716k.pdf,,,,,,,,,,,,,,,,,,,,,
dv716s.pdf,,,,,,,,,,,,,,,,,,,,,
dv716t.pdf,,,,,,,,,,,,,,,,,,,,,
dv716v.pdf,,,,,,,,,O,,,,,,,,,,,,
dv720c.pdf,,,,,,,,,,,,,,,,,,,,,
dv720k.pdf,,,,,,,,,,,,,,,,,,,,,
dv720s.pdf,,,,,,,,,,,,,,,,,,,,,
dv720t.pdf,,,,,,,,,,,,,,,,,,,,,
dv720v.pdf,,,,,,,,,O,,,,,,,,,,,,
dv730c.pdf,,,,,,,,,,,,,,,,,,,,,
dv730k.pdf,,,,,,,,,,,,,,,,,,,,,
dv730t.pdf,,,,,,,,,,,,,,,,,,,,,
dv730v.pdf,,,,,,,,,O,,,,,,,,,,,,
dv800c.pdf,,O,,,,,,,,,,,,,,,,,,,
dv800infoc.pdf,,,,,,,,,,,,,,,,,,,,,
dv800infok.pdf,,,,,,,,,,,,,,,,,,,,,
dv800infos.pdf,,,,,,,,,,,,,,,,,,,,,
dv800infot.pdf,,,,,,,,,,,,,,,,,,,,,
dv800infov.pdf,,,,,,,,,O,,,,,,,,,,,,
dv800k.pdf,,O,,,,,,,,,,,,,,,,,,,
dv800s.pdf,,,,,,,,,,,,,,,,,,,,,
dv800t.pdf,,,,,,,,,,,,,,,,,,,,,
dv800v.pdf,,O,,,,,,,,,,,,,,,,,,,
dv805c.pdf,,O,,,,,,,,,,,,,,,,,O,,
dv805k.pdf,,O,,,,,,,,,,,,,,,,,O,,
dv805s.pdf,,O,,,,O,,,,,,,,,,,,,O,,
dv805v.pdf,,O,,,,,,,,,,,,,,,,,O,,
dv815c.pdf,,O,,,,,,,,,,,,,,,,,O,,
dv815k.pdf,,O,,,,,,,,,,,,,,,,,O,,
dv815s.pdf,,O,,,,O,,,,,,,,,,,,,O,,
dv815v.pdf,,O,,,,,,,,,,,,,,,,,O,,
dv820c.pdf,,O,,,,,,,,,,,,,,,,,,,
dv820k.pdf,,O,,,,,,,,,,,,,,,,,,,
dv820s.pdf,,O,,,,,,,,,,,,,,,,,,,
dv820v.pdf,,O,,,,,,,,,,,,,,,,,,,
dv830c.pdf,,O,,,,,,,,,,,,,,,,,,,
dv830k.pdf,,O,,,,,,,,,,,,,,,,,,,
dv830s.pdf,,O,,,,,,,,,,,,,,,,,,,
dv830v.pdf,,O,,,,,,,,,,,,,,,,,,,
dv840c.pdf,,,,,,,,,,,,,,,,,,,,,
dv840k.pdf,,,,,,,,,,,,,,,,,,,,,
dv840s.pdf,,,,,,,,,,,,,,,,,,,,,
dv840v.pdf,,,,,,,,,O,,,,,,,,,,,,
dv850c.pdf,,O,,,,,,,,,,,,,,,,,,,
dv850k.pdf,,O,,,O,,,,,,,,,,,,,,,,
dv850s.pdf,,O,,,,,,,,,,,,,,,,,,,
dv850t.pdf,,O,,,,,,,,,,,,,,,,,,,
dv850v.pdf,,,,,,,,,,,,,,,,,,,,,
dv900c.pdf,,O,,,,,,,,,,,,,,,,,O,,
dv900k.pdf,,O,,,,,,,,,,,,,,,,,O,,
dv900s.pdf,,O,,,,O,,,,,,,,,,,,,O,,
dv900v.pdf,,O,,,,,,,,,,,,,,,,,O,,
dv901c.pdf,,O,,,,,,,,,,,,O,,,,,O,,
dv901k.pdf,O,O,,,,,,,O,,,,,O,,,,,,,
dv901s.pdf,,O,,,,,,,,,,,,O,,,,,O,,
dv901v.pdf,O,O,,,,,,,O,,,,,O,,,,,,,
ea100c.pdf,,O,,,,,,,,,,,,,,,,,,,
ea100infoc.pdf,,O,,,,,,,,,,,,,,,,,,,
ea100infok.pdf,,O,,,,,,,,,,,,O,,,,,,,
ea100infos.pdf,,O,,,,,,,,,,,,,,,,,,,
ea100infov.pdf,,,,,,,,,O,,,,,,,,,,,,
ea100k.pdf,,O,,,,,,,,,,,,,,,,,,,
ea100s.pdf,,O,,,,,,,,,,,,,,,,,,,
ea100v.pdf,,,,,,,,,,,,,,,,,,,,,
ea109c.pdf,,O,,,,,,,,,,,,,,,,,,,
ea109k.pdf,,O,,,,,,,,,,,,,,,,,,,
ea109s.pdf,,O,,,,,,,,,,,,,,,,,,,
ea109v.pdf,,,,,,,,,,,,,,,,,,,,,
ea110c.pdf,,O,,,,,,,,,,,,,,,,,,,
ea110k.pdf,,O,,,,,,,,,,,,,,,,,,,
ea110s.pdf,,O,,,,,,,,,,,,,,,,,,,
ea110v.pdf,,,,,,,,,,,,,,,,,,,,,
ea115c.pdf,,O,,,,,,,,,,,O,O,,,O,,,,
ea115infoc.pdf,,O,,,,,,,,,,,O,O,,,O,,,,
ea115infok.pdf,,O,,,,,,,,,O,,,O,,,O,,,,
ea115infov.pdf,,O,,,,,,,,,,,,,,,,,,,
ea115k.pdf,,O,,,,,,,,,O,,,O,,,O,,,,
ea115s.pdf,,O,,,,,,,,,,,,,,,,,,,
ea115v.pdf,,O,,,,,,,,,,,,,,,,,,,
ea116c.pdf,,O,,,,,,,,,,,,,,,,,,,
ea116k.pdf,,O,,,,,,,,,,,,,,,,,,,
ea116s.pdf,,O,,,,,,,,,,,,,,,,,,,
ea116v.pdf,,,,,,,,,,,,,,,,,,,,,
ea120c.pdf,,O,,,,,,,,,,,,,,,,,,,
ea120infoc.pdf,,O,,,,,,,,,,,,,,,,,,,
ea120infok.pdf,,,,,,,,,,,,,,,,,,,,,
ea120infos.pdf,,O,,,,,,,,,,,,,,,,,,,
ea120infov.pdf,,,,,,,,,,,,,,,,,,,,,
ea120k.pdf,,,,,,,,,,,,,,,,,,,,,
ea120s.pdf,,O,,,,,,,,,,,,,,,,,,,
ea120v.pdf,,,,,,,,,,,,,,,,,,,,,
ea130c.pdf,,O,,,,,,,,,,,,,,,,,,,
ea130k.pdf,,,,,,,,,,,,,,,,,,,,,
ea130s.pdf,,O,,,,,,,,,,,,,,,,,,,
ea130v.pdf,,,,,,,,,,,,,,,,,,,,,
ea200c.pdf,,O,,,,,,,,,,,,,,,,,,,
ea200infoc.pdf,,O,,,,,,,,,,,,,,,,,,,
ea200infok.pdf,,O,,,,,,,,,,,,,,,,,,,
ea200infos.pdf,,O,,,,,,,,,,,,,,,,,,,
ea200infov.pdf,,,,,,,,,,,,,,,,,,,,,
ea200k.pdf,,,,,,,,,,,,,,,,,,,,,
ea200s.pdf,,,,,,,,,,,,,,,,,,,,,
ea200v.pdf,,,,,,,,,,,,,,,,,,,,,
ea250c.pdf,,O,,,,,,,,,,,,,,,,,,,
ea250v.pdf,,,,,,,,,,,,,,,,,,,,,
ea300c.pdf,,O,,,,,,,,,,,,,,,,,,,
ea300infoc.pdf,,,,,,,,,,,,,,,,,,,,,
ea300infok.pdf,,,,,,,,,,,,,,,,,,,,,
ea300infos.pdf,,,,,,,,,,,,,,,,,,,,,
ea300infov.pdf,,,,,,,,,,,,,,,,,,,,,
ea300k.pdf,,,,,,,,,,,,,,,,,,,,,
ea309c.pdf,,,,,,,,,,,,,,,,,,,,,
ea309k.pdf,,,,,,,,,,,,,,,,,,,,,
ea309v.pdf,,,,,,,,,O,,,,,,,,,,,,
ea315c.pdf,,O,,,,,,,,,,,,,,,,,,,
ea315infoc.pdf,,,,,,,,,,,,,,,,,,,,,
ea315infok.pdf,,,,,,,,,,,,,,,,,,,,,
ea315infos.pdf,,,,,,,,,,,,,,,,,,,,,
ea315infov.pdf,,,,,,,,,,,,,,,,,,,,,
ea315k.pdf,,,,,,,,,,,,,,,,,,,,,
ea315s.pdf,,,,,,,,,,,,,,,,,,,,,
ea316c.pdf,,O,,,,,,,,,,,,,,,,,,,
ea316k.pdf,,,,,,,,,,,,,,,,,,,,,
ea316s.pdf,,,,,,,,,,,,,,,,,,,,,
ea316v.pdf,,,,,,,,,,,,,,,,,,,,,
ea320c.pdf,,O,,,,,,,,,,,,,,,,,,,
ea320infoc.pdf,,,,,,,,,,,,,,,,,,,,,
ea320infok.pdf,,,,,,,,,,,,,,,,,,,,,
ea320infos.pdf,,,,,,,,,,,,,,,,,,,,,
ea320infov.pdf,,,,,,,,,,,,,,,,,,,,,
ea320k.pdf,,,,,,,,,,,,,,,,,,,,,
ea320s.pdf,,,,,,,,,,,,,,,,,,,,,
ea320v.pdf,,,,,,,,,,,,,,,,,,,,,
ea330c.pdf,,,,,,,,,,,,,,,,,,,,,
ea330k.pdf,,,,,,,,,,,,,,,,,,,,,
ea330v.pdf,,,,,,,,,O,,,,,,,,,,,,
ea715c.pdf,,O,,,,,,,,,,,O,O,,,O,,,,
ea715k.pdf,,O,,,,,,,,,O,,,O,,,O,,,,
ea715k_1.pdf,,O,,,,,,,,,O,,,O,,,O,,,,
ea715v.pdf,,O,,,,,,,,,,,,,,,,,,,
ea716c.pdf,,O,,,,,,,,,,,,,,,,,,,
ea716k.pdf,,,,,,,,,,,,,,,,,,,,,
ea716s.pdf,,O,,,,,,,,,,,,,,,,,,,
ea716v.pdf,,,,,,,,,,,,,,,,,,,,,
ea800c.pdf,,O,,,,,,,,,,,,,,,,,,,
ea800infoc.pdf,,O,,,,,,,,,,,,,,,,,,,
ea800infok.pdf,,,,,,,,,,,,,,,,,,,,,
ea800infos.pdf,,O,,,,,,,,,,,,,,,,,,,
ea800infov.pdf,,,,,,,,,,,,,,,,,,,,,
ea800k.pdf,,O,,,,,,,,,,,,,,,,,,,
ea800s.pdf,,O,,,,,,,,,,,,,,,,,,,
ea800v.pdf,,,,,,,,,,,,,,,,,,,,,
efs005jvs.pdf,O,O,,,,,,,O,,,,,,,,,,,,
ej130c.pdf,,O,,,,,,,,,,,,,,,,,,,
ej130k.pdf,,,,,,,,,,,,,,,,,,,,,
ej130s.pdf,,O,,,,,,,,,,,,,,,,,,,
ej130v.pdf,,,,,,,,,,,,,,,,,,,,,
ej140infoc.pdf,,,,,,,,,O,,,,,,,,,,,,
ej140infok.pdf,,,,,,,,,,,,,,,,,,,,,
ej140infos.pdf,,,,,,,,,,,,,,,,,,,,,
ej140infov.pdf,,,,,,,,,O,,,,,,,,,,,,
em100infoc.pdf,O,O,,,,,,,O,,,O,,,,,,,,,
em100infok.pdf,O,O,,,,,,,,,,,,,,,O,O,,,
em100infos.pdf,O,O,,,,,,,O,,,O,,,,,,,,,
em100infov.pdf,O,O,,,,,,,O,,,O,,,,,,,,,
epo001c.pdf,,O,,,,,O,,,,,,,,,,,,,,
epo001k.pdf,,O,,,,,,,,,,,,,,,,,,,
epo001s.pdf,,,,,,,,,,,,,,,,,,,,,
epo001t.pdf,,,,,,,,,,,,,,,,,,,,,
epo001v.pdf,,O,,,,,,,,,,,,,,,,,,,
epo002c.pdf,,O,,,,,O,,,,,,,,,,,,,,
epo002k.pdf,,,,,,,,,,,,,,,,,,,,,
epo002s.pdf,,,,,,,,,,,,,,,,,,,,,
epo002t.pdf,,,,,,,,,,,,,,,,,,,,,
epo002v.pdf,,O,,,,,,,,,,,,,,,,,,,
fl100a.pdf,,,,,,,,,,,,,,,,,,,,,
fl100c.pdf,,,,,,,,,,,,,,,,,,,,,
fl100k.pdf,,O,,,,,,,,,,,,,,,,,,,
fl100s.pdf,,,,,,,,,,,,,,O,,,,,,,
fl100v.pdf,,O,,,,,,,,,,,,,,,,,,,
fl105k.pdf,,,,,,,,,,,,,,,,,,,,,
fl105s.pdf,,,,,,,,,,,,,,,,,,,,,
fl105v.pdf,,,,,,,,,O,,,,,,,,,,,,
fl107infoc.pdf,,O,,,,,,,O,,,,,,,,,,,,
fl107infok.pdf,,O,,,,,,,O,,,,,,,,,,,,
fl107infos.pdf,O,O,,,,,,,O,,,,,O,,,O,,,,
fl107infov.pdf,,O,,,,,,,O,,,,,,,,,,,,
fl110a.pdf,O,O,,,,,,,O,,,,,,,,,,,,
fl110c.pdf,O,O,,,,,,,O,,,,,O,,,,,,,
fl110k.pdf,,O,,,,,,,,,,,,,,,,,,,
fl110v.pdf,,O,,,,,,,,,,,,,,,,,,,
fl115s.pdf,,O,,,,,,,,,,,,,,,,,,,
fl117s.pdf,,O,,,,,,,,,,,,,,,,,,,
fl120a.pdf,,,,,,,,,,,,,,,,,,,,,
fl120c.pdf,,,,,,,,,,,,,,,,,,,,,
fl120k.pdf,,O,,,,,,,,,,,,,,,,,,,
fl120s.pdf,,,,,,,,,,,,,,O,,,,,,,
fl120v.pdf,,O,,,,,,,,,,,,,,,,,,,
fl130as.pdf,,,,,,,,,,,,,,,,,,,,,
fl130s.pdf,,,,,,,,,,,,,,,,,,,,,
fl140s.pdf,O,O,,,,,,,O,,,,,O,,,O,,,,
fl141s.pdf,,O,,,,,,,,,,,,,,,,,,,
fl142s.pdf,O,O,,,,O,,O,O,,,,,,,,,,,,
fl144s.pdf,,O,,,,,,,,,,,,,,,,,,,
fl145s.pdf,,O,,,,,,,,,,,,,,,,,,,
fl150c.pdf,,,,,,,,,,,,,,O,,,,,,,
fl150k.pdf,,,,,,,O,,,,,,,O,,,,,,,
fl150s.pdf,,O,,,,,,O,O,,,,,,,,,,O,,
fl150t.pdf,,,,,,,,,,,,,,O,,,,,,,
fl150v.pdf,,,,,O,,,,O,,,,,O,,,,,,,
fl155s.pdf,O,O,,,,,,,O,,,,,,,,,,,,
fl157s.pdf,,O,,,,,,O,,,,,,,,,,,O,,
fl160s.pdf,O,O,,,,,,,O,,,,,O,,,,,,,
fl165s.pdf,,,,,,,,,,,,,,,,,,,,,
fl180c.pdf,,O,,,,,,,,,,,,,,,,,,,
fl180k.pdf,,O,,,,,,,,,,,,,,,,,,,
fl180s.pdf,O,O,,,O,O,O,,O,,,,,O,,,,,,,
fl180v.pdf,,O,,,,,,,,,,,,,,,,,,,
fl190s.pdf,,O,,,,,,,,,,,,,,,,,,,
fl191c.pdf,,,,,,,,,,,,,,,,,,,,,
fl191k.pdf,,,,,,,,,,,,,,,,,,,,,
fl191s.pdf,O,O,,,,,,,O,,,,,O,,,,,,,
fl191t.pdf,,,,,,,,,,,,,,,,,,,,,
fl191v.pdf,,,,,,,,,,,,,,O,,,,,,,
fl192c.pdf,,,,,,,,,O,,,,,,,,,,,,
fl192k.pdf,,,,,,,,,,,,,,,,,,,,,
fl192s.pdf,,O,,,,,,,,,,,,,,,,,,,
fl192v.pdf,,,,,,,,,,,,,,,,,,,,,
fl200s.pdf,,,,,,,,,,,,,,,,,,,,,
fl210c.pdf,O,O,,,,,,,O,,,,,O,,,O,,,,
fl210k.pdf,,O,,,,,,,,,,,,,,,,,,,
fl210v.pdf,,O,,,,,,,,,,,,,,,,,,,
fl211c.pdf,,O,,,,,,,,,,,,,,,,,,,
fl211k.pdf,,,,,,,,,,,,,,,,,,,,,
fl211s.pdf,,,,,,,,,,,,,,,,,,,,,
fl211v.pdf,,,,,,,,,,,,,,,,,,,,,
fl220s.pdf,,,,,,,,,,,,,,,,,,,,,
fl230s.pdf,,,,,,,,,,,,,,,,,,,,,
fl235c.pdf,,O,,,,,,,,,,,,,,,,,,,
fl235k.pdf,,O,,,,,,,,,,,,,,,,,,,
fl235s.pdf,,,,,,,,,,,,,,,,,,,,,
fl235v.pdf,,O,,,,,O,,,,,,,,,,,,,,
fl240s.pdf,,O,,,,,,,,,,,,,,,,,,,
fl250c.pdf,,O,,,,,,,,,,,,,,,,,,,
fl250k.pdf,,O,,,,,,,,,,,,,,,,,,,
fl250s.pdf,,,,,,,,,,,,,,,,,,,,,
fl250v.pdf,,O,,,,,,,,,,,,,,,,,,,
fl260s.pdf,,,,,,,,,,,,,,O,,,,,,,
fl270s.pdf,,,,,,,,,,,,,,O,,,,,,,
fl273s.pdf,,,,,,,,,,,,,,O,,,,,,,
fl274s.pdf,,,,,,,,,,,,,,O,,,,,,,
fl276s.pdf,,,,,,,,,,,,,,,,,,,,,
fl278s.pdf,,O,,,,,,,,,,,,,,,,,,,
fl280s.pdf,,,,,,,,,,,,,,O,,,,,,,
fl281s.pdf,,,,,,,,,,,,,,O,,,,,,,
fl285s.pdf,,,,,,,,,,,,,,O,,,,,,,
fl290s.pdf,,,,,,,,,,,,,,,,,,,,,
fl300c.pdf,,O,,,,,,,,,,,,,,,,,,,
fl300infoc.pdf,,,,,,,,,,,,,,,,,,,,,
fl300infok.pdf,,,,,,,,,,,,,,,,,,,,,
fl300infos.pdf,,,,,,,,,,,,,,,,,,,,,
fl300infov.pdf,,,,,,,,,O,,,,,,,,,,,,
fl300k.pdf,,O,,,,,,O,,,,,,,,,,,,,
fl300s.pdf,,O,,,,,,,,,,,,,,,,,,,
fl302c.pdf,,,,,,,,,O,,,,,,,,,,,,
fl302k.pdf,,,,,,,,,,,,,,,,,,,,,
fl302s.pdf,,,,,,,,,,,,,,,,,,,,,
fl302v.pdf,,,,,,,,,O,,,,,,,,,,,,
fl303s.pdf,,,,,,,,,,,,,,,,,,,,,
fl304infos.pdf,,,,,,,,,,,,,,,,,,,,,
fl305c.pdf,,O,,,,,,,,,,,,,,,,,,,
fl305k.pdf,,O,,,,,,,,,,,,,,,,,,,
fl305s.pdf,O,O,,,,,,,O,,,,,O,,,,,,,
fl305v.pdf,,O,,,,,,,,,,,,,,,,,,,
fl306s.pdf,,,,,,,,,,,,,,O,,,,,,,
fl307s.pdf,,,,,,,,,,,,,,,,,,,,,
fl308s.pdf,,,,,,,,,,,,,,O,,,,,,,
fl309s.pdf,,,,,,,,,,,,,,O,,,,,,,
fl310s.pdf,,,,,,,,,,,,,,,,,,,,,
fl311s.pdf,,O,,,,,,,,,,,,,,,,,,,
fl312s.pdf,O,O,O,,,O,,O,O,,,,,O,,,,,,,
fl313infoc.pdf,,O,,,,,,,O,,,,,,,,,,O,,
fl313infok.pdf,,O,,,,O,,O,O,,,,,,,,,,O,,
fl313infos.pdf,O,O,,,,O,,O,O,,,,,O,,,,,,,
fl313infov.pdf,,O,,,,,,,O,,,,,,,,,,O,,
fl314infoc.pdf,,O,,,,,,,O,,,,,,,,,,O,,
fl314infok.pdf,,O,,,,O,,O,O,,,,,,,,,,O,,
fl314infos.pdf,O,O,,,,O,,O,O,,,,,O,,,,,,,
fl314infov.pdf,O,O,,,,O,,O,O,,,,,,,,O,,,,
fl320c.pdf,,,,,,,,,O,,,,,,,,,,,,
fl320infoc.pdf,,,,,,,,,O,,,,,,,,,,,,
fl320infok.pdf,,,,,,,,,,,,,,,,,,,,,
fl320infos.pdf,,O,,,,,,,,,,,,,,,,,,,
fl320infov.pdf,,,,,,,,,O,,,,,,,,,,,,
fl320k.pdf,,,,,,,,,,,,,,,,,,,,,
fl320s.pdf,O,O,,,,,,,,,,,,O,,,,,,,
fl320v.pdf,,,,,,,,,O,,,,,,,,,,,,
fl322s.pdf,O,O,,,,,,,O,,,,,O,,,,,,,
fl323infoc.pdf,,O,,,,,,,O,,,,,,,,,,,,
fl323infok.pdf,,O,,,,,,,O,,,,,,,,,,,,
fl323infos.pdf,O,O,,,,,,,O,,,,,O,,,,,,,
fl323infov.pdf,,O,,,,,,,O,,,,,,,,,,,,
fl323s.pdf,,,,,,,,,,,,,,,,,,,,,
fl327s.pdf,,O,,,,,,,,,,,,,,,,,,,
fl328c.pdf,,,,,,,,,O,,,,O,O,,,O,,,,
fl328k.pdf,,O,,,O,O,O,,,,,,,,,,,,,,
fl328s.pdf,,,,,,,,,,,,,,,,,,,,,
fl328v.pdf,,,,,,,,,,,,,,,,,,,,,
fl329infos.pdf,O,O,,,,,,,O,,,,,O,,,,,,,
fl329s.pdf,,,,,,,,,,,,,,,,,,,,,
fl330infoc.pdf,,O,,,,,,,,,,,,,,,,,,,
fl330infok.pdf,,O,,,,,,,,,,,,,,,,,,,
fl330infov.pdf,,O,,,,,,,,,,,,,,,,,,,
fl335infoc.pdf,,O,,,,,,,,,,,,,,,,,,,
fl335infok.pdf,,O,,,,,,,,,,,,,,,,,,,
fl335infov.pdf,,O,,,,,,,,,,,,,,,,,,,
fl340c.pdf,,O,,,,,,,,,,,,,,,,,,,
fl340k.pdf,,O,,,,,,,,,,,,,,,,,,,
fl340s.pdf,,O,,,,,,,,,,,,,,,,,,,
fl340v.pdf,,O,,,,,,,,,,,,,,,,,,,
fl341as.pdf,O,O,,,,,,,O,,,,,O,,,O,,,,
fl341bs.pdf,O,O,,,,O,,O,O,,,,,O,,,,,,,
fl341cs.pdf,O,O,,,,,,,O,,,,,O,,,,,,,
fl341cz.pdf,,,,,,,,,,,,,,,,,,,,,
fl341ds.pdf,O,O,,,,,,,O,,,,,O,,,,,,,
fl341es.pdf,O,O,,,,,,,O,,,,,O,,,,,,,
fl341k.pdf,,,,,,,,,,,,,,,,,,,,,
fl341s.pdf,,,,,,,,,,,,,,,,,,,,,
fl341v.pdf,,,,,,,,,O,,,,,,,,,,,,
fl342c.pdf,,,,,,,,,O,,,,,,,,,,,,
fl342k.pdf,,,,,,,,,,,,,,,,,,,,,
fl342s.pdf,,,,,,,,,,,,,,,,,,,,,
fl342v.pdf,,,,,,,,,O,,,,,,,,,,,,
fl343s.pdf,,O,,,,,O,,,,,,,,,,,,,,
fl344s.pdf,O,O,,,,,,,O,,,,,,,,,,,,
fl348s.pdf,O,O,,,,,,,O,,,,,O,,,,,,,
fl350c.pdf,,O,,,,,,,,,,,,,,,,,,,
fl350k.pdf,,O,,,,,,,,,,,,,,,,,,,
fl350s.pdf,,O,,,,,,,,,,,,,,,,,,,
fl350t.pdf,,O,,,,,,,,,,,,,,,,,,,
fl350v.pdf,,O,,,,,,,,,,,,,,,,,,,
fl355c.pdf,,,,,,,,,,,,,,,,,,,,,
fl355k.pdf,,,,,,,,,,,,,,,,,,,,,
fl355s.pdf,O,O,,,,,,,O,,,,,O,,,,,,,
fl355v.pdf,,,,,,,,,O,,,,,,,,,,,,
fl356s.pdf,,O,,,,,,,,,,,,,,,,,,,
fl357s.pdf,O,O,,,,,,,O,,,,,O,,,,,,,
fl358s.pdf,O,O,,,,,,,O,,,,,O,,,,,,,
fl410c.pdf,,O,,,,,,,,,,,,,,,,,,,
fl410k.pdf,,O,,,,,,,,,,,,,,,,,,,
fl410v.pdf,,O,,,,,,,,,,,,,,,,,,,
fl411c.pdf,,,,,,,,,O,,,,,,,,,,,,
fl411k.pdf,,,,,,,,,,,,,,,,,,,,,
fl411s.pdf,,,,,,,,,,,,,,,,,,,,,
fl411v.pdf,,,,,,,,,O,,,,,,,,,,,,
fl445s.pdf,,,,,,,,,,,,,,O,,,,,,,
fl478c.pdf,,,,,,,,,,,,,,,,,,,,,
fl478infoc.pdf,,,,,,,,,,,,,,,,,,,,,
fl478infok.pdf,,,,,,,,,,,,,,O,,,,,,,
fl478infos.pdf,,,,,,,,,,,,,,O,,,,,,,
fl478infot.pdf,,,,,,,,,,,,,,O,,,,,,,
fl478infov.pdf,,,,,,,,,,,,,,,,,,,,,
fl478k.pdf,,,,,,,,,,,,,,O,,,,,,,
fl478s.pdf,,,,,,,,,,,,,,,,,,,,,
fl478t.pdf,,,,,,,,,,,,,,O,,,,,,,
fl478v.pdf,,,,,,,,,,,,,,O,,,,,,,
fl490c.pdf,,,,,,,,,,,,,,,,,,,,,
fl490k.pdf,,,,,,,,,,,,,,,,,,,,,
fl490s.pdf,,,,,,,,,,,,,,,,,,,,,
fl490t.pdf,,,,,,,,,,,,,,,,,,,,,
fl490v.pdf,,,,,,,,,O,,,,,,,,,,,,
fl530s.pdf,,,,,,,,,,,,,,,,,,,,,
fl570s.pdf,,,,,,,,,,,,,,O,,,,,,,
fl575s.pdf,,,,,,,,,,,,,,O,,,,,,,
fl600c.pdf,,,,,,,,,O,,,,,,,,,,,,
fl600k.pdf,,,,,,,,,,,,,,,,,,,,,
fl600s.pdf,,,,,,,,,,,,,,,,,,,,,
fl600t.pdf,,,,,,,,,,,,,,,,,,,,,
fl600v.pdf,,,,,,,,,O,,,,,,,,,,,,
fl610c.pdf,,,,,,,,,O,,,,,,,,,,,,
fl610k.pdf,,,,,,,,,,,,,,,,,,,,,
fl610s.pdf,,,,,,,,,,,,,,,,,,,,,
fl610t.pdf,,,,,,,,,,,,,,,,,,,,,
fl610v.pdf,,,,,,,,,O,,,,,,,,,,,,
fl611c.pdf,,O,,,,,,,,,,,,,,,,,,,
fl611k.pdf,,O,,,,,,,,,,,,,,,,,,,
fl611s.pdf,,O,,,,,,,,,,,,,,,,,,,
fl611t.pdf,,O,,,,,,,,,,,,,,,,,,,
fl611v.pdf,,O,,,,,,,,,,,,,,,,,,,
fl615s.pdf,O,O,,,,,,,O,,,,,O,,,,,,,
fl616c.pdf,,,,,,,,,O,,,,,,,,,,,,
fl616k.pdf,,,,,,,,,,,,,,,,,,,,,
fl616s.pdf,,,,,,,,,,,,,,,,,,,,,
fl616t.pdf,,,,,,,,,,,,,,,,,,,,,
fl616v.pdf,,,,,,,,,O,,,,,,,,,,,,
fl618s.pdf,O,O,,,,,,,O,,,,,O,,,,,,,
fl620s.pdf,,,,,,,,,,,,,,,,,,,,,
fl625c.pdf,,O,,,,,,,,,,,,,,,,,,,
fl625k.pdf,,O,,,,,,,,,,,,,,,,,,,
fl625s.pdf,O,O,,,,,,,O,,,,,O,,,,,,,
fl625t.pdf,,O,,,,,,,,,,,,,,,,,,,
fl625v.pdf,,O,,,,,,,,,,,,,,,,,,,
fl626c.pdf,O,O,,,,,,,O,,,O,,,,,,,,,
fl626k.pdf,O,O,,,,,,,,,,,,,,,,,,,
fl626s.pdf,O,O,,,,,,,O,,,,,,,,,,,,
fl626t.pdf,O,O,,,,,,,O,,,,,,,,,,,,
fl626v.pdf,O,O,,,,,,,O,,,O,,,,,,,,,
fl630c.pdf,,,,,,,,,O,,,,,,,,,,,,
fl630k.pdf,,,,,,,,,,,,,,,,,,,,,
fl630s.pdf,,,,,,,,,,,,,,,,,,,,,
fl630t.pdf,,,,,,,,,,,,,,,,,,,,,
fl630v.pdf,,,,,,,,,O,,,,,,,,,,,,
fl632infoc.pdf,,,,,,,,,O,,,,,,,,,,,,
fl632infok.pdf,,,,,,,,,,,,,,,,,,,,,
fl632infos.pdf,,,,,,,,,,,,,,,,,,,,,
fl632infov.pdf,,,,,,,,,O,,,,,,,,,,,,
fl632k.pdf,,,,,,,,,,,,,,,,,,,,,
fl632s.pdf,,,,,,,,,O,,,,,,,,,,,,
fl632v.pdf,,,,,,,,,O,,,,,,,,,,,,
fl634s.pdf,O,O,,,,,,,O,,,,,O,,,,,,,
fl635c.pdf,,,,,,,,,O,,,,,,,,,,,,
fl635k.pdf,,,,,,,,,O,,,,,,,,,,,,
fl635s.pdf,,,,,,,,,,,,,,,,,,,,,
fl635t.pdf,,,,,,,,,,,,,,,,,,,,,
fl635v.pdf,,,,,,,,,O,,,,,,,,,,,,
fl640c.pdf,,,,,,,,,O,,,,,,,,,,,,
fl640infoc.pdf,,,,,,,,,,,,,,,,,,,,,
fl640infok.pdf,,,,,,,,,,,,,,,,,,,,,
fl640infos.pdf,,,,,,,,,,,,,,,,,,,,,
fl640infot.pdf,,,,,,,,,,,,,,,,,,,,,
fl640infov.pdf,,,,,,,,,O,,,,,,,,,,,,
fl640k.pdf,,,,,,,,,,,,,,,,,,,,,
fl640s.pdf,,,,,,,,,,,,,,,,,,,,,
fl640t.pdf,,,,,,,,,,,,,,,,,,,,,
fl640v.pdf,,,,,,,,,O,,,,,,,,,,,,
fl643c.pdf,,,,,,,,,O,,,,,,,,,,,,
fl643k.pdf,,,,,,,,,,,,,,,,,,,,,
fl643s.pdf,,,,,,,,,,,,,,,,,,,,,
fl643t.pdf,,,,,,,,,,,,,,,,,,,,,
fl643v.pdf,,,,,,,,,O,,,,,,,,,,,,
fl663c.pdf,O,O,,,,,,,O,,,O,,,,,,,,,
fl663k.pdf,O,O,,,,,,,,,,,,,,,,,,,
fl663s.pdf,O,O,,,,,,,O,,,,,,,,,,,,
fl663t.pdf,O,O,,,,,,,O,,,,,,,,,,,,
fl663v.pdf,O,O,,,,,,,O,,,O,,,O,,,,,,
fl665s.pdf,,,,,,,,,,,,,,,,,,,,,
fl666c.pdf,,O,,,,,,,,,,,,,,,,,,,
fl666k.pdf,,O,,,,,,,,,,,,,,,,,,,
fl666s.pdf,,O,,,,,,,,,,,,,,,,,,,
fl666t.pdf,,O,,,,,,,,,,,,,,,,,,,
fl666v.pdf,,O,,,,,,,,,,,,,,,,,,,
fl676c.pdf,,,,,,,,,,,,,,,,,,,,,
fl676infoc.pdf,,,,,,,,,,,,,,,,,,,,,
fl676infok.pdf,,,,,,,,,,,,,,,,,,,,,
fl676infos.pdf,,,,,,,,,,,,,,,,,,,,,
fl676infot.pdf,,,,,,,,,,,,,,,,,,,,,
fl676infov.pdf,,,,,,,,,O,,,,,,,,,,,,
fl676k.pdf,,,,,,,,,,,,,,,,,,,,,
fl676t.pdf,,,,,,,,,,,,,,,,,,,,,
fl676v.pdf,,,,,,,,,O,,,,,,,,,,,,
fl680c.pdf,,,,,,,,,,,,,,,,,,,,,
fl680k.pdf,,,,,,,,,,,,,,,,,,,,,
fl680s.pdf,,,,,,,,,,,,,,,,,,,,,
fl680t.pdf,,,,,,,,,,,,,,,,,,,,,
fl680v.pdf,,,,,,,,,O,,,,,,,,,,,,
fl683c.pdf,,,,,,,,,,,,,,,,,,,,,
fl683k.pdf,,,,,,,,,,,,,,,,,,,,,
fl683s.pdf,,,,,,,,,,,,,,,,,,,,,
fl683t.pdf,,,,,,,,,,,,,,,,,,,,,
fl683v.pdf,,,,,,,,,O,,,,,,,,,,,,
fl684k.pdf,,O,,,,,,,,,,,,,,,,,,,
fl684s.pdf,,O,,,,,,,,,,,,,,,,,,,
fl684t.pdf,,O,,,,,,,,,,,,,,,,,,,
fl684v.pdf,,O,,,,,,,O,,,,,,,,,,,,
fl685c.pdf,,,,,,,,,,,,,,,,,,,,,
fl685k.pdf,,,,,,,,,,,,,,,,,,,,,
fl685s.pdf,,,,,,,,,,,,,,O,,,,,,,
fl685t.pdf,,,,,,,,,,,,,,,,,,,,,
fl685v.pdf,,,,,,,,,,,,,,O,,,,,,,
fl687s.pdf,,,,,,,,,,,,,,,,,,,,,
fl688c.pdf,,,,,,,,,O,,,,,,,,,,,,
fl688k.pdf,,,,,,,,,,,,,,,,,,,,,
fl688s.pdf,,O,,,,,,,,,,,,,,,,,,,
fl688t.pdf,,,,,,,,,,,,,,,,,,,,,
fl688v.pdf,,,,,,,,,O,,,,,,,,,,,,
fl692s.pdf,,,,,,,,,,,,,,,,,,,,,
fl693c.pdf,,,,,,,,,O,,,,,,,,,,,,
fl693k.pdf,,,,,,,,,,,,,,,,,,,,,
fl693s.pdf,,,,,,,,,,,,,,,,,,,,,
fl693t.pdf,,,,,,,,,,,,,,,,,,,,,
fl693v.pdf,,,,,,,,,O,,,,,,,,,,,,
fl694c.pdf,,O,,,,,,,,,,,,,,,,,,,
fl694k.pdf,,,,,,,,,,,,,,,,,,,,,
fl694s.pdf,O,O,,,,,,,O,,,,,O,,,,,,,
fl694t.pdf,,,,,,,,,,,,,,,,,,,,,
fl694v.pdf,,,,,,,,,,,,,,,,,,,,,
fl800c.pdf,,O,,,,,,,,,,,O,O,,,O,,,,
fl800k.pdf,,O,,,,,,,,,O,,,O,,,O,,,,
fl800s.pdf,,O,,,,,,,,,,,,,,,,,,,
fl800v.pdf,,O,,,,,,,,,,,,,,,,,,,
fl810c.pdf,,O,,,,,,,,,,,O,O,,,O,,,O,O
fl810s.pdf,,O,,,,,,,,,,,,,,,,,,O,O
fl810v.pdf,,O,,,,,,,,,,,,,,,,,,O,O
fl840c.pdf,,,,,,,,,,,,,,,,,,,,,
fl840k.pdf,,,,,,,,,,,,,,,,,,,,,
fl840s.pdf,,,,,,,,,,,,,,,,,,,,,
fl840t.pdf,,,,,,,,,,,,,,,,,,,,,
fl840v.pdf,,,,,,,,,O,,,,,,,,,,,,
fl940c.pdf,O,O,,,,,,,O,,,O,,,,,,,,,
fl940k.pdf,O,O,,,,,,,,,,,,,,,,,,,
fl940s.pdf,O,O,,,,,,,O,,,,,O,,,,,,,
fl940v.pdf,O,O,,,,,,,O,,,O,,,,,O,,,,
fl955infos.pdf,O,O,,,,,,,O,,,,,,,,,,,,
fw001c.pdf,,,,,,,,,O,,,,,,,,,,,,
fw001gcc.pdf,,,,,,,,,O,,,,,,,,,,,,
fw001gck.pdf,,,,,,,,,,,,,,,,,,,,,
fw001gcs.pdf,,O,,,,,,,,,,,,,,,,,,,
fw001gcv.pdf,,,,,,,,,O,,,,,,,,,,,,
fw001infoc.pdf,,,,,,,,,O,,,,O,O,,,O,O,,,
fw001infok.pdf,,O,,,,,,,,,O,,,O,,,O,,,,
fw001infos.pdf,,O,,,,,,,,,,,,,,,,,,,
fw001infov.pdf,,,,,,,,,,,,,,,,,,,,,
fw001k.pdf,,,,,,,,,,,,,,,,,,,,,
fw001v.pdf,,,,,,,,,O,,,,,,,,,,,,
fw002s.pdf,O,O,,,,,,,O,,,,,O,,,,,,,
fw003gcs.pdf,,O,,,,,,,,,,,,,,,,,,,
fw003s.pdf,,O,,,,,,,,,,,,,,,,,,,
fw005s.pdf,,O,,,,,,,,,,,,,,,,,,,
fw006gcs.pdf,O,O,,,,,,,O,,,,,O,,,,,,,
fw006s.pdf,O,O,,,,,,,O,,,,,O,,,,,,,
fw007s.pdf,O,O,,,,,,,O,,,,,O,,,,,,,
fw008gcs.pdf,,O,,,,,,,,,,,,,,,,,,,
fw010s.pdf,O,O,,,,,,,O,,,,,O,,,,,,,
fw011s.pdf,O,O,,,,,,,O,,,,,O,,,,,,,
fw012gcs.pdf,,O,,,,,,,,,,,,,,,,,,,
fw012s.pdf,,O,,,,,,,,,,,,,,,,,,,
fw015infoc.pdf,,,,,,,,,,,,,,,,,,,,,
fw015infok.pdf,,O,,,,,,,,,,,,,,,,,,,
fw015infov.pdf,,O,,,,,,,,,,,,,,,,,,,
fw016gcs.pdf,,O,,,,,,,,,,,,,,,,,,,
fw016s.pdf,,O,,O,,,,,O,,,,,O,,,,,,,
gc020ps.pdf,,,,,,,,,,,,,,,,,,,,,
gc020s.pdf,,,,,,,,,,,,,,,,,,,,,
gc022s.pdf,,,,,,,,,,,,,,,,,,,,,
gc110ps.pdf,,O,,,,,,,,,,,,,,,,,,,
gc110s.pdf,,,,,,,,,,,,,,,,,,,,,
gc111s.pdf,,,,,,,,,,,,,,,,,,,,,
gc120c.pdf,,,,,,,,,O,,,,,,,,,,,,
gc120k.pdf,,,,,,,,,,,,,,,,,,,,,
gc120s.pdf,,,,,,,,,,,,,,,,,,,,,
gc120v.pdf,,,,,,,,,O,,,,,,,,,,,,
gc140s.pdf,,,,,,,,,,,,,,,,,,,,,
gc141s.pdf,,,,,,,,,,,,,,,,,,,,,
gc150s.pdf,,,,,,,,,,,,,,,,,,,,,
gc205infoc.pdf,,,,,,,,,,,,,,,,,,,,,
gc205infok.pdf,,,,,,,,,,,,,,,,,,,,,
gc205infos.pdf,,,,,,,,,,,,,,,,,,,,,
gc205infov.pdf,,,,,,,,,,,,,,,,,,,,,
gc206infos.pdf,,,,,,,,,,,,,,,,,,,,,
gc207infok.pdf,,,,,,,,,,,,,,,,,,,,,
gc207infos.pdf,,O,,,,,,,,,,,,,,,,,,,
gc207infov.pdf,,,,,,,,,,,,,,,,,,,,,
gc210c.pdf,,,,,,,,,O,,,,O,O,,,O,,,,
gc210cas.pdf,,,,,,,,,,,,,,,,,,,,,
gc210k.pdf,,O,,,,,,,,,O,,,O,,,O,,,,
gc210pc.pdf,,,,,,,,,,O,,,O,O,,,O,,,,
gc210pk.pdf,,,,,,,,,,O,,,,,,,,,,,
gc210ps.pdf,,,,,,,,,,O,,,,,,,,,,,
gc210pv.pdf,,O,,,,O,O,,,,,,,,,,,,O,,
gc210s.pdf,,O,,,,,,,,,,,,,,,,,,,
gc210v.pdf,,,,,,,,,,,,,,,,,,,,,
gc211s.pdf,,,,,,,,,,,,,,,,,,,,,
gc212s.pdf,,,,,,,,,,,,,,,,,,,,,
gc215c.pdf,,O,,,,,,,,,,,,,,,,,,,
gc215k.pdf,,,,,,,,,,,,,,,,,,,,,
gc215s.pdf,,,,,,,,,,,,,,,,,,,,,
gc215v.pdf,,,,,,,,,,,,,,,,,,,,,
gc220s.pdf,O,O,,,,,,,O,,,,,O,,,,,,,
gc224s.pdf,O,O,,,,,,,O,,,,,O,,,,,,,
gc240c.pdf,,O,,,,O,O,,,,,,O,O,,,O,,,,
gc240k.pdf,,,,,,,,,,O,,,,,,,,,,,
gc240s.pdf,,O,,,,O,O,,,,,,,,,,,,,,
gc240v.pdf,,O,,,,O,O,,,,,,,,,,,,,,
gc248c.pdf,,O,,,,O,O,,,,,,O,O,,,O,,,,
gc248k.pdf,,,,,,,,,,O,,,,,,,,,,,
gc248s.pdf,,O,,,,,,,O,,,,,O,,,,,O,,
gc248v.pdf,,O,,,,O,O,,,,,,,,,,,,O,,
gc250s.pdf,,,,,,,,,,,,,,,,,,,,,
gc310c.pdf,,,,,,,,,,,,,O,O,,,O,,,,
gc310k.pdf,,,,,,,,,,,,,,,,,,,,,
gc310s.pdf,,,,,,,,,,,,,,,,,,,,,
gc310v.pdf,,,,,,,,,O,,,,,,,,,,,,
gc312s.pdf,,,,,,,,,,,,,,,,,,,,,
gc314s.pdf,,,,,,,,,,,,,,,,,,,,,
gc320s.pdf,,,,,,,,,,,,,,,,,,,,,
gc335c.pdf,,,,,,,,,O,,,,,,,,,,,,
gc335k.pdf,,,,,,,,,,,,,,,,,,,,,
gc335s.pdf,,,,,,,,,,,,,,,,,,,,,
gc335v.pdf,,,,,,,,,O,,,,,,,,,,,,
gc340c.pdf,,,,,,,,,,O,,,O,O,,,O,,,,
gc340k.pdf,,,,,,,,,,,,,,,,,,,,,
gc340s.pdf,,,,,,,,,,,,,,,,,,,,,
gc340v.pdf,,,,,,,,,O,,,,,,,,,,,,
gc341c.pdf,,,,,,,,,,,,,,,,,,,,,
gc341k.pdf,,,,,,,,,,,,,,,,,,,,,
gc341s.pdf,O,O,,,,,,,O,,,,,,,,,,,,
gc341v.pdf,,,,,,,,,O,,,,,,,,,,,,
gc348s.pdf,O,O,,,,,,,O,,,,,,,,,,,,
gc350s.pdf,,,,,,,,,,,,,,,,,,,,,
gc505s.pdf,O,O,,,,,,,O,,,,,O,,,O,,,,
gc510s.pdf,O,O,,,,,,,O,,,,,O,,,O,,,,
gdc001c.pdf,,,,,,,,,,,,,,O,,,,,,,
gdc001k.pdf,,,,,,,,,,,,,,,,,,O,,,
gdc001s.pdf,,,,,,,,,,,,,,O,,,,,,,
gdc001v.pdf,,,,,,,,,,,,,,,,,,O,,,
gv009c.pdf,,O,,,,,,,,,,,,,,,,,,,
gv009k.pdf,,,,,,,,,,,,,,,,,,,,,
gv009s.pdf,,,,,,,,,,,,,,,,,,,,,
gv009v.pdf,,,,,,,,,,,,,,,,,,,,,
gv020c.pdf,,,,,,,,,O,,,,,,,,,,,,
gv020infoc.pdf,,,,,,,,,O,,,,,,,,,,,,
gv020infok.pdf,,,,,,,,O,,,,,,,,,,,,,
gv020infos.pdf,,,,,,,,,,,,,,,,,,,,,
gv020infov.pdf,,,,,,,,,O,,,,,,,,,,,,
gv020k.pdf,,,,,,,,O,,,,,,,,,,,,,
gv020s.pdf,,,,,,,,,,,,,,,,,,,,,
gv020v.pdf,,,,,,,,,O,,,,,,,,,,,,
gv030c.pdf,,,,,,,,,,,,,,,,,,,,,
gv030k.pdf,,,,,,,,,,,,,,,,,,,,,
gv030s.pdf,,O,,,,,,,,,,,,,,,,,,,
gv030v.pdf,,,,,,,,,O,,,,,,,,,,,,
gv100c.pdf,,,,,,,,,O,,,,,,,,,,,,
gv100infoc.pdf,,,,,,,,,O,,,,,,,,,,,,
gv100infok.pdf,,,,,,,,,,,,,,,,,,,,,
gv100infos.pdf,,,,,,,,,,,,,,,,,,,,,
gv100infov.pdf,,,,,,,,,O,,,,,,,,,,,,
gv100k.pdf,,,,,,,,,,,,,,,,,,,,,
gv100s.pdf,,,,,,,,,,,,,,,,,,,,,
gv109c.pdf,,,,,,,,,O,,,,,,,,,,,,
gv109k.pdf,,,,,,,,,,,,,,,,,,,,,
gv109s.pdf,,,,,,,,,,,,,,,,,,,,,
gv109v.pdf,,,,,,,,,O,,,,,,,,,,,,
gv110k.pdf,,,,,,,,,,,,,,,,,,,,,
gv110s.pdf,,,,,,,,,,,,,,,,,,,,,
gv110v.pdf,,,,,,,,,O,,,,,,,,,,,,
gv115c.pdf,,O,,,,,,,,,,,O,O,,,O,,,,
gv115k.pdf,,O,,,,,,,,,O,,,O,,,O,,,,
gv115s.pdf,,O,,,,,,,,,,,,,,,,,,,
gv115v.pdf,,O,,,,,,,,,,,,,,,,,,,
gv116c.pdf,,,,,,,,,,,,,,,,,,,,,
gv116k.pdf,,,,,,,,,,,,,,,,,,,,,
gv116s.pdf,,,,,,,,,,,,,,,,,,,,,
gv116v.pdf,,,,,,,,,O,,,,,,,,,,,,
gv120c.pdf,,,,,,,,,O,,,,,,,,,,,,
gv120infok.pdf,,,,,,,,,,,,,,,,,,,,,
gv120infos.pdf,,,,,,,,,,,,,,,,,,,,,
gv120infov.pdf,,,,,,,,,O,,,,,,,,,,,,
gv120k.pdf,,,,,,,,,O,,,,,,,,,,,,
gv120s.pdf,,,,,,,,,,,,,,,,,,,,,
gv120v.pdf,,,,,,,,,O,,,,,,,,,,,,
gv130c.pdf,,,,,,,,,,,,,,,,,,,,,
gv130k.pdf,,,,,,,,,,,,,,,,,,,,,
gv130s.pdf,,,,,,,O,,,,,,,,,,,,,,
gv130v.pdf,,,,,,,,,O,,,,,,,,,,,,
gv200infoc.pdf,O,O,,,,,,,O,,,,,,,,,,,,
gv200infok.pdf,O,O,,,,,,,,,,,,,,,,,,,
gv200infos.pdf,O,O,,,,,,,O,,,,,,,,,,,,
gv200infov.pdf,O,O,,,,,,,O,,,,,,,,,,,,
gv250c.pdf,O,O,,,,O,,O,O,,,,,,,,,,,,
gv250k.pdf,O,O,,,,O,,O,O,,,,,,,,,,,,
gv250s.pdf,O,O,,,,,,,O,,,,,,,,,,,,
gv250v.pdf,O,O,,,,,,,O,,,,,,,,,,,,
gv620c.pdf,,O,,,,,,,,,,,O,O,,,O,,,,
gv620k.pdf,,O,,,,,,,,,O,,,O,,,O,,,,
gv620s.pdf,,O,,,,,,,,,,,,,,,,,,,
gv620v.pdf,,O,,,,,,,,,,,,,,,,,,,
gv700c.pdf,,O,,,,,,,,,,,O,O,,,O,,,,
gv700k.pdf,,O,,,,,,,,,O,,,O,,,O,,,,
gv700s.pdf,,O,,,,,,,,,,,,,,,,,,,
gv700v.pdf,,O,,,,,,,,,,,,,,,,,,,
gv715c.pdf,,,,,,,,,,,,,,,,,,,,,
gv715k.pdf,,,,,,,,,,,,,,,,,,,,,
gv715v.pdf,,,,,,,,,O,,,,,,,,,,,,
gv716c.pdf,,,,,,,,,,,,,,,,,,,,,
gv716k.pdf,,,,,,,,,,,,,,,,,,,,,
gv716v.pdf,,,,,,,,,O,,,,,,,,,,,,
gv720c.pdf,O,O,,,,O,,O,,,,,,,,,,,,,
gv720k.pdf,O,O,,,,O,,O,,,,,,,,,,,,,
gv720s.pdf,O,O,,,,,,,O,,,,,,,,,,,,
gv720v.pdf,O,O,,,,,,,O,,,,,,,,,,,,
icwa005infos.pdf,,O,,,,,,,,,,,,,,,,,,,
icwa010as.pdf,,O,,,,,,,,,,,,,,,,,,,
icwa020s.pdf,,O,,,,,,,,,,,,,,,,,,,
icwa030as.pdf,O,O,,,,,,,O,,,,,O,,,,,,,
icwa030s.pdf,,O,,,,,,,,,,,,,,,,,,,
int300c.pdf,,O,,,,,,,,,,,,,,,,,O,,
int300ct.pdf,O,O,,,,,,,,,,,,,,,,,,,
int300f.pdf,,O,,,,O,,O,,,,,,,,,,,O,,
int300k.pdf,,O,,,,,,,,,,,,,,,,,O,,
int300p.pdf,,O,,,,O,,O,,,,,,,,,,,O,,
int300r.pdf,,O,,,,,,,,,,,,,,,,,O,,
int300s.pdf,,O,,,,,,,,,,,,,,,,,O,,
int300tg.pdf,,O,,,,,,,,,,,,,,,,,O,,
int300v.pdf,,O,,,,,,,,,,,,,,,,,O,,
jv050infoc.pdf,O,O,,,,,,,O,,,,,O,,,O,,,,
jv050infocm.pdf,O,O,,,,,,,O,,,,,O,,,O,,,,
jv050infoh.pdf,O,O,,,,,,,O,,,,,O,,,,,,,
jv050infok.pdf,O,O,,,,,,,O,,,,,O,,,O,,,,
jv050infor.pdf,O,O,,,,,,,O,,,,,,,,O,,,,
jv050infos.pdf,O,O,,,,,,,O,,,,,O,,,,,,,
jv050infov.pdf,O,O,,,,,,,O,,,,,O,,,O,,,,
jv060infoa.pdf,,O,,,,,,,,,,,,,,,,,,,
jv060infoc.pdf,O,O,,,,O,,O,O,,,,,,,,,,,,
jv060infok.pdf,O,O,,,,O,,O,,,,,,,,,,,,,
jv060infos.pdf,O,O,,,,,,,O,,,,,,,,,,,,
jv060infov.pdf,O,O,,,,,,,O,,,,,,,,,,,,
jv100s.pdf,,O,,,,,,,,,,,,,,,,,,,
jv110s.pdf,,O,,,,,,,,,,,,,,,,,,,
jv120s.pdf,O,O,,,,,,,O,,,,,O,,,,,,,
jv121s.pdf,O,O,,,,,,,O,,,,,O,,,,,,,
jv122s.pdf,O,O,,,,,,,O,,,,,O,,,,,,,
jv123s.pdf,O,O,,,,,,,O,,,,,O,,,,,,,
jv124s.pdf,O,O,,,,,,,O,,,,,O,,,,,,,
jv125s.pdf,O,O,,,,,,,O,,,,,O,,,,,,,
jv126s.pdf,O,O,,,,,,,O,,,,,O,,,,,,,
jv127s.pdf,O,O,,,,,,,O,,,,,O,,,,,,,
jv128s.pdf,O,O,,,,,,,O,,,,,O,,,,,,,
jv129s.pdf,O,O,,,O,O,,,O,,,,,O,,,,,,,
jv130infoc.pdf,,,,,,,,,,,,,,,,,,,,,
jv130infok.pdf,,,,,,,,,,,,,,,,,,,,,
jv130infos.pdf,O,O,,,,,,,O,,,,,O,,,,,,,
jv130infov.pdf,,,,,,,,,,,,,,,,,,,,,
jv132c.pdf,,,,,,,,,,,,,,,,,,,,,
jv132s.pdf,,,,,,,,,,,,,,,,,,,,,
jv140s.pdf,O,O,,,,,,,O,,,,,O,,,,,,,
jv141s.pdf,O,O,,,,,,,O,,,,,,,,,,,,
jv150s.pdf,O,O,,,,,,,O,,,,,O,,,,,,,
jv180s.pdf,,O,,,,,,,,,,,,,,,,,,,
jv185s.pdf,,,,,,,,,,,,,,,,,,,,,
jv190s.pdf,O,O,,,,,,,O,,,O,,O,,,O,,,,
jv195s.pdf,O,O,,,,,,,,,,,,,,,,,,,
jv200s.pdf,O,O,,,,,,,O,,,,,O,,,,,,,
jv205s.pdf,O,O,,,,,,,O,,,,,O,,,,,,,
jv210c.pdf,,O,,,,,,,,,,,,,,,,,,,
jv210s.pdf,,,,,,,,,,,,,,,,,,,,,
jv210v.pdf,,,,,,,,,,,,,,,,,,,,,
jv212s.pdf,O,O,,,,,,,O,,,,,,,,,,,,
jv214infok.pdf,,,,,,,,,,,,,,,,,,,,,
jv214infos.pdf,O,O,,,,,,,O,,,,,O,,,,,,,
jv217infoc.pdf,,,,,,,,,,,,,,,,,,,,,
jv217infos.pdf,O,O,,,,,,,O,,,,,,,,,,,,
jv218s.pdf,O,O,,,,,,,O,,,,,O,,,,,,,
jv219s.pdf,O,O,,,,,,,O,,,,,,,,,,,,
jv222s.pdf,O,O,,,,,,,O,,,,,,,,,,,,
jv225s.pdf,O,O,,,,,,,O,,,,,O,,,,,,,
jv228infos.pdf,,,,,,,,,,,,,,,,,,,,,
jv245c.pdf,,O,,,,,,,,,,,,,,,,,,,
jv245k.pdf,,O,,,,,,,,,,,,,,,,,,,
jv245s.pdf,,O,,,,,,,,,,,,,,,,,,,
jv245v.pdf,,O,,,,,,,,,,,,,,,,,,,
jv247c.pdf,,O,,,,,,,,,,,,,,,,,,,
jv247k.pdf,,,,,,,,,,,,,,,,,,,,,
jv247s.pdf,,,,,,,,,,,,,,,,,,,,,
jv247v.pdf,,,,,,,,,,,,,,,,,,,,,
jv249c.pdf,,,,,,,,,O,,,,,,,,,,,,
jv249k.pdf,,,,,,,,,,,,,,,,,,,,,
jv249s.pdf,,,,,,,,,,,,,,,,,,,,,
jv249v.pdf,,,,,,,,,O,,,,,,,,,,,,
jv250c.pdf,,O,,,,,,,,,,,,,,,,,,,
jv250k.pdf,,,,,,,,,,,,,,,,,,,,,
jv250s.pdf,,,,,,,,,,,,,,,,,,,,,
jv250v.pdf,,,,,,,,,,,,,,,,,,,,,
jv251c.pdf,,O,,,,,,,,,,,,,,,,,,,
jv251k.pdf,,O,,,,,,,,,,,,,,,,,,,
jv251s.pdf,,,,,,,,,,,,,,,,,,,,,
jv251v.pdf,,O,,,,,,,,,,,,,,,,,,,
jv253c.pdf,,O,,,,,,,,,,,,,,,,,,,
jv253k.pdf,,O,,,,,,,,,,,,,,,,,,,
jv253s.pdf,,,,,,,,,,,,,,,,,,,,,
jv253v.pdf,,O,,,,,,,,,,,,,,,,,,,
jv255c.pdf,,,,,,,,,,,,,,,,,,,,,
jv255k.pdf,,,,,,,,,,,,,,,,,,,,,
jv255s.pdf,,,,,,,,,,,,,,,,,,,,,
jv255v.pdf,,,,,,,,,O,,,,,,,,,,,,
jv257c.pdf,O,O,,,,,,,O,,,,,,,,O,,,,
jv257k.pdf,O,O,,,,,,,O,,,,,,,,O,,,,
jv257s.pdf,O,O,,,,,,,O,,,,,O,,,,,,,
jv257v.pdf,O,O,,,,,,,O,,,,,,,,O,,,,
jv258c.pdf,,O,,,,,,,,,,,,,,,,,,,
jv258k.pdf,,O,,,,,,,,,,,,,,,,,,,
jv258s.pdf,,,,,,,,,,,,,,,,,,,,,
jv258v.pdf,,O,,,,,,,,,,,,,,,,,,,
jv259c.pdf,,,,,,,,,,,,,,,,,,,,,
jv259k.pdf,,,,,,,,,,,,,,,,,,,,,
jv259s.pdf,,,,,,,,,,,,,,,,,,,,,
jv259v.pdf,,,,,,,,,O,,,,,,,,,,,,
jv260c.pdf,,O,,,,,,,,,,,,,,,,,,,
jv260k.pdf,,O,,,,,,,,,,,,,,,,,,,
jv260s.pdf,,,,,,,,,,,,,,,,,,,,,
jv260v.pdf,,O,,,,,,,,,,,,,,,,,,,
jv265c.pdf,,,,,,,,,,,,,,,,,,,,,
jv265k.pdf,,,,,,,,,,,,,,,,,,,,,
jv265s.pdf,,,,,,,,,,,,,,,,,,,,,
jv265v.pdf,,,,,,,,,O,,,,,,,,,,,,
jv268c.pdf,,O,,,,,,,,,,,,,,,,,,,
jv268k.pdf,,O,,,,,,,,,,,,,,,,,,,
jv268s.pdf,,,,,,,,,,,,,,,,,,,,,
jv268v.pdf,,O,,,,,,,,,,,,,,,,,,,
jv270c.pdf,,O,,,,,,,,,,,,,,,,,,,
jv270infoc.pdf,,,,,,,,,,,,,,,,,,,,,
jv270infok.pdf,,,,,,,,,,,,,,,,,,,,,
jv270infos.pdf,,,,,,,,,,,,,,,,,,,,,
jv270infot.pdf,,,,,,,,,,,,,,,,,,,,,
jv270infov.pdf,,,,,,,,,O,,,,,,,,,,,,
jv270k.pdf,,O,,,,,,,,,,,,,,,,,,,
jv270s.pdf,,,,,,,,,,,,,,,,,,,,,
jv270t.pdf,,,,,,,,,,,,,,,,,,,,,
jv270v.pdf,,O,,,,,,,,,,,,,,,,,,,
jv272c.pdf,,O,,,,,,,,,,,,,,,,,,,
jv272k.pdf,,O,,,,,,,,,,,,,,,,,,,
jv272s.pdf,,,,,,,,,,,,,,,,,,,,,
jv272v.pdf,,O,,,,,,,,,,,,,,,,,,,
jv274c.pdf,,O,,,,,,,,,,,,,,,,,,,
jv274k.pdf,,O,,,,,,,,,,,,,,,,,,,
jv274s.pdf,,,,,,,,,,,,,,,,,,,,,
jv274v.pdf,,O,,,,,,,,,,,,,,,,,,,
jv280s.pdf,O,O,,,,,,,O,,,,,O,,,,,,,
jv285s.pdf,,O,,,,,,,,,,,,,,,,,,,
jv290infoc.pdf,O,O,,,,,,,O,,,,,,,,O,,,,
jv290infok.pdf,O,O,,,,,,,O,,,,,,,,O,,,,
jv290infos.pdf,O,O,,,,,,,O,,,,,O,,,,,,,
jv290infov.pdf,O,O,,,,,,,O,,,,,,,,,,,,
jv296s.pdf,O,O,,,,,,,O,,,,,O,,,,,,,
jv297s.pdf,O,O,,,,,,,O,,,,,O,,,,,,,
jv298s.pdf,O,O,,,,,,,O,,,,,O,,,,,,,
jv299c.pdf,O,O,,,,,,,O,,,,,,,,O,,,,
jv299k.pdf,O,O,,,,,,,O,,,O,,,,,O,,,,
jv299s.pdf,O,O,,,,,,,O,,,,,O,,,O,O,,,
jv299v.pdf,O,O,,,,,,,O,,,,,O,,,O,,,,
jv300s.pdf,O,O,,,,,,,O,,,,,O,,,,,,,
jv305s.pdf,O,O,,,,,,,O,,,,,O,,,,,,,
jv310s.pdf,,O,,,,,,,,,,,,,,,,,,,
jv326infoc.pdf,,,,,,,,,,,,,,,,,,,,,
jv326infos.pdf,O,O,,,,,,,O,,,,,,,,,,,,
jv330c.pdf,O,O,,,,O,,O,,,,,,,,,,,,,
jv330k.pdf,O,O,,,,O,,O,O,,,,,,,,,,,,
jv330s.pdf,O,O,,,,,,,O,,,,,,,,,,,,
jv330v.pdf,O,O,,,,,,,O,,,,,,,,,,,,
jv350infos.pdf,,,,,,,,,,,,,,,,,,,,,
jv352infok.pdf,,,,,,,,,,,,,,,,,,,,,
jv352infos.pdf,,O,,,,,,,,,,,,,,,,,,,
jv352infov.pdf,,,,,,,,,,,,,,,,,,,,,
jv357s.pdf,O,O,,,,,,,O,,,,,O,,,,,,,
jv364s.pdf,,O,,,,,,,,,,,,,,,,,,,
jv365s.pdf,,O,,,,,,,,,,,,,,,,,,,
jv400s.pdf,,,,,,,,,,,,,,,,,,,,,
jv410s.pdf,,,,,,,,,,,,,,,,,,,,,
jv459as.pdf,,,,,,,,,,,,,,,,,,,,,
jv463s.pdf,,O,,,,,,,,,,,,,,,,,,,
jv464infoc.pdf,O,O,,,,O,,O,O,,,,,,,,,,,,
jv464infok.pdf,O,O,,,,O,,O,,,,,,,,,,,,,
jv464infos.pdf,O,O,,,,O,,O,O,,,,,,,,,,,,
jv464infov.pdf,O,O,,,,,,,O,,,,,,,,,,,,
jv500s.pdf,O,O,,,,,,,O,,,,,O,,,,,,,
jv501s.pdf,O,O,,,,,,,O,,,,,O,,,,,,,
jv505s.pdf,O,O,,,,,,,O,,,,,O,,,,,,,
jv520s.pdf,O,O,,,,,,,O,,,,,O,,,,,,,
jv530s.pdf,O,O,,,,,,,,,,,,,,,,,,,
jv531s.pdf,O,O,,,,,,,,,,,,,,,,,,,
jv535as.pdf,,O,,,,,,,,,,,,,,,,,,,
jv535infos.pdf,,O,,,,,,,,,,,,,,,,,,,
jv535s.pdf,,O,,,,,,,,,,,,,,,,,,,
jv536s.pdf,O,O,,,,,,,O,,,,,O,,,,,,,
jv537s.pdf,O,O,,,,,,,O,,,,,O,,,,,,,
jv539s.pdf,O,O,,,,,,,O,,,,,O,,,,,,,
jv540s.pdf,O,O,,,,,,,O,,,,,O,,,,,,,
jv550s.pdf,O,O,,,,,,,O,,,,,,,,,,,,
jv552s.pdf,O,O,,,,,,,O,,,,,,,,,,,,
jv575s.pdf,O,O,,,,,,,O,,,O,,O,,,O,,,,
jv580s.pdf,O,O,,,,,,,O,,,O,,O,,,O,,,,
jv590s.pdf,,O,,,,O,,O,O,,,,,,,,,,O,,
jv600s.pdf,,O,,,,,,,,,,,,,,,,,,,
jv610s.pdf,O,O,,,O,O,,,O,,,,,O,,,,,,,
jv611s.pdf,O,O,,,O,O,,,O,,,,,O,,,,,,,
jv615s.pdf,O,O,,,,,,,O,,,,,O,,,,,,,
jv618s.pdf,,O,,,,,,,,,,,,,,,,,,,
jv620s.pdf,O,O,,,,,,,O,,,,,O,,,,,,,
jv625s.pdf,O,O,,,,,,,O,,,,,,,,,,,,
jv635s.pdf,O,O,,,,,,,O,,,,,,,,,,,,
jv710s.pdf,,,,,,,,,,,,,,,,,,,,,
jv735s.pdf,O,O,,,,,,,O,,,,,,,,,,,,
jv740s.pdf,O,O,,,,,,,O,,,,,O,,,,,,,
jv750s.pdf,O,O,,,,,,,O,,,O,,O,,,O,,,,
jv755s.pdf,O,O,,,,,,,O,,,,,O,,,,,,,
jv790c.pdf,,,,,,,,,,,,,,,,,,,,,
jv790k.pdf,,O,,,,,,,,,,,,,,,,,,,
jv790s.pdf,,O,,,,,,,,,,,,,,,,,,,
jv792c.pdf,,,,,,,,,,,,,,,,,,,,,
jv792k.pdf,,O,,,,,,,,,,,,,,,,,,,
jv792s.pdf,,O,,,,,,,,,,,,,,,,,,,
jv800c.pdf,,O,,,,,,,,,,,O,O,,,O,,,,
jv800k.pdf,,O,,,,,,,,,O,,,O,,,O,,,,
jv800s.pdf,,O,,,,,,,,,,,,,,,,,,,
jv800v.pdf,,O,,,,,,,,,,,,,,,,,,,
jv805infos.pdf,,,,,,,,,,,,,,,,,,,,,
jv820c.pdf,,O,,,,,,,,,,,O,O,,,O,,,,
jv820k.pdf,,O,,,,,,,,,O,,,O,,,O,,,,
jv820s.pdf,,O,,,,,,,,,,,,,,,,,,,
jv820v.pdf,,O,,,,,,,,,,,,,,,,,,,
jv822s.pdf,,O,,,,,,,,,,,,,,,,,,,
jv826s.pdf,O,O,,,,,,,O,,,,,O,,,,,,,
la400a.pdf,,O,,,,,,,,,,,,,,,,,,,
la400c.pdf,,,,,,,,,O,,,,O,O,,,O,,,,
la400f.pdf,,O,,,,,,,,,,,,,,,,,,,
la400h.pdf,,,,,,,,,,,,,,,,,,,,,
la400k.pdf,,O,,,,,,,,,O,,,O,,,O,,,,
la400p.pdf,,O,,,,,,,,,,,,,,,,,,,
la400r.pdf,O,O,,,,,,,O,,,,,,,,,,,,
la400s.pdf,O,O,,,,,,,O,,,,,,,,,,,,
la400v.pdf,O,O,,,,,,,O,,,,,,,,,,,,
la450a.pdf,,O,,,,,,,,,,,,,,,,,,,
la450f.pdf,,O,,,,,,,,,,,,,,,,,,,
la450h.pdf,,,,,,,,,,,,,,,,,,,,,
la450k.pdf,,O,,,,,,,,,O,,,O,,,O,,,,
la450p.pdf,,O,,,,,,,,,,,,,,,,,,,
la450r.pdf,O,O,,,,,,,O,,,,,,,,,,,,
la450s.pdf,O,O,,,,,,,O,,,,,,,,,,,,
la450v.pdf,O,O,,,,,,,O,,,,,,,,,,,,
mc025s.pdf,O,O,,,,,,,O,,,,,O,,,,,,,
mc410c.pdf,,O,,,,,,,,,,,,,,,,,,,
mc410infoc.pdf,,O,,,,,,,,,,,,,,,,,,,
mc410infok.pdf,,O,,,,,,,,,,,,,,,,,,,
mc410infos.pdf,,O,,,,,,,,,,,,,,,,,,,
mc410infov.pdf,,O,,,,,,,,,,,,,,,,,,,
mc410k.pdf,,O,,,,,,,,,,,,,,,,,,,
mc410s.pdf,,O,,,,,,,,,,,,,,,,,,,
mc410v.pdf,,O,,,,,,,,,,,,,,,,,,,
mil100s.pdf,,O,,,,,,,,,,,,,,,,,,,
mil100v.pdf,,,,,,,,,O,,,,,,,,,,,,
nc400infoc.pdf,,,,,,,,,,,,,,,,,,,,,
nc400infok.pdf,,,,,,,,,,,,,,,,,,,,,
nc400infos.pdf,,,,,,,,,,,,,,,,,,,,,
nc400infov.pdf,,,,,,,,,O,,,,,,,,,,,,
ra010c.pdf,,O,,,,,,,,,,,,,,,,,,,
ra010k.pdf,,O,,,,,,,,,,,,,,,,,,,
ra010s.pdf,,O,,,,,,,,,,,,,,,,,,,
ra010v.pdf,,O,,,,,,,,,,,,,,,,,,,
ra015c.pdf,,O,,,,,,,,,,,,,,,,,,,
ra015k.pdf,,O,,,,,,,,,,,,,,,,,,,
ra015s.pdf,,O,,,,,,,,,,,,,,,,,,,
ra015v.pdf,,O,,,,,,,,,,,,,,,,,,,
ra020c.pdf,,O,,,,,,,,,,,,,,,,,,,
ra020k.pdf,,O,,,,,,,,,,,,,,,,,,,
ra020s.pdf,,O,,,,,,,,,,,,,,,,,,,
ra020v.pdf,,O,,,,,,,,,,,,,,,,,,,
rt100infoc.pdf,,,,,,,,,,,,,,,,,,,,,
rt100infok.pdf,,,,,,,,,,,,,,,,,,,,,
rt100infos.pdf,,,,,,,,,,,,,,,O,,,,,,
rt120infoc.pdf,,,,,,,,,,,,,,,,,,,,,
rt120infok.pdf,,,,,,,,,,,,,,,,,,,,,
rt120infos.pdf,,,,,,,,,,,,,,,O,,,,,,
rt120infov.pdf,,,,,,,,,O,,,,,,,,,,,,
sc100infos.pdf,,O,,,,,,,,,,,,,,,,,,,
sc104ck.pdf,,,,,,,,,,,,,,,,,,,,,
sc104cs.pdf,,,,,,,,,,,,,,,,,,,,,
sc104cv.pdf,,,,,,,,,O,,,,,,,,,,,,
sc136infoc.pdf,,,,,,,,,O,,,,,,,,,,,,
sc136infok.pdf,,,,,,,,,,,,,,,,,,,,,
sc136infos.pdf,,,,,,,,,,,,,,,,,,,,,
sc136infov.pdf,,,,,,,,,O,,,,,,,,,,,,
sc200infoc.pdf,,,,,,,,,,,,,,,,,,,,,
sc200infok.pdf,,,,,,,,,,,,,,,,,,,,,
sc200infos.pdf,,,,,,,,,,,,,,,O,,,,,,
sc200infov.pdf,,,,,,,,,O,,,,,,,,,,,,
ser001ac.pdf,,,,,,,,,,,,,,,,,,,,,
ser001ak.pdf,,,,,,,,,,,,,,,,,,,,,
ser001as.pdf,,,,,,,,,,,,,,,,,,,,,
ser001av.pdf,,,,,,,,,O,,,,,,,,,,,,
ser001c.pdf,,,,,,,,,,,,,,,,,,,,,
ser001k.pdf,,,,,,,,,,,,,,,,,,,,,
ser001s.pdf,,O,,,,,,,,,,,,,,,,,,,
ser001v.pdf,,,,,,,,,O,,,,,,,,,,,,
sum100k.pdf,,,,,,,,,,,O,,,O,,,O,,,,
sum100s.pdf,,,,,,,,,,,,,,,,,,,,,
sum100v.pdf,,,,,,,,,,,,,,,,,,,,,
sum130c.pdf,,,,,,,,,,,,,,,,,,,,,
sum130k.pdf,,,,,,,,,,,,,,,,,,,,,
sum130s.pdf,,,,,,,,O,,,,,,,,,,,,,
sum130v.pdf,,,,,,,,,O,,,,,,,,,,,,
sv715c.pdf,,,,,,,,,,,,,,,,,,,,,
sv715k.pdf,,,,,,,,,,,,,,,,,,,,,
sv715s.pdf,,,,,,,,,,,,,,,,,,,,,
sv715v.pdf,,,,,,,,,O,,,,,,,,,,,,
sv716c.pdf,,,,,,,,,,,,,,,,,,,,,
sv716k.pdf,,,,,,,,,,,,,,,,,,,,,
sv716s.pdf,,,,,,,,,,,,,,,,,,,,,
sv716v.pdf,,,,,,,,,O,,,,,,,,,,,,
tr200c.pdf,,,,,,,,,,,,,,,,,,,,,
tr200s.pdf,,,,,,,,,,,,,,,,,,,,,
tr200v.pdf,,,,,,,,,O,,,,,,,,,,,,
tr300s.pdf,,,,,,,O,,,,,,,,,,,,,,
tr310s.pdf,,,,,,,O,,,,,,,,,,,,,,
tr320c.pdf,,O,,,,,,,,,,,,,,,,,,,
tr320k.pdf,,O,,,,,,,,,,,,,,,,,,,
tr320s.pdf,,O,,,,O,,,,,,,,,,,,,,,
tr320v.pdf,,O,,,,,,,O,,,,,,,,,,,,
tr321c.pdf,,,,,,,O,,,,,,,,,,,,,,
tr321k.pdf,,,,,,,,,,,,,,,,,,,,,
tr321s.pdf,,O,,,,,,,,,,,,,,,,,,,
tr321v.pdf,,,,,,,O,,O,,,,,,,,,,,,
ud105s.pdf,,O,,,,,,,,,,,,,,,,,,,
ud110hs.pdf,,,,,,,,,,,,,,,,,,,,,
ud110s.pdf,,,,,,,,,,,,,,,,,,,,,
wg002c.pdf,,,,,,,,,,,,,,,,,,,,,
wg002k.pdf,,,,,,,,,,,,,,,,,,,,,
wg002s.pdf,,,,,,,,,,,,,,,,,,,,,
wg002v.pdf,,,,,,,,,O,,,,,,,,,,,,
wg003c.pdf,,,,,,,,,,,,,,,,,,,,,
wg003k.pdf,,,,,,,,,,,,,,,,,,,,,
wg003s.pdf,,O,,,,,,,,,,,,,,,,,,,
wg003v.pdf,,,,,,,,,O,,,,,,,,,,,,
wg004c.pdf,,,,,,,,,,,,,,,,,,,,,
wg004k.pdf,,,,,,,,,,,,,,,,,,,,,
wg004s.pdf,,,,,,,,,,,,,,,,,,,,,
wg004v.pdf,,,,,,,,,O,,,,,,,,,,,,
wg022c.pdf,,,,,,,,,,,,,,,,O,,,,,
wg022k.pdf,,,,,,,,,,,,,,,,,,,,,
wg022s.pdf,,,,,,,,,,,,,,,,,,,,,
wg022v.pdf,,,,,,,,,O,,,,,,,,,,,,
wg030c.pdf,,,,,,,,,,,,,,,,,,,,,
wg030k.pdf,,,,,,,,,,,,,,,,,,,,,
wg030s.pdf,,,,,,,,,,,,,,,,,,,,,
wg030v.pdf,,,,,,,,,O,,,,,,,,,,,,
wv100infoc.pdf,,,,,,,,,,,,,,,,,,,,,
wv100infok.pdf,,,,,,,,,,,,,,,,,,,,,
wv100infos.pdf,,,,,,,,,,,,,,,O,,,,,,
wv100infov.pdf,,,,,,,,,O,,,,,,,,,,,,
wv100k.pdf,,,,,,,,,,,,,,,,O,,,,,
wv100s.pdf,,,,,,,,,,,,,,,,,,,,,
wv100v.pdf,,,,,,,,,O,,,,,,,,,,,,
wv109c.pdf,,,,,,,,,,,,,,,,,,,,,
wv109k.pdf,,,,,,,,,,,,,,,,,,,,,
wv109s.pdf,,,,,,,,,,,,,,,,,,,,,
wv109v.pdf,,,,,,,,,O,,,,,,,,,,,,
wv110c.pdf,,,,,,,,,,,,,,,,,,,,,
wv110k.pdf,,,,,,,,,,,,,,,,,,,,,
wv110s.pdf,,,,,,,,,,,,,,,,,,,,,
wv110v.pdf,,,,,,,,,O,,,,,,,,,,,,
wv115c.pdf,,,,,,,,,,,,,,,,,,,,,
wv115k.pdf,,,,,,,,,,,,,,,,,,,,,
wv115s.pdf,,,,,,,,,,,,,,,,,,,,,
wv115v.pdf,,,,,,,,,O,,,,,,,,,,,,
wv116c.pdf,,,,,,,,,,,,,,,,,,,,,
wv116k.pdf,,,,,,,,,,,,,,,,,,,,,
wv116s.pdf,,,,,,,,,,,,,,,,,,,,,
wv116v.pdf,,,,,,,,,O,,,,,,,,,,,,
wv120c.pdf,,,,,,,,,,,,,,,,,,,,,
wv120infoc.pdf,,,,,,,,,,,,,,,,,,,,,
wv120infok.pdf,,,,,,,,,,,,,,,,,,,,,
wv120infos.pdf,,,,,,,,,,,,,,,O,,,,,,
wv120infov.pdf,,,,,,,,,O,,,,,,,,,,,,
wv120k.pdf,,,,,,,,,,,,,,,,,,,,,
wv120s.pdf,,,,,,,,,,,,,,,,,,,,,
wv120v.pdf,,,,,,,,,O,,,,,,,,,,,,
wv130c.pdf,,,,,,,,,,,,,,,,,,,,,
wv130k.pdf,,,,,,,,,,,,,,,,,,,,,
wv130s.pdf,,,,,,,,,,,,,,,,,,,,,
wv130v.pdf,,,,,,,,,O,,,,,,,,,,,,
wv610c.pdf,,,,,,,,,,,,,,,,,,,,,
wv610k.pdf,,,,,,,,,,,,,,,,,,,,,
wv610s.pdf,,,,,,,,,,,,,,,,,,,,,
wv610v.pdf,,,,,,,,,O,,,,,,,,,,,,
wv715c.pdf,,O,,,,,,,,,,,O,O,,,O,,,,
wv715k.pdf,,O,,,,,,,,,O,,,O,,,O,,,,
wv715s.pdf,,,,,,,,,,,,,,,,,,,,,
wv715v.pdf,,O,,,,,,,,,,,,,,,,,,,
wv716c.pdf,,O,,,,,,,,,,,O,O,,,O,,,,
wv716k.pdf,,O,,,,,,,,,O,,,O,,,O,,,,
wv716s.pdf,,,,,,,,,,,,,,,,,,,,,
wv716v.pdf,,O,,,,,,,,,,,,,,,,,,,
wv800infos.pdf,,,,,,,,,,,,,,,,,,,,,
wv800s.pdf,,,,,,,,,,,,,,,,,,,,,
